# Qwen3.8 MTP reduced draft vocabulary: token ids, most frequent first (control tokens first). 10735256 tokens counted.
248044 248045 248046 248047 248048 248049 248050 248051 248052 248053 248054 248055 248056 248057 248058 248059
248060 248061 248062 248063 248064 248065 248066 248067 248068 248069 248070 248071 248072 248073 248074 248075
248076 198 11 15 16 220 17 283 262 279 285 18 1116 26 21 8
19 271 318 1174 641 309 313 23 328 314 516 397 348 20 321 980
62 713 310 303 333 50285 264 58 2581 388 12 514 476 87 54802 25
82 24 364 413 434 478 7 22 307 487 13 60 77 554 585 594
493 557 369 76 22464 359 460 606 343 681 561 67 85 31 1 1259
2212 4051 430 736 471 72 2291 421 361 440 383 8705 539 9802 5722 10333
2200 69 1407 625 695 92 847 697 808 5098 785 2153 535 2069 1331 390
30858 256 494 80 16122 2715 2535 593 3693 42743 274 1102 12952 437 3403 3431
976 646 29 48 506 580 16159 696 357 424 38681 1089 867 417 984 1267
1756 1352 1105 90448 3802 780 90 524 2501 816 906 304 363 957 54962 70
5150 7267 27 653 81 44 14705 638 998 3129 1088 9557 4546 381 74 830
989 295 449 715 745 2061 13985 17541 436 931 8268 3645 735 513 6759 4207
5986 5458 12756 2424 1321 6613 6533 864 551 1054 37 11442 320 8207 498 733
33 11458 39992 1167 995 65 1373 652 1558 9 1079 466 3163 1744 53 7530
13509 2754 804 2964 1203 3506 280 1911 3109 18601 1463 889 281 411 1343 2163
578 272 257 406 1644 1968 64 259 492 10673 4885 853 1118 1032 1387 3687
907 763 293 1063 292 1224 42 1548 79 35 834 71 3317 2416 788 4795
795 2542 682 445 46369 14 12866 710 15167 803 1824 3620 2390 2933 694 60593
9823 673 38 2654 50 799 25502 4876 15795 32 3333 1639 6000 836 2502 1210
45 950 1141 5500 447 1469 967 871 1707 86254 27896 698 648 599 835 1048
1317 84 1591 4047 1870 345 7031 1145 2073 7073 1139 66 1453 9981 2648 1122
577 1117 1148 548 32015 31276 16236 1451 53303 1791 3524 14280 1200 83 680 1024
260 2168 978 2276 10630 1330 4224 36 36840 462 337 93720 91585 2377 374 621
636 1718 2516 879 7408 290 2713 913 8931 605 6489 660 1083 1708 56490 284
2258 2797 5046 353 3625 781 1067 765 13808 34 9705 1132 491 10269 4612 286
1238 1064 1992 19455 4327 18583 25516 958 854 975 91 852 21001 1316 326 40229
20363 972 1393 1216 9566 14545 55 4293 24154 18648 869 370 14312 615 1153 75
6276 3033 20302 13039 5281 324 2406 1143 20667 1411 319 3040 5878 40139 2072 948
30095 6096 1590 4747 3962 43 3112 18912 723 7708 50912 1049 6677 4040 2387 77470
380 2518 38170 777 15199 68 34005 1345 7251 12604 6144 1494 888 21806 1000 685
6892 351 53281 4129 628 13525 1104 10738 748 2801 261 12316 49620 6256 338 86760
88 3079 8010 629 1779 1611 6701 4364 14071 5062 2357 3545 5920 670 2410 8159
3681 5135 729 273 884 68572 3421 443 427 2468 32784 86 20951 2270 1528 37049
716 39629 517 1429 5340 29273 3764 18920 21563 4493 26014 4206 1193 2261 2576 7563
1926 1901 426 1510 687 23402 791 29456 874 537 75021 6031 1061 529 1056 1609
809 10055 469 4244 1866 327 17067 1292 22524 10474 1881 266 6581 15144 29211 76192
41973 39778 730 17878 883 9046 401 9703 508 1379 378 41179 2250 591 4100 13166
994 306 1746 1734 3817 1384 553 5715 4165 414 2031 1404 53937 1518 1070 2736
2843 9727 28 503 420 1358 10 70986 87930 1293 925 27966 1581 11198 20022 3906
10497 2997 6020 51046 28217 632 65706 4011 63 56723 2448 1667 1324 29926 1332 457
2721 3459 9954 1879 296 8403 833 9966 6592 2702 25299 1455 944 564 12164 6018
2007 1749 43750 919 592 28308 892 288 5996 1801 3098 1754 1010 1818 15702 1179
5854 1788 69832 973 1630 1679 387 1680 9907 6696 73 40 43679 2107 2739 4961
604 82251 38718 7824 9186 13933 1848 4680 1889 2564 42023 14116 1025 1652 33191 1007
5553 1146 1151 1572 1483 2136 1030 42229 1602 15006 15594 55120 2018 5319 4037 850
1017 1472 1892 1669 2 12546 2021 382 2255 1727 1189 1201 2857 80992 12609 263
16378 2470 3938 4139 6090 1650 1142 70338 9858 1578 83056 784 55209 2706 9696 549
4431 52954 9420 5164 18029 19783 275 567 3009 23775 807 2484 33030 15278 2962 2378
355 13204 1478 6021 6937 10885 3878 7980 2551 8647 6961 3445 3950 7766 17574 5292
287 2272 3750 22009 25214 2583 1335 26162 258 4799 497 34347 11167 269 668 350
25756 30812 1575 974 4285 4922 1097 985 6711 12055 1748 1243 10931 24401 1248 1771
16551 396 6 1250 1599 7333 4075 1446 14872 2971 6761 1803 423 78 4383 5924
267 28867 31062 8119 276 1608 1500 20923 302 10005 2215 635 866 1752 2615 1172
2943 1385 2559 1439 9167 1577 16451 26777 999 10984 6287 8386 62181 7033 33149 311
1065 703 9251 9363 3516 8393 28755 640 4589 719 5945 633 3181 886 2231 27608
15089 8905 1822 1328 10302 9018 3586 20257 48563 2020 3042 4486 1236 3074 47789 13258
4618 9176 22039 1103 2075 1389 13699 27477 3773 2566 2512 41378 3679 11540 4471 959
4805 10134 1137 977 3204 7782 2723 46609 10123 59304 1242 5527 17209 13746 1521 18106
2980 2078 17963 33893 5224 27211 3842 336 5820 1362 4023 10524 3988 35178 6297 701
58807 1809 9645 569 1290 1844 14373 2193 1511 9381 5058 1040 6507 1753 533 4425
54 32313 18615 3371 8961 1074 2430 3289 10223 19913 3521 3947 6633 6398 2127 4671
13812 7797 1534 409 927 428 90048 34422 8239 1110 291 4005 10665 2334 1018 3442
15277 3960 3567 1009 16593 47 496 1902 1761 278 29542 26993 1467 1784 73709 4748
2614 3075 4528 17374 18118 13171 55609 446 898 2343 7649 13053 3177 3055 5698 7607
1327 9633 73219 1452 2205 5386 2302 11361 2002 2663 1212 3349 1700 1502 5208 600
30867 1496 2332 20365 19646 1441 44572 37775 18383 2838 53277 20465 52 12309 50752 1834
299 1786 2184 12754 2982 2047 1658 30909 36988 4133 3378 1971 2011 24330 14118 25130
51556 21124 17424 7392 6900 1035 3410 579 2094 4911 1542 45649 3114 18191 5868 45704
4891 3629 89 2798 17932 7714 28770 829 44147 2423 1208 3312 490 6645 3886 2015
639 6523 27472 19111 5495 2394 2554 5963 4213 48592 2199 1120 3464 28254 4941 596
2510 12877 7402 268 94441 16793 25204 14596 5748 1381 88732 2353 2048 5639 50078 8378
3394 23317 74451 2117 3889 9714 458 2307 7628 5781 1690 14992 55409 5922 6982 8685
5930 1220 3544 16562 5246 5255 4779 1428 1261 9431 402 727 1015 504 4196 46792
265 5575 2526 5364 3018 4097 5667 3101 88308 12204 17062 3035 488 5508 375 13914
4490 26900 1092 1698 367 19398 2785 6122 77952 393 6214 2972 41750 71093 4368 45978
1785 4477 39 1765 560 10930 1733 2400 769 5029 2571 1973 1461 2135 5361 15662
3816 1445 1638 31351 10816 8125 298 19193 1262 88274 51 7136 588 372 21733 6536
339 5737 1906 8556 2483 9410 4634 2275 7021 1133 4843 4016 429 4042 900 1257
1990 6281 78322 13596 2397 4152 1077 8808 2243 53773 4435 1228 667 50622 3175 1471
13652 1380 24354 15411 18184 15952 15644 10535 11071 1066 7789 13611 49534 4725 7246 5741
8152 344 4653 300 391 3845 14453 1412 2123 2361 6942 1466 33831 4761 1414 6324
1857 22848 782 1144 3542 3738 920 44424 2677 68312 15606 1691 1438 2407 6141 5617
301 4956 849 9897 5947 3238 3980 6518 1546 331 21564 3095 2507 5457 5589 1802
9221 1043 18002 5064 3150 622 1666 39737 2381 6251 951 1562 2144 9140 24837 6803
464 2086 11615 6521 15016 1420 17314 12759 234 35778 1442 17587 57589 31572 1503 2716
1782 6688 5632 11002 2100 5119 2234 1432 2675 6725 12480 15248 3364 3808 6009 10518
15146 25257 2099 1473 1899 18562 3288 1068 86064 8228 49684 4121 5780 13646 5869 386
2957 12994 8648 9169 7598 3090 32462 7643 4 1724 2902 2506 1301 1085 21452 5305
7147 38325 6323 4590 5297 3200 2046 23075 1925 4691 5653 13224 996 11542 3008 70490
1593 3025 3739 3696 10132 34558 8636 323 11185 20508 2236 1304 15604 4370 62149 9543
6057 9514 6492 14855 3340 42174 4688 1965 1855 59348 52965 1989 3983 400 294 721
877 1005 7260 22512 1954 10866 3043 1817 4185 25171 2233 10884 64146 5646 1814 2201
6443 1245 19794 14802 50222 2428 329 20467 1560 2919 44776 15408 189551 2532 3712 3771
5282 2859 354 1090 41 4406 4170 5725 5133 4778 8210 38138 54084 2936 8753 2678
3595 5753 13026 15759 5911 5158 312 2673 31686 2299 13071 316 714 27633 3113 1942
26669 2830 472 7321 2784 1845 982 21604 16971 3078 5775 4535 3478 3443 60612 46841
4893 1258 1344 68632 9640 22076 2629 92550 1100 9341 4722 347 1369 11329 8896 82377
837 12088 3730 14465 4397 69961 1283 4520 69475 7481 45388 1406 1495 1423 4497 1831
4128 408 786 52105 10275 64423 7696 87342 5175 21282 13766 13042 3648 55864 2124 2235
10629 3428 4595 73234 559 20167 17546 8623 29302 448 5879 8240 1249 5904 41024 2342
1370 6830 8469 5970 470 64538 15342 3568 2496 5893 9665 13201 49520 2984 6306 1433
2450 59 12825 12076 352 709 2942 3505 15992 9301 30847 3357 18960 3165 6391 3555
4031 3571 9310 6163 3052 7153 2693 3274 2574 40049 6576 6411 16336 6326 3384 6667
1334 2044 6715 8323 3683 3131 2006 5176 6642 793 7532 3577 13685 1951 33204 66324
13725 4000 14152 8795 5071 4501 14078 6182 2724 10116 821 4906 5 23238 8044 4946
875 13749 523 8308 3512 4473 6561 7302 840 10311 8015 23636 5015 2643 13787 4895
547 1396 2912 2186 41807 4265 11338 882 5467 3689 1053 6634 1121 11126 5344 16912
37056 2029 2279 7839 81726 18347 2192 29832 34098 17720 8992 3130 21473 1060 565 686
79852 349 1655 17096 90948 2582 4673 2612 2444 12824 10467 40923 8026 10217 5882 5443
21145 4216 5972 3255 5955 3627 936 4380 1543 44116 7644 2131 1240 20899 14074 11847
52066 4611 805 9070 15650 4896 1484 3439 34157 1628 8677 2748 65446 2880 3753 330
10804 2515 13904 42771 3959 9422 2756 8551 4283 10022 11541 6742 6406 59182 308 855
7810 6951 72444 4004 659 18119 4917 903 3510 21236 7813 37809 6135 10663 69441 5599
10235 15622 28920 5215 1436 15480 1310 362 75180 2475 3492 2166 277 77244 2557 4193
6079 58405 1204 3728 914 38002 8873 4120 12017 13069 8683 3646 39286 16261 1165 26259
8428 2467 7770 5743 4082 5206 6971 7827 7165 5284 6160 22091 23233 18983 18247 6348
5488 2257 485 7645 5306 9979 8177 5223 28998 58267 2420 1509 41925 627 9217 5533
8983 4588 68354 7322 3322 2251 38155 4346 2074 51072 1368 2552 5097 939 2812 10169
46671 2426 5492 20567 947 9222 15891 2958 3636 3895 10306 813 3010 1622 918 76366
6280 35821 572 1946 463 5384 1307 9767 3919 4417 94873 4800 32920 1615 4851 4759
7107 3350 887 11607 6447 14251 1417 2985 88194 55771 4081 10836 3146 2119 8379 1234
12180 13540 2945 1820 3278 1300 2911 13573 11250 21119 542 2083 9471 2836 70203 2599
2691 21252 7547 47959 24566 3140 16247 35302 2741 3388 2703 8892 3154 2895 18466 2660
335 2923 7586 9461 4275 3063 325 1532 24300 5788 4237 49 8319 25004 5627 4171
7141 505 11640 21966 3807 3354 778 1440 8566 1770 16884 5502 1916 418 6092 74183
10661 6907 53038 5157 51319 1675 3046 3081 3935 4448 31354 17199 1391 6136 24894 13359
552 17972 3694 6891 2821 1852 18997 3023 45542 29239 9411 19872 6974 334 19081 6241
40956 2311 9455 31735 4965 403 27313 7515 4994 84209 2349 9272 6835 624 6823 1970
23023 5587 4874 4221 10036 3376 2823 1209 4257 1876 48818 29139 84130 7633 6600 7376
79604 14227 1595 16211 6133 1827 1150 704 1425 4071 3272 4599 3429 10345 12732 13981
43765 12208 20447 22838 15018 7840 6924 7552 753 14051 7888 2894 2646 68767 58855 14258
7289 5081 1716 38489 880 23690 10553 21976 11662 2316 5037 5387 6278 3579 12889 74656
3727 2187 2645 2892 3250 2319 16569 14145 3051 924 3294 5728 14505 1058 895 20243
9750 1170 3108 6273 1623 1012 8071 3166 3019 52901 4803 24542 5090 11590 3915 10383
14816 4022 528 31626 41900 24049 2590 1044 1114 4381 1435 5429 11026 997 4202 1647
6616 2174 33579 8805 3525 8491 6016 419 27424 2929 12069 8209 5459 5039 29397 3160
7371 2089 2600 473 2388 5493 11434 4620 17450 1953 1364 59267 11836 46374 3804 1799
50252 3405 2336 4138 1936 483 13773 24777 647 5861 5367 2699 1021 6539 26404 10847
706 5435 18398 32675 4158 3565 1394 3106 21541 332 38408 24531 77320 1996 1720 4563
10392 39302 49996 4162 6040 762 6744 5658 4078 7555 3559 509 16626 14380 2858 2374
7230 2796 6764 7087 1923 631 75136 19310 5910 7303 13717 5409 9599 9409 80058 1159
12391 8635 1723 34024 8398 3766 8613 6075 5979 7025 3672 6228 56 5068 8205 48213
5210 3433 1603 7832 5530 4801 3745 3680 614 7854 33324 13724 3658 379 5578 3756
29656 2556 84550 5243 9254 9376 442 2112 11665 55788 3481 6617 13636 1898 9666 4788
28739 30150 2164 6836 712 6298 84072 5038 761 50129 7172 8357 14473 39870 783 6187
3102 2961 7503 19900 7155 20607 23290 70556 9537 9478 4754 10674 2204 4092 2141 30394
90174 12492 536 4937 4487 4292 3798 13753 8725 728 901 3603 2304 841 1395 50415
8914 58740 12054 25857 5832 2172 17216 18772 4182 3619 14195 4751 9207 1673 2148 890
55158 3920 2545 16060 17555 2926 21144 4598 14634 1272 3701 87330 14067 11183 7002 752
4873 1126 12982 73801 3594 16759 3497 4437 3611 6110 32445 20370 15881 1783 5471 7096
22085 7461 6113 4284 7931 6901 6304 78258 8213 7190 8771 2113 10027 1402 2914 4192
3387 9467 7426 5089 1736 34451 30463 7222 9571 22291 10544 40527 9495 5134 1985 2267
669 40276 3929 5020 9434 2315 4021 2900 4702 2725 3000 4625 2286 10562 12552 18685
8866 10415 39242 12830 2313 3818 50901 30 11264 6212 6295 90484 5252 43342 17788 31902
12638 7168 9338 3892 26488 30300 1865 5759 2842 942 3299 17531 12606 9788 15656 482
5600 4188 2531 598 5915 6768 3955 2790 47059 75463 14082 14003 63576 36630 2931 3096
7167 1957 65585 9297 9919 5642 1027 22426 22998 6320 642 394 9998 1156 21993 4661
5614 72115 11018 11559 10747 48699 20615 1943 3677 10095 35165 13992 10401 11312 3972 7398
486 8950 11400 6584 12529 571 1846 3676 11092 7807 2222 5849 806 2548 8978 37700
4794 15667 7796 385 7202 1254 6707 5394 13391 92711 4357 2944 1778 9731 3777 5312
541 7434 7125 5145 5323 21928 12974 20852 29958 53385 80313 5774 6206 6426 315 5383
12421 8728 25958 62414 4314 2393 3835 1217 31172 5271 7526 1867 2597 738 2482 8074
71136 4409 10373 2206 10612 36962 5070 81369 8545 9087 4945 1059 2085 11684 31509 15969
8560 6469 4732 5898 8524 4927 5365 11252 7370 2213 11668 45487 4325 9817 14835 2806
6351 3397 6575 512 4763 42105 70698 38783 5442 4220 71862 1676 3213 63016 4434 2280
7320 8845 846 10920 20477 8662 570 4393 20452 11918 57542 6635 8660 4124 15717 6728
10277 25148 5028 7225 6249 31708 4396 4322 9428 6483 4570 3668 4776 5626 14573 3721
7121 2159 23477 6757 6505 4621 7277 31286 1295 540 11267 1447 708 8137 12386 5843
10840 3553 3133 6895 5339 2577 4147 41100 14475 15015 7075 17269 4441 4309 28070 14953
3626 6700 856 12021 5381 5369 18149 5022 4920 10182 28410 77393 32410 5335 7716 63978
13697 40588 33984 1130 22218 3788 4557 602 35920 6787 11673 3495 2850 3127 15236 77862
7300 14338 8798 3605 25882 1459 5165 10039 3623 49878 4416 9238 13730 21202 25681 70153
11469 20838 22613 32344 29313 36892 78991 42750 3462 3162 1924 3425 4989 21670 13506 1880
289 6127 3644 6990 1176 1686 1152 19401 7896 1182 3319 69211 1742 42024 15083 6676
1287 1305 12640 36376 5400 16065 5008 18521 50967 8358 18612 44564 87160 37371 8306 4577
6953 6436 46 923 65832 10771 6056 16586 8454 30719 83241 10190 1124 16682 926 4924
8591 14045 3456 15853 14783 3749 25284 2610 18921 11222 20619 10218 10390 3944 10394 14531
81374 33822 3050 519 13167 89879 4093 8513 282 4643 22006 450 1777 21678 8557 26534
12133 7695 9290 4335 1076 34133 12200 11128 14367 595 18788 1052 366 64258 13962 4674
5995 9565 346 587 810 4744 815 3501 15384 2733 5721 16392 7261 1091 7875 22234
17861 10339 62758 10806 3914 12215 18705 8680 11229 40933 10404 2708 4341 8843 17631 13299
4064 24752 7587 64679 36760 4145 9303 11386 17809 550 15872 32974 4307 558 8446 5315
9191 24102 2413 1354 61433 38169 495 4203 5144 6476 5168 28463 581 3482 8198 9801
3813 3979 5734 767 15511 26067 77869 38378 33667 15455 29786 43265 8334 365 3725 1308
10305 28983 11076 58751 35787 6237 3315 902 31520 17636 34419 17359 162754 4246 908 23607
156532 1149 73516 14587 20877 1927 28919 28718 4526 6886 14208 3697 16014 27084 21472 7191
11963 18713 3805 77237 51338 2197 2438 1173 6811 2308 49675 2852 2854 2404 3436 5611
16863 4125 6946 23825 626 9197 17550 51031 37827 81231 26808 8934 4609 38387 2573 8693
525 832 1849 50933 35172 11324 1900 2493 6741 3191 2036 5132 52340 8166 6683 3790
9738 3736 2969 2818 29386 4177 19025 6061 3708 27433 59300 8578 4496 7687 1928 20394
27562 5469 3480 3059 2160 73555 14794 3504 35226 14525 2182 692 342 5655 1350 1956
7444 14993 21189 12300 43770 4613 6722 3300 1162 4942 15593 2738 20889 1313 10694 5801
24386 26502 35344 44023 4566 477 4970 4130 12572 5289 8029 3307 1702 12927 40253 73093
7381 25322 4821 562 17187 4864 49766 1728 384 5870 61620 8958 452 8826 6157 4706
8881 5300 2253 10672 12167 17241 12633 8733 6177 27625 3631 9253 2445 17075 1375 2873
10542 6730 35087 1163 8759 10979 41055 24555 38147 25062 1657 5129 6572 32836 6650 3256
7772 4619 27327 39103 9159 17375 14861 4483 1134 1318 5871 25543 83849 33635 10452 11488
2070 2321 823 881 23826 3360 1284 11909 36831 965 6197 5918 4507 8872 8882 843
8261 2019 3851 7920 2359 5491 1787 3888 17942 7166 13255 3992 3145 358 19044 3535
88193 13605 10580 21746 191663 85473 6973 2305 11192 5586 29785 12160 2149 1401 988 14212
6535 8645 74384 23044 48167 7460 916 6349 8608 2921 10418 4833 2000 6362 1999 2731
12283 6644 15135 15449 9386 12789 4774 1612 24095 2732 5385 29663 1646 11920 17097 3515
9398 20499 16871 9098 68710 8221 84247 6941 479 6745 6526 10077 1722 82637 72108 13857
55268 9635 1830 3267 2333 2091 9110 74649 4460 9367 63619 27406 40468 10838 3254 3945
9296 13721 6198 4181 31712 52759 7502 678 2844 10785 2631 6350 691 37232 15124 16809
12559 8075 4094 33545 10072 6669 5802 3809 1526 8434 6414 14629 8625 2477 7561 16469
48632 41046 56761 11837 7677 11074 3125 8552 4897 1940 3342 6316 8094 3561 4523 15492
8058 1877 12502 10837 14215 19867 17152 1489 11292 14661 19510 3956 12840 5597 322 5449
7683 253 3662 14535 15843 55274 43337 8387 3060 3558 10607 6791 654 1576 911 26755
13457 11722 3036 30952 10379 4642 7157 8727 5839 45099 1626 5604 35871 77586 22927 1882
25020 6511 20188 3520 1140 444 17492 27044 12743 31690 2671 35247 55552 47890 5146 6325
2809 27755 30390 1323 1921 11921 27927 5242 23530 7072 3799 94 6286 10666 2050 6397
5142 1937 499 27782 1864 4697 12736 3863 11413 17150 14016 8156 3286 5576 4222 4062
3498 1792 5659 7506 17472 12097 1637 15979 22044 8193 2320 11136 11331 4829 3471 18060
2297 8330 5324 16416 5794 35242 4241 72877 32925 3602 1475 5833 5106 3874 1587 2491
1367 2987 9192 25243 19175 12423 16056 5031 9754 8746 23212 4420 4205 38061 2864 3990
8129 7035 11148 5497 55047 4109 55943 6878 16502 9607 6365 13626 7806 13234 1253 4868
1506 54539 8959 63261 19635 52230 12805 6222 10776 10721 6807 801 8120 10158 11491 3022
16398 58310 4351 22257 63180 12244 7063 13003 14827 4860 416 4886 8020 11549 21955 9202
20112 19868 9423 14813 3598 25885 7664 18463 5307 16508 45397 10152 74455 5265 451 6966
1550 1390 13514 3369 69473 12306 14097 12058 19424 5732 3311 2528 757 6625 8699 2953
2560 30508 29429 949 2195 50436 13628 9871 16796 305 2977 75593 19120 10315 4935 12847
5073 3820 1798 4967 10782 61369 20759 0 7621 10696 5054 4007 1004 3017 22474 8906
6639 5212 4565 7960 19290 68163 10060 50361 54953 40681 12338 6421 3460 70215 5326 722
5216 4306 46957 13470 27738 87423 4918 8854 8439 3135 1719 9287 4255 905 30398 18410
16691 1535 19402 6059 656 17642 3487 13077 1482 1755 50178 38196 3430 27907 160740 10539
10287 14005 2763 16808 17313 5272 398 40699 19018 39968 75058 5834 7117 3222 4142 9575
14496 2624 5701 5096 17669 83708 2829 12366 9512 29820 17580 9146 3356 95566 6662 19881
25640 1610 39996 83858 760 25170 4564 7852 7436 4839 1371 467 3572 16738 19053 6126
11957 92813 19632 5544 9712 19591 63957 2792 8602 3921 7350 12671 24337 1764 7334 16772
9724 7307 5148 4682 441 3136 5372 17175 4191 3232 14242 25716 12224 22559 432 5634
5799 29567 18017 21811 9504 60122 7479 1188 4947 4374 1740 4950 30217 532 14971 2456
5406 16754 5263 28586 6124 3490 2022 7099 4472 7701 32699 3296 1218 4880 1994 10362
7723 8521 7424 5402 11004 8953 2331 10550 10141 6992 4019 23735 3391 11481 9082 37457
9536 9711 1918 340 5887 19470 16401 13267 24668 10800 14161 5111 6763 39736 27737 12623
18078 5154 8252 2088 15484 3669 4862 468 620 5117 7557 248 76498 5076 36867 11948
7604 3655 4276 2521 4105 67614 13187 6151 22153 37673 65119 21107 10012 85365 7869 14503
19729 7786 663 35058 11573 8079 2813 12202 1715 2298 2662 39539 77089 13979 13464 4998
9938 20364 24303 3641 3612 12954 5121 12211 12473 9328 17238 6747 17264 9101 13375 10321
9728 986 2369 7497 1541 750 689 15049 25903 992 2037 10094 4532 4852 9890 2783
5395 4268 11330 2647 6007 5418 7062 5484 7450 18038 3122 8516 4010 27325 35832 8618
7094 3302 6857 7629 6775 9721 4954 1505 8964 6043 8392 787 6801 7800 24223 17272
82207 30885 41571 18492 4752 8421 11188 7366 2478 4952 49211 6554 11486 47634 2372 46904
19776 3989 14210 3039 3253 5964 3117 6376 3372 4478 8801 7698 7112 3514 3954 17118
10582 8394 7463 8190 2185 4342 11960 5427 6066 9964 3235 13741 16442 51012 19567 21858
1353 7803 12908 1298 10723 2503 8751 5426 1683 734 12963 4179 3381 4549 18614 35908
30973 71647 12530 13004 8833 11291 1519 2973 5629 917 5652 1856 14683 53612 13982 1806
6440 4099 6826 4238 9163 1366 6149 6369 19121 43120 8827 1958 12811 8652 3529 11815
22537 7003 2586 4711 7842 8476 2993 3814 27366 13976 29696 8462 38490 27263 14012 9324
11550 7036 5551 11998 27871 6824 8385 5480 53720 33154 35511 9808 35232 17806 76514 10660
12436 7070 4252 13996 4424 7431 1732 8222 1524 17523 76793 12322 2414 11528 1274 4281
7930 9104 15990 27747 2059 10650 9630 2737 23776 1741 17240 4562 2692 10244 6985 5373
4887 6915 4881 11857 28627 9366 73756 8065 32823 83115 22375 7189 7346 6355 9117 9496
13799 341 5128 7106 922 42967 489 6698 48734 74808 31723 3457 19135 14978 13153 8492
25966 11354 5752 17480 11244 11396 7739 19857 2617 3094 14980 28185 5226 6333 59234 7368
19212 20031 62078 32439 44675 31213 6697 7830 10298 6849 10368 19008 2717 8619 8132 7669
29246 7873 15790 9325 27653 82585 182779 85681 14426 4003 5190 10391 3049 28445 18867 702
11506 3404 4770 26624 42416 65245 15641 20672 1275 12495 16430 26533 15686 3362 6868 5486
5010 25018 31100 11545 17410 2879 40726 21108 11116 4439 9511 12698 9766 2077 6851 9041
2832 5674 10279 10272 16764 1887 19682 10130 6906 2376 10488 6923 433 2695 48604 13076
43481 9870 3665 35593 11690 1538 9343 1112 4614 6724 2594 1226 3082 8825 11551 18776
10374 37882 6784 4797 20196 22419 30931 6028 4713 19159 2845 49343 4180 8474 5147 11119
21532 44456 15197 18195 3810 62356 3714 15625 11342 21288 10808 24646 40250 1046 23910 7263
6025 30236 86891 27600 3088 23778 3639 11911 16359 3228 1617 15250 2464 59451 6687 30379
25000 37417 10680 11876 6265 2956 5498 15226 4464 7999 4119 940 19996 7624 29464 55020
6964 18205 36535 37527 20750 17369 42590 9084 8059 13308 6866 10579 8343 68719 8060 42714
8154 3309 12901 26571 2649 2781 693 14857 520 10326 933 377 4440 5260 4101 67865
12389 37794 11906 1642 21405 17970 15313 5399 1640 50507 19722 6977 8341 25858 7658 7652
5214 643 3196 5462 839 14478 2058 29672 38049 41834 22491 10232 46899 8511 14712 586
435 2098 1029 3470 15341 31088 7104 11439 20050 7156 60564 9583 69033 34191 11653 2433
2383 9777 11308 8640 15957 14095 22958 24876 8127 644 7898 8806 5167 8105 10549 15592
14154 2937 74634 1685 20072 91203 3964 5238 12539 6433 10729 5546 8211 4962 9170 645
8526 11693 71622 9586 8991 49288 55769 10758 33753 46751 25901 5821 15777 8417 8153 13161
9469 10934 609 13643 5404 1987 21190 1966 6663 57536 13442 6209 88870 12237 15620 14185
62375 3902 5956 10377 11751 1020 9593 1341 6999 10137 22934 1098 12073 52086 17756 52877
30974 10031 9585 43522 79011 5313 16488 2341 8292 6451 7890 5681 37367 76181 6301 17679
9352 38906 32010 46933 31311 6520 11848 371 754 31930 3107 8670 3491 3584 38187 29584
25146 63278 12491 14526 63192 1721 36577 5769 7309 3704 1086 9483 1678 2499 15680 20016
12375 10834 5262 12784 9564 12617 4556 1693 11897 33333 13323 53044 77352 4204 6522 3401
2488 1413 5515 3110 4530 7139 4976 461 25147 42513 8924 37158 32603 95677 8078 93606
26425 21471 22687 8772 13518 5689 2605 15780 10236 4044 11969 23173 8853 1325 16142 8742
14223 8884 45614 7905 6392 10515 12090 11654 41816 22580 2171 32114 1654 17435 9839 27088
1634 5706 11770 4973 9452 12041 12497 2116 2940 7936 789 3533 5137 4175 91341 7056
1271 76435 2472 13114 29609 89818 24634 58629 6339 13055 23605 42275 37997 3502 3234 6560
44558 1745 10643 5789 4267 9677 3507 2392 17060 73451 26893 3711 4173 52197 22743 21327
31677 94415 981 3194 11277 19221 14382 1038 11057 10121 24685 18561 776 4336 15153 10845
759 18390 4060 20974 21239 2905 8632 6353 4948 15866 3593 5194 2686 17803 13866 9039
3370 63341 3134 23029 6403 23615 38872 6543 6968 6331 16693 51350 3242 7792 3161 19168
16067 2492 12571 4161 9687 1319 7606 48531 2134 12556 50318 24535 2246 20851 11087 3513
64145 35494 79513 18485 22167 6922 9506 4944 9752 15119 14593 10922 67700 8977 10813 11096
25439 893 15275 10484 29219 50414 2787 9697 26657 64635 7353 12091 80900 5225 11595 16558
2770 13120 3746 4627 5656 18511 5975 8220 8995 74551 11395 65774 7574 11316 13868 2038
65765 39249 3765 29033 9093 31505 14031 739 5268 50296 8484 24249 13177 4777 13265 20128
9368 7020 2330 8470 3720 966 10939 1947 29064 14734 26324 9526 71998 38715 83513 44712
50615 4131 15849 16617 6379 5684 7913 8610 7968 9261 5440 8427 4433 18296 1670 11425
34136 4243 45938 10327 10977 8033 28312 2730 8639 3202 8390 25417 5705 36076 3713 3199
13477 61429 2384 13419 16421 2306 9781 13570 25838 15131 15339 43801 24794 11626 93803 35231
54111 40507 52390 8989 13183 2697 14281 11790 5001 5651 6357 1810 8704 6052 3233 7737
29158 26141 28964 37602 4217 12400 8355 54422 873 5981 1264 6105 5024 5559 2822 5790
6236 12878 7432 538 33196 32924 10037 27160 22049 12567 20618 5524 24238 18433 18354 3984
10495 19334 14890 12052 475 9476 10335 8433 29369 76388 61 1635 9816 15318 5061 8809
7253 2906 2109 1160 2774 7249 9057 2329 7756 9664 78377 6649 9097 64546 41575 46982
8614 9336 4710 73972 41502 36346 76081 210172 66706 425 10144 8432 11098 11886 3438 6473
6283 6258 26895 2519 9956 3001 18143 8938 6435 4786 4025 15765 2441 92371 3179 9283
9911 607 1730 42417 3772 13387 38658 20641 3654 30912 45569 27292 6611 6107 5357 1829
2194 707 2876 5875 3604 576 12092 19403 3578 2734 15578 6813 1619 4108 23985 11619
68022 9882 3024 3064 46201 8888 86908 31439 69917 20250 14728 38430 47857 42589 3013 14791
9451 6381 13263 19874 6452 13383 3839 62279 18643 2966 13385 8678 9834 15846 4273 24229
15963 3173 5888 10548 14156 3379 3755 22396 6486 2337 6705 1807 14865 3004 11759 4816
2054 16496 19396 78238 18820 4334 2712 27915 17795 5673 13049 6260 2452 37887 25434 1841
60234 13248 83226 4330 4781 5951 12893 456 8883 10598 6450 10765 6047 6380 11786 12771
619 6340 14533 88262 42573 7926 66675 4559 3198 35088 28715 30187 13761 7694 6081 245875
5181 4160 66536 32883 6244 10695 8601 5568 7573 8032 4694 9786 2609 4936 1187 7916
7041 39330 5685 89303 36794 89155 12726 5348 11916 79721 92217 34374 14250 5902 6150 1340
11023 11878 518 13853 27824 12417 10509 15048 85181 3070 1171 8471 1071 35498 2653 1891
6902 47900 2805 9828 12268 11143 3210 3258 3087 3870 17501 10744 9209 3903 5259 12465
2421 63520 16798 6361 12858 12584 15184 14933 48982 19387 18543 5675 20770 16956 58845 5757
9908 16267 15127 12917 4362 8366 16970 3115 13245 21091 36850 49287 2634 10485 12547 37481
15217 10502 21990 23258 5916 21848 53951 88655 11164 13983 13139 14807 6564 16491 7489 956
15879 7911 40790 6607 863 18802 8217 57899 21801 6449 36119 6750 1607 2294 56559 19949
3351 15731 34293 28815 20104 25564 52451 10478 6631 52602 14170 15350 2640 12247 9503 6001
6396 9150 17163 11525 52933 24586 30776 30237 5982 9562 12354 86602 6643 3779 11702 5392
15811 3156 16570 2081 7186 5548 5253 2303 6565 2680 4524 6679 4345 16455 3757 6547
7245 47111 36196 17122 3336 3337 75504 91132 38351 9463 4879 9257 5171 20661 12553 6321
39481 13469 14493 18764 14741 8785 6930 1488 2173 38647 32189 90274 28449 36180 42236 6969
11547 63946 15013 42881 32780 8162 12961 9173 4499 11592 4115 10014 2795 15485 11137 7459
16311 8280 20629 2604 15734 44257 3493 8969 6994 3731 9974 46890 13452 11363 48360 37458
6948 62314 15400 40982 29419 1095 52953 10576 10263 4226 19825 20730 5954 7318 8831 7154
10606 5211 7210 87304 40420 32045 5227 64570 9415 95582 6881 17366 67929 2870 7199 17985
33570 20627 16676 17249 9144 3377 15917 8646 3269 6220 17070 4652 2264 7784 13759 24062
12650 12387 2534 5602 8638 36900 46289 1302 76802 13458 46210 17867 42728 66636 18132 25408
20409 50186 10578 35577 76698 34695 76002 19313 34866 33382 6416 13437 4840 10521 20906 726
28689 4248 270 11563 6044 15784 10451 9444 17295 5758 8871 15822 7271 2408 18095 9997
12219 52567 2719 623 15796 38641 55441 19517 14934 63368 40513 7008 39072 3273 14598 5327
18326 26621 49651 243728 58831 7059 1297 5812 13122 10949 12230 26193 15654 8782 8376 8197
1559 11745 10003 1016 24110 1111 818 637 11930 851 13000 33272 75516 31085 17768 4091
7654 6006 19145 42055 5751 8597 7544 9662 10029 5598 20332 14710 5230 7247 1583 7047
18169 8410 9720 38714 8313 1767 45135 12439 49618 15618 2700 24151 30874 68937 7900 16989
27793 81085 13295 2922 18003 16929 17030 11543 17637 6470 9910 4361 8574 6045 5016 1910
1147 10173 8022 18774 4990 43405 89245 12297 5564 9417 92103 56293 11688 64595 5084 78290
95538 34312 66404 94257 3186 2216 7374 50488 6312 360 17508 11697 9019 12806 909 5840
11205 1993 4054 1223 1219 18117 10113 20915 9345 14803 6664 4505 3026 5355 65425 6563
15609 34310 13064 18089 21711 14674 1544 16155 7529 14167 14912 12363 13358 9761 4716 11069
12351 18904 36737 10832 17340 22832 26355 20238 12975 26527 6173 10355 2427 30047 21628 7128
2991 7662 6121 7594 17102 14780 3325 11040 19998 3382 11717 14648 64937 23873 7162 8092
62364 3831 30848 82049 28112 37955 70344 12050 6545 10679 5713 22471 21217 10255 4660 10897
7091 1789 12503 356 4034 10530 9400 5077 6655 1551 4649 21354 5448 10356 51080 19987
10964 7902 7660 25131 11519 61527 5199 13816 11900 32354 4582 34748 20764 66376 44125 79237
13707 42658 27894 5601 19020 57 73353 10872 4610 6945 4593 7975 6859 9432 5529 5138
7620 5122 8047 802 29712 5188 40523 12397 19028 3118 58651 15967 16436 43719 27346 32003
13162 34028 3768 52182 48870 16113 11712 22428 5032 6513 3616 2373 10720 544 17120 26788
3591 9378 415 11261 8708 14658 1699 14789 26651 9247 13102 7082 23764 25428 5228 15510
9669 11340 4560 10932 11944 7435 395 5640 21662 5522 4084 2082 13969 945 6386 5048
42019 3743 9730 11401 6681 19095 15541 3580 2489 48804 8298 15072 14335 4482 10115 24242
30238 2904 8418 3447 10220 9969 3759 5512 842 12250 17736 13538 13211 28280 13984 9358
6250 2225 23397 17703 28313 31144 56397 9740 8016 7308 4515 25994 19490 17778 39048 4286
1888 39240 71483 53792 16138 12846 4331 7731 7017 4384 7123 7785 4056 5595 19672 8019
6660 37550 23199 91689 11272 44289 92128 24609 15972 85267 12678 21139 43006 747 23581 9880
1501 40490 7344 29525 42793 1235 17622 30477 3511 13260 19204 3663 10105 24016 1273 18425
3875 8581 8186 5605 3982 14836 11013 12673 10993 5342 7116 45543 11799 73113 74151 67635
12867 6199 8731 13709 87740 48081 17083 8649 18211 12345 661 1154 15703 6103 48017 7421
8009 17465 7578 4687 18085 16239 15544 3434 3536 7124 55174 8338 1206 22124 13578 33686
8997 21243 22302 10309 48187 19011 17717 57371 11882 44017 7825 91493 8851 20453 7592 22263
13222 12851 3221 23779 29314 2274 7929 4156 522 3028 6863 23014 88573 1757 21666 52582
6958 8255 16546 44958 3214 31841 22287 63575 6889 7018 8984 16807 26098 9861 13238 3905
19845 10286 16618 1804 5102 17489 7776 7252 9572 26055 1158 11024 3856 3977 13376 35195
15243 19379 6844 80979 4738 12452 9707 1246 12849 19448 41882 7812 5603 49743 35464 10705
81787 4762 70518 10713 2746 3537 28649 73846 47481 3653 82422 22921 25472 5971 9085 10503
6762 25262 1775 5286 5518 17852 25898 9896 24602 9826 20065 4757 22187 11822 11135 13854
3793 39585 67220 27018 17218 13165 10618 72963 5118 70267 20668 2362 47310 12275 72072 13798
37716 9548 91250 35895 16878 17553 11946 15240 1347 10583 10300 14009 26601 25280 14541 10083
650 8887 17557 3054 9681 9215 9189 24234 14060 6862 20980 34543 13460 5428 14332 9262
6186 66394 42132 12505 10953 9020 6926 86518 75364 8902 7995 6130 6875 6337 1320 3097
4766 13496 13668 13185 1082 31416 10856 18176 2989 3297 15614 12261 11437 13138 36695 3251
1181 22081 1525 1178 63647 1580 2896 5786 33673 20531 58581 28454 78026 55006 14218 5926
23286 563 8097 11496 8333 55296 6042 17326 453 6570 40600 5303 10457 24050 15874 8006
2950 6409 9373 42598 20507 13950 5275 7883 31388 30821 10211 5606 16698 10941 8173 11602
2915 6498 7551 14328 10114 1155 8498 12458 22023 7233 3541 7964 14519 2367 17302 55665
8553 2817 61846 22024 27551 6427 9293 43143 27860 3864 8850 84934 36945 6310 3534 4807
17724 10463 2271 12613 92747 41549 12737 19633 10921 7054 11247 16576 58550 31788 4729 41634
1897 37910 4581 5413 3392 79046 19000 1346 10472 2626 21435 20940 4667 47861 8189 47632
22431 34693 15116 9848 24515 15273 30202 6202 46146 20768 11565 6988 12103 42118 5415 3896
11339 9103 26595 6739 18749 4664 14209 11801 13244 16827 1183 16610 4679 25067 24288 7480
2981 16905 2422 6041 2190 6165 70728 34806 33354 10592 18186 19954 9831 8130 55798 18426
22502 16901 4166 83714 6620 73160 3225 7410 89545 37689 5445 4254 21138 15828 16744 4300
771 9348 21111 21648 7441 10281 33528 13928 32011 31740 11302 22054 4462 21902 59632 48680
69078 42012 5433 55281 13804 17156 76765 574 18488 15889 22779 29531 4036 25658 32743 6777
16870 12573 6562 17958 9734 10577 12313 14129 13145 11811 9637 4659 40037 22510 13219 6568
3328 80691 11059 3564 22116 47356 21378 12656 64123 11246 35106 5059 63130 23819 8804 7038
20379 27718 18261 5895 4190 44346 10868 32656 53675 35657 9600 8246 11269 5019 16111 20922
4494 13413 17978 30592 14898 14437 13194 7715 27984 41275 1075 3105 7086 9875 9206 18971
8948 10853 2585 5267 24046 9667 6108 29145 7679 25972 43303 6647 13434 31589 22671 4608
51465 29155 15407 31789 3359 58095 3740 21917 25459 48481 69768 58766 11348 69920 10480 675
3554 8609 5742 18009 14442 157 25519 9608 8457 10910 7339 13849 13325 8095 22583 28163
438 5475 8530 11870 1945 71585 1569 45519 12942 58499 68126 13415 39382 43393 37004 6030
12340 3678 16245 5857 25117 657 29495 3710 13092 13173 7867 13876 8259 10239 21838 17515
39718 12937 5101 10919 8512 21617 29398 14135 15631 2418 2893 11346 4315 1660 20004 22327
3523 8913 40808 6532 17885 34620 73673 13714 4841 65885 66231 5251 2435 10757 45871 30406
6817 10779 16880 25988 3053 27723 5091 9523 2356 717 4884 3618 1557 18193 2226 13418
9704 800 5487 7493 4449 19710 22461 2572 2446 24112 6338 4958 31508 59433 4644 4225
68741 46862 43243 84040 10734 28837 36546 10289 16566 11606 1026 77517 19839 11378 18856 10151
28058 20994 5983 4313 4041 4808 15695 11366 2579 4299 1314 22746 3069 1566 40239 38088
18722 2355 13029 35519 76512 51422 15427 32112 22166 9477 8158 22131 7187 35716 25160 28009
7484 39273 8684 8818 26899 3284 5819 1962 26260 1737 6383 21819 6239 1618 9989 36597
12420 24409 5018 3184 1697 12355 13852 4603 501 1006 10973 4855 1825 15463 18991 10412
27574 24458 3508 8739 10481 7345 13048 55045 23674 25449 35027 88183 34114 8611 73602 16529
45724 510 2312 9028 14685 20460 4324 43540 5283 8116 58559 44231 49203 9190 13094 20869
10587 5354 25432 6546 16661 29275 8318 8122 5864 9605 13838 14619 9988 749 1042 13280
3791 8996 18973 17206 23214 10440 16812 6605 25043 389 4670 71121 27929 34131 3310 21142
23129 83201 66537 14725 57150 58522 67887 53559 2154 22778 7131 12168 2694 9076 10875 3422
20651 9284 4531 21197 27030 9364 26314 42140 6434 11232 938 41006 31936 7455 16879 23378
48576 19037 21353 14159 46170 17357 12443 4046 5436 7709 3290 4002 6166 78349 7833 24948
11652 28476 14928 8532 25289 16838 9889 29297 32954 15365 63661 25193 12618 10499 15895 5716
9893 28477 5332 10755 23598 22655 14882 4405 3599 14938 6255 5257 19982 3741 573 5245
50111 2436 7110 9668 13180 75883 3291 19306 10796 34531 61005 7663 24536 53146 41009 22112
3132 13863 54091 90980 19723 17571 8206 15623 89660 2949 4065 8586 13468 2831 7967 14527
17498 88716 29822 19552 13892 5187 2513 6195 12348 751 20018 6608 12897 8260 18748 32951
38968 1763 52452 134 16305 2001 91834 1008 10662 11149 34298 29725 18895 29471 9749 26715
24868 14703 33887 6943 62024 17098 32804 48931 12619 12955 20794 7892 6591 22892 19269 13569
14829 8134 9114 12287 16144 13329 531 3996 6179 6238 16022 26849 8151 13769 9663 14873
3924 16541 3170 860 14392 15221 15546 17965 19639 7815 10112 1967 5555 18549 25218 65690
36166 11709 42306 17549 11670 55306 16904 6632 22924 17157 18248 43788 23223 10476 11888 3703
14103 10426 14387 41701 7071 19895 33009 4148 15894 2965 11746 10015 507 7741 16545 20817
9031 1280 175085 28336 7241 85023 95124 6296 10324 6934 5560 39920 31047 18990 79260 78279
39177 20001 24513 54986 5612 19478 8145 10159 7193 14307 25899 5711 3560 16627 37804 1487
16357 23167 14336 8042 16757 7673 10424 3414 92349 5141 14403 36457 8176 12583 29075 3499
8030 13780 10329 51976 11325 43494 51177 68165 20688 15910 3664 45510 13674 16213 3543 10623
9670 14801 17699 11447 10184 3065 5805 1816 15899 8329 2625 14163 16580 18097 7183 4090
5499 935 5346 44353 10903 7258 20720 9218 51206 3323 18660 10994 8563 31785 896 21901
1797 4210 57178 3208 36016 6027 13521 10898 94614 10615 54247 3158 83871 7899 13252 21152
17046 59884 18349 12005 32016 21400 55786 23288 22633 1365 13176 6799 34415 4242 11955 14706
2878 9845 20613 7509 1322 2463 10849 9933 4087 5847 11173 68626 1034 1674 12096 5437
3838 13205 76700 2996 162581 25781 17843 14822 54088 3667 16979 9646 40203 31781 1743 47838
5666 17857 52146 7945 49291 50030 56482 71415 46907 78200 13604 15959 20789 29320 1199 10894
16829 9541 10155 9569 14810 14590 3437 8038 18101 405 20893 655 22864 13609 17177 23195
4489 12828 12832 12665 9695 11687 19992 2849 10690 3717 48387 15787 2147 37962 848 5917
10125 22903 18243 38531 39129 2260 53463 93631 57038 77620 3092 60491 2487 91342 1794 12043
91130 15198 46505 80452 15882 23547 78923 28404 17975 3583 7042 6408 368 8855 8486 3957
3841 8842 20285 6729 37266 54472 47334 6557 6925 11352 5787 17166 7566 5353 3922 1874
22217 4836 16439 11319 27595 6751 8626 6438 1531 22992 10507 23580 5314 13554 7794 91226
175941 78949 24797 5609 16761 22253 6629 3 62695 15332 25078 2282 4790 12792 24952 12305
5865 81520 8294 12815 822 13783 824 26398 14575 30223 5269 32471 13486 2887 9155 2568
24013 7987 5978 12506 7465 2824 9948 8559 14334 8897 20070 7283 8400 34242 22035 28731
13041 5182 3331 2967 21234 6778 61911 12258 8362 14326 1277 23098 53105 29447 67668 71653
64319 16823 25041 37529 6125 13272 16243 32282 55646 43732 75925 6666 18633 19921 16656 40573
19122 11482 18305 25525 5830 18266 8106 2476 534 18320 7948 12433 23312 10407 37584 9522
7524 8028 24039 4052 6618 41167 5883 27510 5514 55730 13096 11937 1214 5860 10065 25385
9029 44734 2705 25113 41204 684 6064 16000 175762 1565 8482 8090 9472 84239 19892 1244
1665 37621 87115 79342 5317 9118 46417 87672 20634 6843 3758 51005 24053 13893 11145 20444
14362 18073 2968 18255 6429 6873 9203 17181 7984 11051 8305 8087 961 7728 20876 68999
17789 5880 7397 11672 66218 25392 48855 9680 63460 20335 60136 14260 5511 10494 37374 27948
6646 67022 1929 12621 65363 71376 31530 16394 6038 11750 13273 3038 5823 5337 29080 4831
17677 10471 28935 6574 3608 12760 8490 16229 9002 10811 8862 24526 17198 5517 18795 1196
9679 16964 33140 48925 7052 9135 6694 7538 2391 6154 5876 8796 33842 32139 23291 11603
10724 6343 25670 32881 25493 82190 4775 9529 13218 17657 43314 7297 5371 15421 36249 72479
25779 6610 2575 4168 6060 4098 19577 52318 11537 2500 6263 44383 53938 22914 18986 42481
22819 15522 31410 3522 11421 23037 797 6134 24118 7642 25057 10709 6819 5407 10632 62805
28053 17210 1692 40080 7234 13229 11881 8121 42563 83454 30125 8112 33303 29333 16984 14283
1113 13908 20446 7111 13365 9590 45759 31878 16674 10209 7102 38807 15743 9327 36909 64606
16141 32129 87247 77823 29808 19089 2569 5827 10419 14884 9014 2891 18322 17432 20660 6420
25500 2325 8807 8765 11889 7793 10000 6474 15203 1485 17278 3444 12704 15215 589 1703
5976 4623 57981 59041 11152 6387 7143 10248 1709 4847 25637 55918 22996 17422 9847 8856
22905 11407 47241 19086 50199 38628 33356 5350 79751 81349 17899 62243 2775 18950 72371 62691
36749 20868 12004 12037 500 5745 16078 11596 10142 16120 7505 21708 15783 64243 14174 53336
18147 12635 18915 42344 19312 6587 13550 9180 543 10691 14936 6356 8303 10456 530 12279
18004 19214 21933 15482 7026 1299 6542 3476 26097 18479 13594 6487 31766 42359 50056 6847
17930 8451 20763 8525 35497 9493 29607 8464 4686 2814 14458 17000 16876 6699 9561 39411
40132 12031 8637 3974 58708 6661 13043 15537 7546 13870 8053 23475 7462 7788 22651 36078
13320 7478 9232 1850 3732 4677 21047 649 16522 868 5447 5013 30407 10240 10185 15137
26453 86511 25825 22585 34426 10978 3661 64024 12607 15584 3176 5937 61450 2759 17172 30684
7635 4274 36438 62882 8665 76803 24098 17582 16478 48163 12266 10597 18508 12238 12680 8712
4765 12603 7763 16242 47440 12787 13363 4734 33883 27064 20952 897 47313 4356 36637 6184
32085 4508 13228 17592 7034 42903 18036 5461 5762 28391 6211 19260 18826 53818 6019 22872
12953 2254 6686 15569 10859 24644 13390 35451 5285 66730 10700 10959 63718 159471 42501 21950
20089 7007 4963 9722 10399 2181 26691 31142 1656 3193 4230 4404 12622 6213 6979 3899
14046 18229 2530 16728 1885 19432 5222 1303 8340 22196 1533 41814 11218 10035 32453 8754
11144 15175 51856 4802 53964 54884 4450 27734 17638 7988 18331 2803 21809 18348 7043 56830
57811 20182 34538 7521 14094 6275 26516 18939 47622 22382 1537 5803 13927 52017 10103 24551
55451 4430 3216 5331 22993 32428 69812 73470 5192 47976 8395 90563 93865 24351 64732 87360
50155 2632 10106 14390 20616 744 8057 8401 33513 8322 19695 8952 2659 10213 11140 95641
23194 22248 14677 11177 16563 5099 4184 16384 13125 23522 2354 21949 3628 34812 119 8018
19873 8344 16262 11740 84048 1022 25622 28530 37467 13050 18054 14176 11414 11820 31593 88055
12753 49213 20972 29371 23864 2285 27509 18884 6299 15095 6171 30859 9475 5891 2669 16513
5055 10131 16935 29735 17722 58507 33589 6758 28899 6077 4574 10242 3638 20129 7718 6991
1315 42650 4982 6087 27128 43288 12611 3486 4344 17603 24137 1028 24480 23437 25152 5509
13483 1527 15818 8569 2946 26679 26079 27458 39927 21929 3390 32969 30778 49134 15559 5792
16158 15907 5620 76217 13587 64682 4178 17405 10219 7678 23277 4637 59128 29474 13426 33669
41924 54554 85481 25197 25215 25464 14870 35383 12405 15218 28028 9486 24572 17967 10641 724
30663 25364 4964 19265 10249 9842 19883 2963 22786 9361 16283 11169 14733 8744 30459 74537
8505 67140 11436 22880 63490 37707 56485 3637 7570 13112 12082 11079 11686 17399 37915 6481
9141 12102 8901 5852 2523 16963 35221 14781 2833 64379 20724 60865 92650 55148 65711 21083
3503 25296 4400 14037 17496 10669 10462 19003 2537 28639 58186 22125 7659 4974 20632 10966
1552 13675 21988 9331 16308 15700 4929 11256 9892 13057 8185 6335 10867 12510 69159 30817
4545 14107 33072 33101 4245 2252 10735 55294 2791 25374 12106 37129 55445 1041 19195 1917
16960 5378 14166 11514 241 14456 3718 15615 11510 24317 24713 3858 27135 4666 7545 16461
11065 1574 37799 36246 10341 10749 7030 20723 36601 34040 21440 16337 11723 18533 14973 5817
779 35796 62236 28400 10431 37168 3946 17556 11233 14943 10413 1190 17310 5143 11285 2210
9588 23094 2682 31920 11784 15383 14229 10346 41658 39654 7909 32335 31522 27624 25710 15491
35599 4055 51888 80527 6472 15078 44896 7439 11931 5112 6082 52434 30576 16910 58589 16371
13259 63393 2998 17608 54419 49017 29770 4692 13661 48959 9602 2327 79315 21719 6054 41127
18664 1231 6235 2156 25286 4363 23168 43041 455 8928 16665 14653 6311 12229 34382 7262
3706 13861 2055 8755 23093 18001 7227 15123 14540 13208 12998 59836 19153 39812 74659 48702
10061 35375 1620 33120 16782 45588 15113 76342 9819 4058 15132 47974 9344 46128 40503 15401
40453 158819 11091 30413 28125 87206 33413 12880 76018 15386 16276 63829 34232 30635 13784 34414
69515 11604 64915 11313 4543 1458 11129 15142 26137 13235 15499 3045 10490 12478 21664 11166
7761 27765 15005 2767 7738 7458 22152 7044 10458 3420 17957 90718 43451 17353 60924 2176
57867 18798 25292 20926 12419 1003 30746 39008 17297 23198 31728 9220 16712 10172 89984 28450
13081 57799 32713 14687 49711 81771 6119 3496 21025 45210 29435 23119 5826 25513 88963 18535
4534 31629 28136 15815 7596 11118 36973 4343 24297 38445 90752 44258 8540 688 3032 2820
11947 9013 14293 7674 44778 10814 3968 13522 28407 11532 10428 23533 13553 5388 10756 9934
27707 11064 76109 575 10247 25585 13065 1520 49956 23146 13212 37247 13795 21316 25514 24758
12945 12159 1050 32776 819 15521 24640 8337 10708 135 3455 8472 81712 85866 42749 9100
10999 3976 10901 12718 26564 57475 5003 46855 15270 14905 14344 11240 7188 31446 1919 17380
7879 18415 67345 41944 4631 60939 11158 27280 40106 21805 2318 11733 25201 6599 26096 5638
11832 10781 12078 54754 2121 12748 23304 23787 20226 19182 9900 17149 3744 20069 11109 10207
19248 1386 16025 5680 13653 23443 6453 3869 10258 10344 26655 12965 665 22452 796 15982
26880 15234 3789 1573 30911 22235 26845 17761 3072 6589 25397 61382 30046 2587 28109 46303
27900 6146 83212 10283 15827 11646 7749 71492 26490 19927 51476 35161 81684 11611 30764 87579
32971 33810 48913 25258 13756 28392 178709 48675 39569 71247 2561 5692 52295 26002 2954 8922
634 29040 7795 15210 8720 18652 28440 19231 9524 22315 31003 7185 2885 6497 11758 21314
10642 6051 4013 5621 8307 4026 26164 7239 27650 10278 2846 4602 20380 9389 19963 12511
36646 12360 8599 1356 15047 17563 23928 15740 17299 19820 4089 12356 9362 16765 6627 6183
24123 2932 39111 4443 1896 13276 58769 68069 64889 41878 76225 72735 36904 22066 24092 24862
671 18389 33301 22826 55080 22684 11753 64948 3778 13946 66447 79854 55818 86717 22238 24006
4916 21527 20948 5691 13253 13987 4542 44279 7912 6714 15711 13924 14689 8061 13874 3327
8285 4410 8847 4708 24358 9686 11099 4844 24389 766 13412 22120 18676 37714 7028 1795
24164 3847 48995 8979 48478 18995 9016 1663 11156 19417 38737 11698 27577 1821 17265 76993
64798 1123 22963 15748 3589 12496 17535 71053 6596 13216 6918 89018 18336 26526 33310 8736
8489 69945 11949 74152 83267 35409 11172 31057 93856 1905 10108 19939 17769 86306 22025 31204
92756 12240 87939 8436 44924 18451 13640 2835 33612 9671 3083 20645 743 15838 8598 35174
12314 15003 11461 1136 22846 10728 22735 20921 6749 1081 812 8495 53650 12227 3615 6463
38334 30149 13842 10603 44067 20592 4992 30333 19084 14601 9946 3747 25278 15161 21231 4050
41336 1326 11290 73582 17774 54716 25402 18237 2203 20481 5434 1762 3993 58288 7135 27926
52733 4045 6795 76786 228897 94453 11383 17652 43441 36025 39776 61987 15096 8416 35073 68914
14826 13394 77299 207675 65598 15349 40459 7937 13642 15462 44103 7014 14665 3277 21262 55173
18471 16140 14572 19146 1101 22362 10551 19516 28259 13239 6552 14246 15425 6192 29694 33165
5686 27117 21681 13632 22005 3609 26370 13818 12418 16679 31402 11454 732 13380 15245 5853
25659 48237 21419 11884 75887 25786 16184 16818 25975 5676 87057 10725 19177 24471 6302 40135
54164 11747 78324 2143 51001 9239 11483 14623 30914 75724 75335 8507 50006 62727 15165 31942
12855 4457 43101 5733 7415 4796 21256 23619 80534 75051 43016 26754 83562 5702 33287 47732
25848 8445 69050 21952 81680 3827 12803 26170 8008 27986 10895 9138 8381 11278 14408 19157
6850 32907 19423 9229 56048 20367 15388 18816 30725 8250 12024 19923 1563 29815 27141 14459
11782 16501 6095 17415 12015 24530 37167 19572 13809 4263 22901 29976 35393 44200 9850 7697
48970 7101 2344 34761 13504 57734 26350 62771 88816 32944 4391 44573 50062 36268 38766 1251
58136 53354 39361 34682 12086 11215 37764 71285 14327 11587 9047 18158 30111 20735 23235 7963
3159 35967 10774 15230 13942 14518 34110 38409 10274 1605 1175 19595 2481 2745 26305 24278
13561 1477 4290 11639 13047 12931 10937 22756 2779 1759 912 1982 9642 32469 62392 24156
7637 12039 15077 14557 12468 26707 22002 9370 76727 1286 1449 235132 30126 15632 26027 36055
21603 1474 17863 40186 201128 78161 74972 37618 58222 20253 11147 44646 44794 15377 16368 15430
25968 8478 22435 14625 49869 46790 9129 11838 24510 13217 5177 56905 83233 6319 84069 32380
75544 17797 11242 15864 89795 57063 1269 3062 3243 30623 15754 7004 7244 20438 19013 1554
16332 40014 1539 245514 21546 798 19344 32988 32385 13600 16248 10201 2538 11322 7338 6765
28279 24693 14315 16917 23907 6088 10042 12490 48285 11230 18259 526 49080 5376 17661 10633
21180 18659 39586 8981 11988 45147 31317 3884 58444 33916 53278 60640 4537 55733 613 6656
2683 10403 12192 19174 15057 20476 5183 28258 9657 21055 71750 44673 19229 6905 59500 3395
28610 68463 26585 13440 25708 44459 13704 23314 29031 13256 21657 87363 24047 70266 7449 20334
24201 88943 62196 10512 34071 7066 52765 32915 11360 83434 78029 7601 22982 47948 38144 14053
3575 11415 7472 15200 22089 10342 14639 5746 15394 18088 33606 22108 7661 8415 13101 10829
16355 10682 23140 2752 6829 49949 12141 8976 9971 7250 25181 6653 57043 12361 14133 20103
4465 33595 7914 7534 26642 6602 20120 12376 47943 12236 88211 26484 8488 5953 23639 10313
19043 4338 4479 5668 49238 8747 40819 33987 92164 22966 6456 52611 17161 7396 21112 22678
40516 14416 8144 26008 76996 60937 20114 5045 69431 7569 14885 24443 6712 22822 23275 20624
11153 2924 2169 13932 15782 5456 12450 18675 29199 10877 11546 29460 8194 29308 22980 21484
18725 12059 19549 35296 7520 16410 13136 7993 24844 25729 18682 2266 14180 15750 12331 27882
24140 34446 6266 14471 6282 25950 18910 30491 9550 19026 9450 21884 94365 2191 24662 6852
69883 49539 25739 5763 1776 26584 8253 33122 95442 8982 12513 4076 3614 62462 28039 9490
8821 25339 68925 8404 10400 9226 16252 1138 12581 22759 25153 18353 17284 10414 36397 410
28214 24527 78865 37556 10369 20571 76754 28513 23523 14039 33129 17606 37877 7745 7384 14369
10558 12198 17500 23679 17754 10839 25105 7085 14693 6053 18850 52968 23891 7954 28328 49370
31703 7077 22472 45669 8869 11168 27968 7543 25206 18922 34609 5075 81332 43431 11241 29001
27463 35674 6327 41223 33178 7798 51331 76057 66009 3769 39617 18526 22682 5523 15659 23142
46120 184254 3622 19278 2860 22716 29283 58981 13268 7647 38584 14122 25470 14306 52779 20184
22283 2348 5453 94090 5506 3494 46216 25034 16110 38066 88610 12774 38892 7385 79286 58396
2897 39314 48072 14007 2010 16385 49640 8779 14420 11585 2789 14811 32248 9227 22000 6106
6797 16082 13305 33706 12863 14175 48710 16732 36437 15915 33791 29463 20352 17800 12663 11088
12987 481 15749 14061 29689 3826 18641 5894 16821 9626 7820 14000 22299 2794 30557 4088
45023 6672 6865 12661 76482 49933 28286 39583 8535 1062 21103 35558 48417 1960 404 80622
40032 28567 2665 80122 5419 3967 72550 10970 23664 16183 5264 55273 12171 18408 10318 14386
45347 69788 57712 37263 70818 10923 17490 9909 15845 1349 52496 36610 11787 5152 36464 26875
79538 2848 14026 51546 62441 18401 61958 36612 30798 15440 12000 6716 13319 13613 9017 943
9112 24795 3995 19606 10810 14935 8443 4209 15573 29449 25241 20459 9249 20623 23302 18126
46164 35102 12856 57374 72947 30466 7974 13340 22339 19506 12158 71078 9799 85399 15191 24806
30119 24429 33389 1294 42612 27969 73438 26644 192433 3474 54832 2553 4859 4009 4229 49190
44901 1840 4259 39764 14762 77757 14926 5778 171381 8102 7791 7294 36182 39914 31833 7947
52141 9265 55685 7095 11965 24575 56067 24360 4143 31346 34228 62208 21614 43645 15176 82224
3855 28936 45831 9853 30367 60414 5532 10644 1374 16913 12715 21861 2607 17171 22936 13851
8396 47771 3999 5065 40101 3606 22983 7474 3418 18082 1594 8668 10016 18626 4310 44747
10453 28122 12798 3719 3882 55603 8024 28115 63786 13543 16094 84489 17799 6879 11823 240266
24323 12526 6920 34644 16677 12904 11472 2657 2447 14289 24863 9184 28263 223 19345 24919
20306 11829 26690 5837 242059 77231 5095 80542 25930 11258 21186 67230 28847 90513 1826 41563
13163 18769 4814 13878 22981 5579 9384 24285 44952 34201 27365 9372 43339 11326 45722 16705
43774 27712 8760 31984 53867 24548 68469 60185 44443 35971 78600 62143 44826 7877 12816 13282
16643 10752 7326 29748 8643 12234 859 25368 42196 59584 14979 6853 16722 13959 1014 33114
11656 18324 27680 10222 658 12870 14536 17039 9976 9393 1713 9978 12347 4189 17439 22555
18989 30415 64588 3943 6933 19262 2664 6093 18547 17384 17169 26782 21100 8214 7588 4793
2259 5958 11125 59613 2249 55062 19363 74569 24963 32608 22912 16477 6014 30470 42389 17268
39845 47460 35894 79446 16996 5637 27478 83617 22629 8820 15501 10711 13826 9337 20677 25232
28219 31435 40876 28562 17675 5914 31034 14717 30816 30401 95217 30319 39135 84612 27072 8479
13641 35307 794 12333 19226 26864 23805 11435 18919 11792 35454 15515 3621 77633 49475 35742
5130 15921 9035 13416 2679 18581 9108 10686 40916 1931 12515 1836 12779 6588 21068 7009
15752 6512 42303 33654 20965 484 25774 20551 11938 20737 18120 11343 13926 19425 11268 630
10166 32208 18165 22115 6846 11332 24979 10304 20340 13188 55893 16911 8276 10017 6517 23495
17969 18318 66420 677 15439 9128 85570 21426 9682 6734 5738 3998 12701 2189 14944 69764
31634 6175 1938 86738 238844 92320 18328 219808 1643 23424 8007 20644 13497 57241 13103 17667
30883 15816 28894 5987 43007 18503 41244 78297 11306 9109 14715 82454 37627 20475 4826 39393
34755 58400 8187 5842 1306 50957 6479 5180 50352 50212 41618 22865 10194 11774 26731 22591
16162 31104 27572 18290 8799 49078 14213 11991 83686 14181 19643 43541 15706 11933 41535 13250
24424 19253 24125 43872 23081 13398 21306 14982 14691 8117 18213 27700 5912 19040 8604 18456
8242 32918 17367 19074 6037 17191 38710 21122 7268 67695 23589 92552 14603 20130 14469 9944
17349 16888 46560 11756 11908 23083 8885 6080 15019 8143 25887 29715 42744 13988 1833 21320
7317 91512 29125 27065 26750 27466 3762 43058 31904 6673 8243 9380 40751 9212 1627 30235
17482 46625 15435 74849 87172 22458 66576 16800 17818 95347 44486 38033 49456 5994 52659 18708
40904 4678 38402 2198 11728 26763 4029 7298 81354 46212 46279 23801 17201 85160 47452 26200
13967 43806 76310 31337 61209 32509 13775 36636 7884 15878 24281 9111 18007 1129 6821 25224
14230 7634 12636 11683 7605 8364 23438 93926 8103 37462 12610 6931 8070 54994 12594 7276
9447 10175 1815 33249 17973 13343 23104 11779 27350 17504 10657 22469 21130 30720 20038 36891
16253 7511 37811 15056 2630 14090 79676 9784 40993 17605 4519 5083 13355 2180 81172 25348
5347 2874 13665 12178 33518 18954 29593 23278 12315 1930 5405 14320 18985 15987 57739 12817
25998 36540 11095 237084 13934 23833 1819 10649 27826 2540 11553 13254 16867 27016 3500 82578
16062 29997 10616 4429 48508 22515 199888 18232 7935 187690 19652 50201 58377 13547 8955 60403
59930 36899 8721 11498 29851 4502 16756 10177 11474 9235 53708 38004 78489 7978 9951 5149
33827 23548 46391 7231 8328 15010 17607 38331 9656 6322 1835 9576 84186 36712 30634 14018
16753 16366 8509 12523 21036 22518 3854 20480 19454 37382 968 9673 27676 19158 21968 14211
8500 14563 26068 13592 35091 4607 33358 7483 1908 4750 22284 20310 15181 1858 474 59806
25347 2948 2714 15443 9412 11000 32616 26646 7752 18197 22584 9065 18548 13453 15768 20125
8920 16536 12155 6017 11120 18773 521 17554 6378 17257 8494 17407 2290 4592 20609 8972
58252 9268 7337 7083 28819 16187 42832 29099 9116 11408 42046 11727 71908 3949 7891 50894
205838 17151 9798 13068 30497 19735 44868 3219 62406 4536 9655 47407 8778 14128 25546 8013
23997 15595 28805 47096 66868 28327 4696 78242 4106 3928 2034 60568 16975 20561 88700 32664
5829 50358 18934 5483 31329 21721 12843 76389 7129 8036 7039 25042 31988 5824 16091 13281
58279 6332 6695 21762 2776 5432 17597 2101 4858 7576 29032 6657 29753 56276 21478 26208
3057 8949 5672 29566 16050 4072 19787 12872 29395 5615 33377 3389 24545 14120 8336 7290
93106 12949 34343 18423 23540 9757 15883 42243 14322 10778 8100 57013 20230 43490 57571 83731
18569 56578 5074 29191 13750 54718 4993 13885 30825 6129 4635 17710 23631 25027 24813 19936
49026 16403 34105 47769 16923 62230 41165 77646 22641 19535 20139 24205 20269 34802 29811 6036
34030 46028 7335 28541 9307 25474 24426 26322 50113 23310 69496 23744 74995 37734 60554 16042
19129 3138 35099 10614 66983 33911 87687 4277 26065 14720 44674 13266 19474 7098 10398 35472
33388 38450 73707 7651 185194 7391 91871 61037 64700 28082 12682 10980 30948 20539 46483 24021
95097 27710 11058 10179 21015 2562 25919 9710 7419 8980 5450 48867 18677 68220 16100 23245
10716 11384 32866 24197 27491 19622 19773 7468 13395 5540 3124 412 6628 32829 20587 54020
12131 2080 1980 14279 42342 2093 12152 17315 9078 46621 7941 43492 12923 16290 9077 11995
19573 6983 10975 5416 12454 60322 28917 20655 10737 24847 768 5723 48183 8084 29695 10888
2802 28025 53267 17093 21815 29477 57637 11039 26872 13616 27187 1410 50867 45956 50876 42936
24815 3276 34467 30564 568 69516 25771 12654 5454 7872 61932 156716 22016 17196 53405 70901
6454 65593 36040 10951 19304 55335 37667 71320 32387 19551 36406 25731 22699 9987 76433 81873
29594 50077 31826 11666 3860 45446 29450 12034 49701 14065 32477 45499 13560 51372 22335 24088
38038 14276 11078 23756 18099 18937 14168 8191 7359 8005 1875 41753 49900 19381 51571 12177
12669 20254 3195 19449 9539 17697 21835 14378 13915 56091 12615 5316 1388 23793 12006 18020
9888 17931 37198 27390 27601 42176 3566 16894 26217 23681 11810 21192 3822 1549 4319 24051
14467 14287 742 15519 18378 24714 22545 27254 12253 1959 7549 26003 7170 13523 12323 14330
9827 15926 60065 20413 35640 30274 51882 11450 4421 15806 19270 1988 11444 32318 3754 21128
9230 15477 33308 4332 19772 49647 8363 23959 238 14549 69319 1405 7108 28633 4601 81535
30086 53345 82117 27405 20880 10024 22713 19267 36237 19464 9737 6717 21649 8373 5202 37207
9125 3489 5078 32061 2543 22355 15473 33671 15441 62316 54057 12390 5136 55869 29096 88198
48461 14594 78040 52662 8658 18754 29860 30568 53346 22246 70255 33139 22534 33116 41504 12350
12639 13366 25720 23860 13891 86644 9050 11300 36763 12909 1547 14560 22602 15076 2619 1523
63587 16218 4638 36044 27891 32485 19835 20891 7540 1001 28334 23816 1422 70892 117 24066
18880 26310 29164 32338 932 49312 3472 33692 5562 11102 407 38358 4541 6234 5000 35638
6779 20649 12463 6180 72773 27797 5203 63353 18632 23016 1336 11068 55483 1225 5938 13227
1588 25852 8086 34982 57744 13846 11716 12083 17723 63164 52827 4650 12507 22839 13855 1002
9054 5042 38734 22165 32378 17228 17533 86425 8088 16561 17253 71664 20826 46328 2155 76023
18565 70916 3264 16492 13086 5088 17203 3752 13031 92679 24973 84744 42045 26363 50206 5712
26805 16803 24848 21761 36925 58755 30511 6102 24965 70585 11789 14548 7650 18008 87600 69501
12343 17527 17010 58616 14452 19463 3187 39210 15781 1094 65257 57000 52060 65384 30918 4719
64227 13098 82479 76465 30231 16026 14268 29389 4850 48321 1516 11902 19421 13338 22022 11086
12282 36707 52629 29980 1592 51362 28812 36497 12555 12924 84322 32119 59818 11452 9990 23611
11006 30318 47266 10054 7773 14534 6638 737 30551 12597 41916 13402 16153 17614 28173 13676
63785 9806 11416 11315 6970 9596 3241 23459 6659 49132 26988 35810 4369 24537 20199 13116
11036 15531 14356 61307 582 26548 19246 11351 29713 11456 1266 21235 22990 27868 16350 22567
3034 91976 43126 2709 42813 6364 230 23327 26280 740 13427 33218 47248 50365 5235 51418
17448 15809 94693 30205 21072 6980 22753 20780 25045 19974 9742 24772 242861 67226 6952 27360
37463 12264 24807 84817 24921 35169 58496 55921 30584 1421 31063 31168 27522 45035 28675 15330
43804 75452 16769 10574 21579 39818 79497 57872 27225 40763 26242 32852 5608 48318 71471 36459
20169 26031 20006 21278 18337 5374 12483 12967 8737 2974 3155 41647 27811 30310 14448 36665
16450 10652 37768 22459 42863 26222 23308 2466 32170 18712 14014 31071 12558 27812 24834 3951
15823 10192 7657 30801 13038 14217 64897 12570 24674 29615 18090 18550 9872 10751 24251 26463
18909 12655 15775 14922 16866 18356 11914 20738 2347 4144 4123 14484 25082 22679 7476 27754
9613 33697 22135 2128 16489 41655 28938 38700 12285 12482 34227 48372 40118 22273 57158 13817
43000 8698 20950 9446 37011 38789 16230 3463 24379 23414 22495 61259 61444 48733 26265 52026
25530 42824 19446 43720 23716 45342 2639 26629 11974 6502 1119 13595 6702 9739 14840 180784
36541 5908 87668 2440 71878 65205 65473 25609 42284 11508 2622 3716 4291 4617 20529 15983
8868 40061 79790 7284 5822 23451 23396 11189 17307 218784 42962 34711 57308 39919 25216 35780
61073 31640 4749 37364 55503 52565 2592 8085 37034 50131 28426 43268 61493 38855 76074 24727
18870 9982 16185 15919 2641 4289 9403 10924 23632 16198 31347 20818 22557 23316 23484 11358
7383 7169 9949 9482 14406 9006 38320 4470 28678 40670 15920 14115 19926 15873 14607 29104
13001 15535 5362 1045 4594 3526 19101 17113 22372 5333 31938 11304 6185 16784 11397 4693
10841 20158 36527 29153 3383 87496 7078 6573 43542 36703 22953 8835 21228 5545 44206 28502
71096 18040 1828 8406 8448 7027 6170 14399 83170 28721 28764 57999 32678 15162 35943 14109
48358 9970 49019 10268 741 1361 23067 227475 17935 7164 24671 4804 38684 7145 21286 18889
6995 6548 6418 13322 4122 212879 13973 40336 28066 29106 35475 5989 35988 34243 9009 12749
25210 9906 9369 24939 3231 1793 20897 17538 2480 42414 23181 28073 50651 7049 18180 7863
37107 19958 65465 28887 1211 3682 3573 15269 34283 197245 25429 25561 8534 33509 2442 9278
10743 39973 77344 2925 8227 9977 37062 4902 17024 38874 20771 22387 7580 30457 11795 13498
12854 32768 4767 14977 11248 14697 82510 82324 35725 4159 34775 28765 31304 12398 11984 7998
23837 9259 46706 7836 24199 21345 18458 8717 36517 2471 28238 17287 30173 28352 22157 85868
20025 24284 32450 11190 16388 32886 27020 57239 25569 4746 3402 11620 16852 6912 78761 34523
38036 25187 24695 34353 23746 35442 24127 30314 4846 21461 11715 13819 21200 26967 26767 41666
16629 19976 15688 70540 3152 57409 18217 13059 93172 61447 21817 10378 21610 51761 27073 44364
56057 24770 27832 93590 1515 33470 16201 31136 74157 23709 47353 49719 10365 27129 8788 22344
34377 54350 93 6929 10107 21000 10226 9885 7542 27623 10621 35542 33401 2056 38930 15586
41997 17167 35037 63731 57774 7641 12938 33974 75054 58945 44614 45935 14553 59583 67951 16631
85266 17760 23429 86292 16075 6313 48794 92085 30135 9859 10371 12444 30717 23608 27219 36667
14608 30553 37257 11035 17440 16856 28464 10655 17628 4219 3128 64039 2899 23773 22787 22918
8346 9862 12920 26510 27419 13912 27619 15624 33105 17429 8369 6832 10736 22854 17888 6637
16993 24194 9915 10569 6612 12401 22889 16282 20053 6810 13117 63030 26747 63931 12995 25685
8858 59478 28840 24240 26469 10405 14995 2995 19605 7211 20228 79680 2458 12210 17670 8483
31779 34667 11523 31645 15282 31321 21059 24830 39122 26373 10790 49625 9357 19914 8707 54734
20703 20384 19072 42151 11538 40166 14761 34470 58108 160797 24726 26722 814 2621 42822 22266
17830 61576 15973 67524 14664 54294 58017 25591 44665 67284 18689 13141 18301 34395 15947 13797
89708 26336 17525 39700 171544 33126 64201 165735 57154 18351 16758 28942 4900 14087 9012 53946
9692 63110 8565 3268 38480 17898 32878 1135 7860 14756 22677 11220 3978 17926 24093 8548
15265 31451 38866 18506 15589 12964 29379 9183 6989 4442 1711 8473 21639 18831 6259 12339
11299 14759 43469 10212 14856 35531 26312 69482 13558 20470 19150 26344 1247 22433 26407 16568
22486 33504 25544 26458 72323 24580 11132 31084 12643 10156 16594 30687 20767 27932 10033 20403
6529 16168 8184 11477 3722 20311 19434 31868 13698 53697 17758 66553 28674 9042 22551 19340
16556 48768 9298 16770 82107 10817 242027 4736 21685 86368 5710 37604 19675 27866 37683 58871
16338 16399 61694 41864 5200 44078 123 17726 89911 31987 3800 27032 17955 241093 229436 19541
51905 22928 10620 30927 49858 7584 18597 81486 53573 60266 33787 1194 17084 6781 34042 19916
14032 42338 58183 26161 59670 9021 57354 30146 4451 14732 53749 32133 63442 31453 7315 25103
70416 30715 40481 29709 43065 7626 57636 52181 23479 7508 22643 10229 30957 28032 6834 3099
32543 29123 73298 38460 3301 26243 37237 2747 57291 37229 62460 73155 2992 16166 6290 17974
2350 18414 2707 20165 18608 3091 30315 9468 4492 7430 80558 63098 13789 57419 1886 6267
37338 52826 57584 7864 11048 12456 14114 41052 11845 45375 18499 4521 14296 25219 15030 20002
23877 5682 22200 30533 37017 18394 27189 32224 12634 5714 15292 22139 23103 17872 5724 34526
19789 24593 48331 30774 12183 10537 13834 78780 29648 11680 34854 23720 77876 37633 23951 28111
4745 32967 11642 23683 2263 77362 197019 54302 231807 19953 19317 74414 29625 27087 10677 27724
49252 45376 36028 90521 7559 17336 13844 17100 35124 3528 29617 2437 4480 17655 16630 25223
77391 94684 74946 7088 95558 30036 32773 16928 18690 13011 15114 15825 12616 14178 15381 35145
38473 7427 15692 55525 35543 60429 46808 51302 21309 37516 86236 24219 11798 17274 25283 31573
39137 26084 40121 16150 44119 10483 43233 16029 9120 33094 3262 7590 17020 14203 34482 617
11912 17323 4690 910 19435 14748 8405 9214 32153 30773 82609 6097 21760 33993 11141 29257
22466 48776 1725 23110 86700 38095 15296 28891 21893 15346 22262 14833 26334 7736 15041 30404
23339 12321 78904 18987 79275 22717 9732 20318 27449 12124 4584 27079 5566 18716 15756 2364
30465 9158 17109 40357 29927 20934 6816 17776 24463 28992 24501 662 16382 84533 69130 15579
85587 10573 28169 13087 19251 13702 32090 14947 15892 50998 4600 35098 21504 13529 33546 11107
60129 40929 27318 51852 34656 73439 61823 10002 10604 18358 7853 36910 10835 38275 14960 44505
37514 6314 29315 62278 28041 10138 12822 15628 11807 3037 38135 6947 60744 27136 4069 5534
4329 24218 5231 63464 15213 49352 17751 32880 8014 77107 30096 34282 88907 14923 37978 11961
62639 69798 48026 37506 59597 21323 70292 24676 14354 21454 25629 24647 89441 89009 36079 92440
67017 14581 13484 22099 6224 24200 30651 21587 11294 49061 33779 32328 26596 57678 7176 46927
22799 7760 13237 29122 10163 31255 5472 14079 23222 11385 34816 20275 12415 25328 38422 22033
12841 13591 25425 8460 13128 17220 20753 13190 31174 24556 25822 12601 12307 10727 70740 17604
30121 34624 3879 3569 19036 78989 32043 22661 47193 27323 10906 1157 19528 11073 30393 8241
12983 11044 45641 29559 3167 42405 18559 46633 42093 8529 4466 5044 47074 31961 9708 23572
36544 1805 9812 5125 9825 28810 15397 43759 8202 39505 6957 33649 40292 204245 65694 19274
31480 53007 38889 22525 16432 13262 27910 46460 20479 59635 83828 3795 35925 11321 616 47194
7389 12277 8839 94338 8860 1198 60335 86938 23815 69853 52049 3868 11966 87285 213810 41559
7608 878 82899 9584 29202 11355 64661 18536 57003 17696 3448 63558 27421 2224 30563 21621
2869 2309 89923 11959 1333 13690 71213 6336 32303 48806 6208 34589 45207 25137 28306 25395
8043 8616 9830 7174 41034 8588 15488 36098 19687 45964 20013 19110 27124 55036 17126 19810
71411 24230 69180 90535 52969 15720 29800 12782 36931 12947 31358 43660 37460 29903 1512 16061
14880 49110 2799 3909 32263 28246 13362 26418 10963 20417 24608 7331 38139 28043 6558 7871
18726 31291 75346 1454 20620 23525 39511 22385 11227 14066 18877 12395 22442 6459 24165 15024
13513 14421 9877 6525 18206 36283 91904 3047 22767 39704 15029 22817 33536 7787 17987 21004
58292 28414 9883 13860 6437 14589 24080 67277 16324 73799 84145 19232 20149 4392 17068 35893
32875 11719 53797 15875 13414 19241 31076 51128 19719 20374 86410 30446 77788 9959 11622 20583
3012 13747 54124 25416 17304 21322 29592 23967 9194 11455 43740 62076 9460 5479 33702 59187
1859 2076 3423 19373 47547 36817 3440 2847 17748 246024 45197 17311 5985 17289 222 20547
42367 53865 40198 38190 22740 48119 43831 17108 26878 27293 14976 3203 17445 43295 29677 12796
77150 69938 4695 19521 40474 59710 12649 35125 43613 13786 12624 19331 8837 25023 45371 9419
20871 240826 12018 25700 22232 4792 1705 30171 81411 64074 60159 63584 34380 10052 37600 3776
95449 28434 28302 38069 33996 1648 5363 7285 94029 14515 9008 11043 15327 19720 8115 38237
17041 19263 31233 5572 11293 9791 17300 17933 1227 14554 5287 7638 511 28754 55610 78285
21207 23270 1601 15262 11362 20073 7932 19406 2868 47104 37404 20754 20563 34107 79778 16434
11791 24331 26676 54871 42371 2627 26990 29203 70897 14656 9736 19459 15505 7448 6792 34007
45869 21444 27507 9174 39943 27649 11108 19670 2909 12761 38356 22773 5505 5962 35461 11754
22513 33241 23901 30239 45465 72103 11534 8673 10189 22240 42053 15833 12269 4866 13964 26268
28786 25315 35927 21691 62189 37671 14834 7779 26989 47913 50855 26917 25319 23644 33767 13528
59505 28155 28928 31269 20117 61544 23117 47286 53307 4102 35789 19242 21307 11927 38401 43777
16484 7727 3690 51930 17180 91921 9223 39821 8245 50021 1871 83903 14193 17822 59467 49219
16015 9527 4656 14911 26246 6464 2486 12683 26466 6515 49792 2030 7906 15503 21024 10876
26365 37078 60073 73146 210673 11597 67283 18431 37643 24781 32895 6903 15206 64615 11985 69084
53079 57123 49591 4373 77104 58042 36853 22634 33277 21979 74477 16379 29357 17534 83519 10944
77311 28700 34015 14337 19189 2459 27976 27841 7734 27758 29879 72063 83711 64816 25866 4463
15452 80050 38010 49349 32631 36349 25086 71039 5197 46316 12788 15178 88072 69452 67538 41028
48404 18578 91046 56253 28879 35655 33782 29017 28519 35529 72410 10047 33341 7944 20846 7915
3151 14688 14774 3374 36306 9558 8815 56892 4571 17773 65088 26817 2167 25844 92447 21254
54125 33002 21780 1476 46961 26973 36600 971 8963 28515 19200 57099 49458 43618 29442 64390
48015 12723 28187 7828 13519 5163 8735 29884 21250 22127 24002 11369 11633 29853 5531 22001
24101 21622 24129 11894 5593 19664 11228 9648 27190 9060 23487 41727 11072 19715 7485 24637
16820 27345 40452 3651 86973 28901 32022 7808 11440 60131 47154 14241 23940 48654 83464 10183
11657 14388 14020 8098 33439 7783 19525 9501 32620 7319 44312 26543 28442 30164 12740 12278
7707 6132 44512 8628 55975 10386 34134 180225 46850 55676 31367 33167 1948 20382 56241 68424
24869 14736 23273 92598 2196 10500 205166 25889 19296 50642 15902 26650 37441 16480 5717 4928
56671 35914 46095 22676 23935 16418 21299 24854 3925 26091 5503 25064 18892 14274 15399 2884
87117 21864 23697 19766 87470 12973 82004 51493 74042 60100 37727 34261 11781 90222 3953 58702
83758 60868 187923 20887 34171 15797 44606 15550 3926 17476 79232 61966 9178 39380 31489 28095
42136 20800 39180 25890 36934 31656 15319 36834 82999 3634 34841 17602 25358 10291 49436 24723
4723 32863 18069 65966 20482 10861 29494 10110 15108 21209 16922 7942 68211 22788 11223 13093
10122 27418 31641 53729 21482 25946 46539 24233 22409 59803 23320 9676 29176 5671 6070 19978
16621 4454 3836 14413 39647 15513 10382 43741 27000 70194 7535 16864 10926 33148 38932 16106
10292 8520 16376 56229 13017 20895 26317 3834 35016 18494 23698 14333 30441 76925 18352 10545
18740 11062 23099 30053 7057 25697 30530 16031 22194 20101 26832 12804 16543 91589 27713 59379
43663 18404 10842 17639 8302 75898 30068 27519 18344 17856 4811 12757 27393 41539 11495 17267
28910 18157 13024 16673 33770 35467 31477 45316 64973 23431 20355 4904 1684 59381 9003 14886
56030 10493 7612 38785 37746 44894 12320 11655 2032 18303 22816 1714 50017 21169 18504 12150
19293 26128 35424 1854 68520 9973 14271 13940 2084 44969 25704 20113 2976 13654 27521 39229
15402 31637 19524 93559 9037 93252 5886 8218 40544 20729 47389 22052 27861 82526 42757 8642
43561 12294 71316 35560 57011 47540 84234 20884 6405 21442 28481 26209 71528 10968 2301 59785
13943 16104 21027 41320 4418 63281 10257 13715 10795 16575 70894 20679 19330 16386 40980 12101
4996 47218 79500 29839 26218 42082 27965 20185 39078 32229 17128 34122 26327 35623 6962 20680
48672 53557 84502 53810 23556 9339 50580 83662 17572 13286 35765 71354 37561 13312 21957 5618
41271 9963 50976 20457 12293 17058 19898 21517 24495 42655 23136 2287 55956 32059 41550 14913
18021 13822 8940 3518 2368 19708 6601 16063 5570 5851 61520 16850 9121 18369 20514 38981
16943 25791 19222 46379 35836 71048 11493 21831 8541 72084 33931 19848 8554 18961 19386 52441
15746 37666 12263 30363 30043 17466 47797 60793 16092 29006 18253 34468 18379 40339 14234 15885
5776 38079 21300 47784 36566 29627 30004 42861 30157 1047 93519 14432 33481 55897 26498 52815
23874 42619 3061 85567 29754 58244 62567 18527 4024 11618 7655 34649 49653 12951 11842 9492
25593 11282 68526 6510 63284 10198 91443 8672 17072 26901 941 1513 66155 66135 9317 23535
13348 3965 15214 19518 19014 11531 35336 13990 33829 20074 10010 11501 21892 35874 27078 21403
18368 64714 3295 48696 23394 18072 13072 30644 40352 37740 24879 1808 2043 36353 29272 41364
10516 55574 27389 18755 48043 38130 28782 7799 6176 36979 2793 79462 3796 45685 93697 34867
194984 204701 8232 59490 11804 23283 55288 29440 57035 21414 31662 45189 10381 5438 49671 81585
45943 7148 30863 72185 44007 9643 16815 51401 50569 15762 50636 42597 13572 3215 13200 19798
16591 33306 28470 27352 19685 24937 12527 30546 58364 19364 56060 53880 11977 26641 8017 10205
63008 70221 27736 30226 48093 11671 21510 59824 79420 43897 1932 185440 38191 40419 19314 89467
31906 31544 746 63869 9638 1479 2009 10565 66470 9494 75458 13215 78148 7556 22516 28113
24733 11694 77797 23294 11983 25044 25744 43248 27626 5552 8501 26135 8413 2370 7005 22962
23753 10455 12797 20331 30366 37536 35300 33362 60163 1080 26032 12922 10498 17002 8903 22742
22911 16659 31890 15039 7923 30787 3674 8876 18541 20777 9789 16441 13364 1653 10461 10174
39438 27987 9387 28762 8397 10178 15739 209813 1893 5816 25250 21585 16724 16713 13657 42365
1570 14849 8555 28665 30412 7748 30272 35130 5541 133 17388 9149 10330 72434 47514 66695
9807 15687 8714 3803 38089 41676 8894 29236 40414 38976 35401 8233 24023 4390 19034 4107
3986 23729 70491 8848 44452 30996 23945 29358 25307 51209 75294 5650 30962 8273 18600 25276
32997 15728 9675 48419 66489 14868 31101 21970 5563 47993 23177 37655 41173 31369 63188 13827
28607 16152 11813 47351 1430 26354 11663 7757 10775 23470 40224 31777 30864 51178 11568 43142
30803 13015 9231 40747 37274 19500 5571 39141 45868 5012 20635 33652 6254 26889 47181 22939
22245 41743 40119 17839 42000 52922 10504 35956 14436 44378 22086 11858 20610 42227 31259 23244
28565 22530 27727 40284 31661 39017 11305 19674 7615 86587 20692 7060 9453 1377 39255 12394
37944 47117 58237 12119 17044 92332 207180 66882 25412 28857 66240 15263 14595 75672 78118 11021
10536 43394 13963 57048 35643 30038 36225 48475 46720 8311 13399 3240 228 8577 26482 1564
12368 62093 36516 30676 5516 13579 59210 63007 29404 29962 28926 28970 21016 11629 16456 25080
33060 22690 3419 28330 12585 16419 6818 35443 10040 40584 22833 78694 17454 19565 1128 31442
6736 15193 16468 17983 18252 14859 30834 20658 43558 37222 27467 23810 25936 26907 6583 34371
45626 22371 13230 12933 41839 9258 15774 59347 12148 2179 10647 11151 10351 2602 38251 33774
8689 39464 42301 42297 13841 10646 29833 28637 13555 3726 8925 4134 57036 22317 17855 48939
16944 25559 26961 14652 16427 28555 18172 8889 24308 31972 18098 37265 29306 43459 19457 38058
46399 37298 89851 18484 13309 43299 27897 24328 25548 64941 26565 21768 46886 10770 9454 14340
11253 25070 46785 64774 22096 22193 28712 26661 12484 39674 85456 37299 4547 8729 20774 31424
21048 11484 16146 8289 7602 5391 26791 21547 14714 2595 7029 21113 48645 27301 18834 22569
6230 52555 85970 29985 7437 194449 93669 20537 23964 16160 93503 70307 14435 198698 4980 75759
1689 72091 32239 148412 54318 92493 18857 42929 70391 5126 87960 31118 82501 44155 63297 229660
8497 14892 5946 24821 17650 5298 13397 93462 65335 15497 44578 29850 80234 11406 59488 44298
38127 42614 11356 15884 17994 29999 34600 26686 17247 73421 23903 49639 28985 13802 19410 7689
23493 19638 15690 6641 36967 73531 9353 56964 45802 47601 34952 2106 84008 34147 38572 41062
44849 50167 5302 41805 55101 67850 8099 4358 7753 16383 7287 33683 25442 1624 8794 29201
14730 18087 19233 10564 6415 40297 28574 22496 19601 24785 16476 17676 38910 53254 24119 31258
28969 6374 42804 20538 20665 35067 23211 64839 904 55064 41257 16505 6537 20795 51667 35420
15896 32837 6248 6735 30982 40482 14537 17865 27786 12850 26884 22960 3761 8254 9064 15898
31449 20406 16251 19342 16395 5330 11834 8430 2841 21891 18271 8893 6693 16940 25407 24469
28222 243246 9533 36913 2379 12065 31419 18310 13544 22589 8663 21560 17208 19568 90225 29784
12588 36520 56342 27358 23159 89230 37126 17882 13840 16068 13046 20316 23842 23757 30328 22328
15572 45205 3865 2103 17827 22738 8582 32141 26075 3226 10041 20066 17673 19684 861 16697
5968 17836 20398 26183 7533 43688 17625 42606 64777 1687 56698 31128 11122 7351 62924 19700
78400 36673 21701 16047 36898 6541 8523 8091 20317 5474 21620 8219 39465 6549 3715 17296
43714 10445 27795 7500 55739 48753 68453 2053 245 34920 16893 26793 56162 41278 18295 45416
2138 1894 30743 26299 51691 79314 36460 6152 50643 29451 2324 40447 8615 26320 3067 24652
213261 39397 30212 87354 64307 24368 1977 34902 11851 209010 15395 12182 73190 44672 15080 2145
31584 8834 75829 20308 69267 5274 13765 52456 10702 27168 84271 19239 13251 17117 8180 93399
17462 7019 20160 62501 24746 5645 23282 62770 14975 35853 32872 15854 1760 16254 68964 27667
4057 66708 683 9797 65838 26653 87554 30906 47445 24173 9674 8701 19599 75830 23661 16499
34923 25455 30775 13027 2479 81673 48636 20442 11762 6814 27731 84477 63375 32623 41929 59944
30263 69039 92188 33593 2786 31552 17600 46847 26612 92527 48833 62633 38274 26640 10147 30932
20604 21464 22891 32187 13666 14788 26957 60442 7712 92916 67574 27312 48540 15333 42898 35374
8937 11341 21582 26401 254 13608 31731 82298 31423 85146 25618 49693 60362 32604 26809 39937
33741 24529 22275 16315 107 40373 29893 10976 16045 34407 28331 47307 16298 18522 13016 42484
33240 22057 40677 5707 19781 25832 4717 15766 16224 22649 11816 19333 25274 9846 9939 9685
3144 33118 32404 6477 42485 14731 15156 17921 2351 34670 18785 7583 20684 23481 2262 14864
81717 18196 30820 41359 10958 15633 59732 19060 93896 8900 82976 1363 34460 25456 78317 55813
20608 4270 26982 7705 36295 6833 29891 7361 24391 26928 17814 14058 17629 12068 25303 48343
56641 4892 22134 18450 76190 12946 63511 82755 233390 16725 39107 45981 35456 49160 47173 4233
29878 3006 38965 7802 17507 68605 15291 26273 8627 11206 2777 9922 14235 23699 31665 9416
31838 23850 18445 41231 8225 6509 93142 54040 12996 15470 10206 58567 26685 48473 21814 2589
16307 4236 83362 30183 50590 24460 44212 16335 5934 18786 16720 27188 19748 69533 9937 42939
53045 22897 21895 61889 41280 4377 64558 35751 40758 35704 57442 9947 10938 39774 29538 48052
10846 46332 22558 37152 11570 7904 12462 88027 52341 20102 90010 17263 42613 16520 17840 230904
34176 21880 19208 27116 51198 6022 5328 37072 35679 25338 61405 74381 60919 68647 15328 23498
42705 7278 67456 14221 8139 29817 13393 10238 216781 35181 53533 41490 52784 5423 41627 52517
81779 6720 59204 64021 12647 36150 30692 16988 35463 47501 50875 14488 13989 22094 47641 17185
15626 27469 4912 14817 35538 33295 45239 28551 16909 37569 28954 25763 5997 20159 25155 81735
65020 7851 75750 24496 2241 13106 14131 33710 22494 49209 43285 14838 13542 16954 56425 53402
9404 6569 56411 17708 26554 20005 3346 9304 26248 44013 18091 15721 56855 17077 26307 7703
93434 15493 15204 8064 38901 10543 21738 7209 12460 5909 25091 790 65154 19228 6582 26929
45623 62004 17443 43489 31784 18447 24560 77236 16473 68530 11398 2580 29118 46317 21926 32662
22606 24167 14498 11453 13033 7413 21753 43050 84893 27222 60161 20970 9044 4444 14377 18671
47703 14358 18420 31433 24543 1712 83034 12928 25285 73845 19097 28520 68943 42103 15860 55645
29611 71739 19823 66682 55710 25014 3148 55566 34935 26006 22782 95613 73257 11939 10032 20270
34020 13689 1268 17943 25891 15612 12957 63266 69345 20484 50952 7994 53236 34471 26013 14143
33761 64751 24009 63113 74593 3801 6078 45138 21826 6911 12741 4518 12876 51790 231 43499
91247 32673 10165 16836 27379 47363 68502 30561 43146 10746 52053 11504 24193 14292 31951 11637
44272 26593 35981 64952 91613 23919 62959 30451 26778 29287 20957 35726 39049 82555 6504 63898
22230 5304 7821 13172 6131 49097 53928 7537 56410 68835 48891 80060 43652 38637 57670 4633
64058 44334 1360 92625 66043 11883 78736 32291 7090 36724 89092 15865 65081 52967 56193 179743
5411 6111 41699 14314 58720 5607 7554 10896 74438 8466 12542 18448 11182 52489 1418 35251
15173 30261 27632 28474 21690 28466 20542 618 8762 36547 16465 4415 25524 46930 6158 55618
48715 28588 21914 75867 15840 35727 56264 61838 6368 3016 18839 58068 4517 31747 28853 10584
47927 3345 25849 50104 12461 9391 12477 3588 33866 26760 15808 79583 18023 9598 19489 4304
22440 7182 14257 9392 34146 22132 21245 22855 16687 21216 14038 12077 25149 2284 31178 16897
37619 19347 9228 16173 12541 49848 10639 26944 20599 21110 7221 33955 20425 35635 27298 3659
17089 52108 31348 63227 34929 13388 28451 12062 1895 29681 36942 26927 43129 7711 50763 34790
17082 14586 38761 38381 14555 11171 17529 1057 42741 19132 2867 45993 12627 19742 19818 22451
69307 42464 44669 11105 3283 26775 14631 8927 24382 163803 12653 6359 6277 13781 29074 69716
49172 27396 9856 12838 5066 30691 24740 33145 50139 15936 35074 20918 8371 13684 9302 8912
46104 8339 27119 31615 5213 6442 8138 12566 18202 25905 38923 38880 1944 19039 18396 19087
18588 31801 54015 19952 17759 37066 1291 8265 153887 27833 26923 12587 8767 15814 27017 170458
2220 16890 13143 12755 37094 3380 51087 21439 57745 76858 46608 89109 93615 28662 38978 32237
77518 9236 13209 12557 48795 38625 29554 13226 65229 7324 4561 27395 3787 18864 66615 6114
5478 28742 44283 41282 7897 56612 7401 24033 16642 28000 63043 12709 92712 197536 49879 82095
21561 34506 59116 20432 33535 95116 67147 3670 62043 79933 46863 15312 59043 86208 74361 89853
20991 18250 69315 3126 79569 85728 37047 46916 3891 13744 64433 20631 18627 9653 24577 18631
14611 49316 770 24679 25144 36786 43729 1529 44047 16099 34532 15222 18698 34729 3313 48910
63903 9716 34919 2565 13733 46209 12429 17845 25104 31966 60379 12857 16592 29294 28282 9559
14967 21143 58143 30481 18214 28932 54684 34664 19808 33952 14040 27232 33936 50973 13140 22506
33826 34807 24304 31627 33625 17765 41605 12156 1681 11297 9282 32826 38284 205428 22763 24912
27060 9940 16289 11121 71420 42905 14081 24146 30287 11394 59255 66761 19149 12772 18140 7438
9623 8080 20725 9525 35325 19592 2856 15769 36377 11012 34322 28183 28958 47561 9048 13762
25325 29436 33602 26940 22922 59728 61516 24660 15751 73704 40152 2505 5204 71269 37366 33095
52853 23354 48203 37770 10197 35241 21179 9435 28669 15742 6790 45123 16457 31639 10128 16810
22214 25503 20674 12196 22293 12910 48572 3100 226 58614 43081 41353 22226 37570 32726 18693
6225 19965 6880 57069 29233 29961 12001 41156 20662 27097 11574 2177 68322 37254 92986 30913
12104 55853 5087 4938 9945 40290 76293 4798 45232 26124 79848 19850 72609 85414 36791 16352
2217 5927 213056 45529 15679 44249 921 24904 20791 64244 2871 19321 66768 20106 5318 19152
21373 63291 29643 2685 10764 8040 7778 4323 165500 54210 56986 31418 28320 48975 22724 43568
50913 44301 35183 24094 47264 13473 20461 18779 22405 71196 37653 26570 26406 41652 17543 12518
79739 57208 60180 29637 34325 13284 47324 19912 48905 23986 83495 16010 66034 10809 22172 46902
13864 44492 91452 90689 15340 34966 89932 85776 10434 62049 24170 5808 5460 75751 40931 58460
43861 54360 42733 40784 13369 67921 33146 5382 12118 28140 4842 65758 19220 51623 46768 23728
30248 22485 34198 56677 27905 29238 22175 36590 20782 41986 13439 3143 7894 26089 35604 2601
19705 52575 16149 18639 49825 12346 54333 12145 37733 9405 32026 34018 27290 27749 17005 14984
20208 47317 29482 37119 67144 24687 27643 12116 30941 48281 33138 17960 20412 24138 22800 25015
10917 21019 16300 23061 51563 22484 4977 30535 16845 34474 10046 21054 6531 30935 19628 35142
195327 6855 25616 22793 39594 19889 8287 15417 8023 14588 74509 39703 10264 4038 32394 21078
42406 30614 15352 25400 29726 34990 18758 76533 34465 4261 16609 24923 21270 25016 49100 15506
39239 33286 12676 24149 3157 18833 10601 15099 13806 36383 22477 41392 11426 31319 5936 9581
53751 41234 1671 18563 9319 24590 34773 242343 16883 4278 11301 12459 17610 28099 5232 61798
11420 28055 22468 2508 14444 94638 32500 33200 19841 4972 28727 17230 13881 37087 39185 26388
1256 54389 22316 6217 26825 27930 24203 5408 17425 19743 13633 52513 42995 3691 26946 49998
10482 14419 40602 21261 2517 7295 14931 8123 13441 28671 42669 11658 62269 9815 33039 23410
24642 80088 83789 44843 78274 71592 62105 25737 66690 23346 9659 45984 44123 15933 3041 68941
17923 81561 25300 24427 93467 27437 58253 49141 11875 15446 60738 32690 57818 89862 20056 31875
33583 5291 14059 39721 16799 74648 9466 13105 11605 3531 3729 672 52562 75649 75327 35692
43921 11827 11555 30824 65870 55299 20683 8973 22517 18323 2826 21102 47833 2674 731 54817
8962 8661 8499 3343 44629 33647 2063 78119 34879 23465 87694 13318 17212 32497 37270 20722
76946 46137 22369 29731 62151 2396 4070 87150 50450 24675 38999 44829 53326 32835 22274 5452
19130 8713 89934 27602 24439 25087 29577 20064 26383 50614 52490 9040 23331 66158 16222 44331
13159 34019 42628 14047 32947 3432 4020 15170 30456 10254 62706 23497 75502 2983 40108 21568
60742 21500 36445 5940 25788 17739 30955 41801 25896 44217 21427 36229 19537 42191 89314 32903
15965 34063 36141 53136 18075 20059 9497 44109 12422 2524 56595 51216 92261 27436 41795 15393
10479 40967 13879 80005 20701 8481 13091 24171 35694 47434 19980 19322 88468 82588 77666 16739
39945 30360 4258 74962 11679 61602 59141 76282 3760 16603 89575 33075 13021 31816 81310 77296
66491 12668 28961 84038 49443 20959 14231 24689 51129 48555 12194 48718 18513 10971 22550 16317
34572 10654 42853 34337 13455 19623 31267 66509 17599 23563 12364 2382 24621 29978 22856 5899
36145 20060 24365 60389 19019 25508 3305 21577 15648 22282 36626 53902 1456 181444 35564 7367
23032 16249 27317 56812 22827 4428 9168 13315 15946 37755 15152 2768 25661 8003 24366 27827
20749 29564 18049 12481 51864 207892 13428 28538 41702 26616 60771 43284 41019 11388 7386 12861
6804 70591 67369 17346 16932 5623 25233 12568 756 57223 42159 40317 17886 42762 37631 14570
14889 15031 49296 14585 50377 60689 26887 20156 66434 55029 14226 56887 20983 31294 40949 15227
38136 33393 244637 61389 48396 91983 23791 31609 35076 46418 31098 42139 28893 4573 37612 39450
55779 5299 6527 45918 23719 64312 51952 11767 71369 21360 180560 61608 12161 55968 67375 15406
29587 62073 4553 68094 87033 8829 2827 25386 87173 10916 61759 48430 43844 23966 54998 12243
29512 21096 12207 19893 6039 28924 5396 69402 49714 32641 37852 4657 41293 43727 12516 49927
15431 34822 25738 52838 4249 37423 60988 70515 19951 72128 17880 85503 11465 72123 60866 35398
8142 21535 35687 91868 32449 53851 89542 6354 32381 19977 56364 5053 71774 11706 16347 35051
71290 72075 41560 86171 15052 29166 22093 5768 18661 9351 79222 29993 69947 21773 34059 92852
57668 17463 75049 59637 39792 47070 22941 17832 47891 9201 21948 17940 8700 16233 43856 24716
67076 8800 28975 35803 22449 5984 91108 20434 41233 6268 23770 77094 18869 26358 8502 32785
29750 22333 49010 22994 5998 38100 12509 13736 10090 14134 811 61923 28940 20485 31955 29998
2549 32242 18387 32104 28304 6909 22270 48836 25819 21588 31427 39138 19213 15803 17009 21265
55958 39277 30204 18175 35189 6885 26410 36489 20309 9061 7856 12884 50975 14255 17820 9787
19024 14763 28746 86060 19080 2346 3334 42072 9936 27544 88592 38276 13635 37589 48395 57962
3600 24228 23456 25733 30008 36252 11419 59197 28439 20490 48248 34487 8453 30382 42164 15196
77989 14663 39514 28695 16540 11337 31216 59560 24019 7969 21463 67518 56340 35798 12781 17685
28177 20029 56437 26151 16577 81379 24235 9920 22305 7977 21668 73090 8951 57685 88731 35525
94261 32871 1837 50090 19163 90140 7097 30141 5647 26914 11893 47554 21756 34388 40713 8077
21165 23739 7910 19613 12932 32537 45374 28774 12260 26705 48420 33784 12109 21074 33872 63064
16466 2729 8910 59942 75999 47973 8317 40107 11047 44141 31075 41977 38185 55232 11567 14673
28704 7848 12694 20099 17828 9240 236914 89317 75418 56504 89799 18730 28147 2133 10914 72860
19466 19062 21682 14400 5057 46265 38899 35637 14346 15733 60166 2636 51158 28338 8570 16778
38782 43690 2935 41443 4240 53071 5590 42547 20975 242210 27043 65077 218093 35433 91170 9852
872 24329 14385 22285 91952 23152 10759 53390 20863 43327 22064 55373 37003 16228 45676 24376
21849 14411 1773 29745 32723 15962 38598 60470 80331 88540 64042 18357 72645 9187 32857 18509
11872 28253 37331 24749 8915 11046 53822 70290 11163 24932 43910 46459 29868 85517 3246 24004
91145 4771 2129 84302 64689 18757 13745 2425 2497 14556 11800 24109 4987 25371 32256 17641
88757 7130 38327 67297 38177 17164 15504 59308 34943 23557 13462 91192 2278 50232 66328 57359
31650 48717 24721 35474 19960 23444 39843 42216 4043 16794 26539 14932 56511 34305 15211 46611
21704 186762 84112 33611 27973 37485 56182 72725 27228 20375 21832 44980 27735 63847 80885 13352
54466 35922 75491 48865 1540 50460 2718 23377 7470 30284 13671 41784 31466 21362 11433 37317
16980 35530 74399 459 23209 11010 27402 38483 62088 16602 24333 18453 603 25212 18979 74087
36401 56107 44515 39799 17248 27504 9694 480 21998 38347 74828 16511 44770 24681 7859 30879
13902 25333 4834 14542 44570 25705 28761 25133 26600 40435 8440 18016 31879 58864 61842 19096
25089 75122 7855 28100 39972 37360 4622 18654 30638 17003 79476 27743 70902 26896 32913 15235
22425 36381 27769 15675 47406 62910 23927 2310 78753 17775 45178 28475 23517 15694 7363 54709
18270 27539 68858 77421 9770 5838 58597 41108 22424 49709 29818 31284 30621 85255 4475 24207
23059 27949 85869 16278 9406 38589 29378 14375 36670 27045 10590 37924 87805 32487 54215 9311
62792 4818 20132 35261 18133 20699 22162 9813 19070 25265 26659 41366 28506 25900 49210 5815
4773 5969 15673 43605 17704 937 21237 94692 18074 3942 23261 44831 22318 31315 20181 13791
14351 19083 41600 52365 39759 73747 9952 48745 42149 2079 68124 46385 6845 63993 23568 75760
43532 11600 23870 27118 30021 37539 24057 51619 54534 8082 7560 88047 2293 48876 8345 44221
664 10337 17378 52433 885 27452 8167 53057 31330 6252 78411 227074 53026 33340 1457 34937
29796 32661 21857 1586 25424 38433 57563 29560 17125 63452 6738 23185 17743 48080 31428 54541
88868 13764 29454 78037 8844 74582 57125 3335 59739 12717 12836 66269 73171 15050 15347 39364
86338 26971 13945 38729 9577 18376 11181 30064 34406 72805 72322 34437 78724 10754 22063 5258
244288 8874 37429 14347 12448 73262 26040 8732 9427 12881 15453 33768 91028 7636 80692 4615
40506 59865 36951 38958 58922 23012 39652 1288 13960 1419 13575 20742 76500 76939 23814 39150
33259 28161 36944 29157 24938 14907 30337 14823 5990 38581 65864 1536 10442 11539 11409 10588
16148 51470 25255 24412 45163 2960 13456 87608 32916 40539 66071 73141 37972 28382 23435 24613
55249 11372 10634 28348 16240 34313 51880 2139 23360 2742 9927 4211 29112 77402 216007 55175
3467 11898 93324 52270 17470 13884 10299 8758 67292 10049 7433 33250 18188 15533 42270 17763
76017 33254 56084 30316 19716 13562 35334 55933 59733 29299 33914 6806 7632 20659 20078 73530
53981 2017 22627 35909 39429 8383 33855 14205 26699 19902 8605 18684 50079 18966 12852 53027
16319 26544 57484 894 43124 34153 56370 67580 40727 74046 3285 10331 9520 63310 64899 4707
39192 10807 11391 14910 70535 18057 32689 28829 3171 31247 3837 12919 38799 20736 13727 55442
16454 19822 8911 30332 21116 30089 31805 82006 31907 25911 7744 26104 17997 32442 17312 2652
19138 35969 63179 30805 29268 57927 43289 18500 7831 13045 39139 38891 36244 58118 33256 16343
772 49477 22900 7305 2670 14464 5261 30056 11621 28443 21712 46734 12659 28229 31413 15264
10124 9335 67827 214010 63532 73165 9699 4783 16706 77596 9421 58957 22985 35298 41375 31130
34679 6475 5510 69848 30334 10352 38712 29780 56285 19468 53118 86546 70700 392 42403 20837
30052 53702 18240 27356 19669 23536 17244 24339 34827 431 32048 65775 62434 39950 21409 36127
26321 14775 33778 1109 38344 36185 85826 41042 58955 39025 20653 1408 25997 49067 32337 15745
16036 41679 1964 18309 53343 93287 8823 15011 33442 48125 16066 19793 38984 32928 65031 19192
4587 10284 25344 44475 14745 25627 29288 47438 19292 79902 73406 41662 23672 54234 35179 35039
11089 20122 86937 71203 52437 1582 19671 28085 85707 17087 16941 2780 56133 37356 232995 6232
57715 12906 14472 50402 57250 1237 31192 17373 4426 26026 17114 88764 35550 19740 11560 23342
88200 24403 4282 21985 23184 17145 48524 8748 12626 14637 37022 39675 87606 28496 4146 2244
6109 12536 43939 2064 42438 79185 62871 19287 68901 14372 17294 17834 15704 93704 29933 39907
24991 6488 5375 81054 30151 43169 51266 53513 61678 51488 45448 67504 20213 13673 13669 29174
39500 7299 82717 54050 41861 25643 95461 73246 30682 42266 29183 79492 58621 72039 63067 20804
5736 60033 37180 31097 65272 79471 2120 13755 16768 60862 26517 9508 24262 42181 17915 29085
94276 6289 15831 59699 58701 47229 45744 66739 35846 59367 21827 6916 33559 1443 47410 13813
55027 37474 33899 66483 46786 1668 23913 30066 49992 3212 21443 4155 78592 3734 29281 67154
18432 3780 19488 47495 12379 82881 45586 50275 26525 16175 20186 18792 7648 14830 16134 18674
38145 21406 24935 91175 5067 59338 17762 41479 20359 15725 45054 19217 15433 25707 37060 24493
26977 26211 84673 23272 29337 23343 42960 16710 37739 25504 15028 23620 30527 3260 23009 26939
16681 89931 11429 23856 3931 59271 29459 92906 71205 41665 70853 21736 963 18553 54900 25068
24897 50096 899 928 42189 21172 12688 1093 30740 25592 27181 32783 10082 56839 18377 29385
32845 47340 83761 53302 1790 28681 36231 20496 13728 7022 34635 62409 25383 35937 32243 28552
30181 49058 27480 59911 21446 19123 12404 35057 18933 54367 20832 30298 37806 28005 12891 55718
39653 31891 32441 17666 42108 29050 77493 51479 9790 22770 32121 21652 4445 19775 69223 18041
18329 14867 58788 17027 52699 18168 30520 30397 55535 32159 9481 22528 13236 28956 38666 19480
35622 43947 42486 18185 33304 38773 224800 4126 53566 18692 1514 22026 71064 35677 3775 28170
48566 33053 42335 6614 95226 23767 24126 7454 29831 18468 1039 3546 32565 43707 3742 86067
28428 18830 4789 50367 14457 12534 54013 41829 6015 17032 26254 52920 18047 43611 27498 10489
12033 8656 45834 23022 30946 17305 14713 19252 48286 10252 8052 25693 38597 36004 17065 65531
41239 2875 32703 1125 75782 76508 10675 28186 71584 27151 38264 38686 34809 9437 18911 8063
8351 30655 48164 32345 57496 85182 85562 3782 35845 11910 14765 19411 67116 30581 22806 75113
30713 35528 49810 13264 21680 95045 59499 31107 2913 15802 10074 4183 34074 21251 233326 7365
49282 22028 235489 81868 53774 21734 6780 40219 79149 8644 88367 85310 32288 153495 5750 59364
2323 17092 79636 36474 15027 48265 7949 49068 23474 12064 45765 7387 25221 67747 1498 49724
3224 68848 36660 24596 23180 64157 47711 65529 28340 10310 7429 25833 4169 7878 73289 5777
24624 33033 34016 47277 12986 7494 32135 3563 41836 22319 64133 90785 17483 8347 20766 64138
31467 79268 68600 1448 14064 10170 62819 14264 23846 590 73356 55021 3832 21593 22674 85175
88864 20488 66389 18868 63501 28252 5254 23040 16077 24010 91399 52120 35274 35555 1941 19349
7498 44852 74179 8734 4810 89848 73117 18810 28822 73883 10681 59214 36751 14441 58742 81293
78601 14863 29828 66367 84027 5184 29212 37365 19668 19507 16171 24001 74043 91366 30439 18576
38486 11721 24528 57657 77463 91492 15403 66769 7742 24180 20675 31325 25510 14023 32788 6178
35186 40183 6556 20814 38451 27878 59102 43062 23950 2402 13193 65779 59035 27703 27946 54043
11165 31983 47780 18845 26654 28606 78398 19561 4339 33760 25948 15133 12197 15361 2701 17162
33093 51586 86422 59831 116 34075 24839 23630 11865 38634 21637 6623 17045 2828 25074 3237
30269 31397 22412 6501 3597 23145 8288 41361 71917 156086 91796 34888 13520 20397 26491 47733
60735 26380 33188 930 53030 45743 20201 16958 48735 7597 25624 32179 9544 21219 6156 41424
45016 49747 81850 46878 17513 4883 16360 46084 16708 16070 27823 14871 10557 32770 15793 19301
39421 21640 19052 54517 15426 30347 33448 8941 21006 35007 59056 12025 30987 69724 38024 40870
60110 50605 85927 6245 76280 13713 80056 9374 59118 19442 40678 23956 21853 28447 20589 6063
17869 92137 27024 75580 28148 8001 44574 41298 19792 23000 10627 81297 88469 19919 29260 57283
22654 61315 48345 9510 9785 7395 28092 60559 45312 30999 6621 59890 38086 22576 37043 8282
44663 29890 30560 2979 10167 37729 23883 24725 9171 18739 36650 42182 18678 12528 91838 64455
33554 6805 10631 22360 10092 13906 27329 25986 13005 10563 10465 40204 17321 19680 47493 8169
40559 17593 19712 20843 42318 57796 22499 65983 35488 82597 15286 15025 72913 11371 32638 3940
21346 12095 26155 2152 23804 76116 33001 62900 13067 17790 223693 64328 58122 4721 15518 47755
4923 12226 27484 44918 22014 8422 24195 38287 7955 44090 37446 27010 49161 4484 39813 5952
212169 21631 43141 22630 53070 167395 5310 4782 67194 92768 5966 54098 44229 38279 27179 52561
16583 71937 204910 104 52251 44102 54331 95152 26012 50049 18113 66005 5052 26436 26931 58191
49830 31244 24720 6419 20256 6640 39581 70534 1981 14214 72364 6425 35002 25075 43179 11544
14343 23637 46914 48594 20046 44698 30690 29520 91314 4838 28356 20696 32579 62720 24079 6976
29797 52865 44005 3601 81188 24959 22882 3451 11505 2918 61574 17590 16490 7469 91850 3461
55802 9867 46185 31617 3907 8359 13372 72707 42815 11157 15299 15567 23952 29527 21026 31610
35980 59265 13073 71147 54440 31209 5697 30230 21641 9092 17110 42310 8310 17815 25225 47639
68458 72611 48407 51204 7354 31302 7120 42380 15776 57711 46318 5537 55658 19703 502 12187
12358 68034 50559 35719 7080 67625 8316 78956 62737 30196 33922 5195 44782 34875 7330 28256
33305 81997 15448 48874 46398 80861 47480 22823 15128 44529 1781 29640 15715 24564 53274 21655
42465 37065 28203 16346 3413 33416 26635 42912 13539 8793 39926 28699 61992 6345 33989 24719
69627 41478 12291 62062 39751 32728 53764 15348 40580 7208 42525 59550 33818 25971 28241 22957
61530 35706 55807 28390 41142 24782 83117 1769 11100 33733 32504 11008 42003 36416 18617 10140
16648 21079 51047 12551 166454 42470 10204 10208 71915 4583 37302 44670 8536 29071 1632 30753
16170 12644 25343 2696 12960 40470 26029 21886 49102 23655 57247 26477 40189 32279 15060 4461
25974 3071 30486 29588 23769 70368 29966 13977 65653 18718 23299 4837 70937 14599 60932 45297
25047 33538 29234 42314 29452 10439 32372 10722 34503 11390 12233 22498 34196 7956 35612 32540
71122 46295 2541 62213 76646 92355 78389 33472 11561 3574 19261 13178 62550 42524 53653 58772
8231 27590 40952 9775 63634 54897 42228 39155 4503 11669 7177 50764 47805 20569 13435 19461
65770 1382 21109 9464 3182 30155 7618 68309 22151 8069 11625 24742 1701 39467 51855 2126
49465 15335 17672 56557 14470 24832 35752 41908 7379 55879 75598 53547 64645 58655 12719 20648
61399 1998 24347 11962 58875 95393 19942 10538 18066 34652 28346 36018 14121 67092 25165 22952
34264 31800 63409 48113 24113 33194 17658 14249 39811 26421 2558 55087 8543 3263 15205 25423
5501 5943 22113 65826 48659 69668 41703 38620 22255 8223 21451 84355 20747 20307 24148 27008
20100 49427 10712 16779 224667 91635 41650 41713 14137 8919 43691 62318 90332 31582 29457 93034
23857 35883 40175 60298 51740 49415 94862 2322 4988 51886 59453 92741 19878 16296 21684 27796
79736 18616 41054 15900 79023 8686 37704 62302 21460 6540 13336 224470 38606 31882 20908 54656
1215 21356 2068 8281 18948 27526 6597 34707 83177 8389 10357 55885 2994 2642 85870 12272
53309 36118 43208 84497 83553 10034 22579 11644 20134 72772 20105 31153 9089 17562 18218 21160
13044 77632 40802 7735 46680 17111 22258 10089 59844 20427 42154 90409 58317 8068 8046 9758
16624 19583 11467 20179 12548 27281 3934 36496 47533 23977 31261 55856 53211 44290 31997 13279
14395 42615 17038 72571 42880 28465 11028 6594 83275 8475 11399 41229 36465 5193 47701 27651
66757 27682 17738 48071 11650 207269 16049 67433 39637 6551 57945 38528 58354 14035 29905 95681
29293 64273 28243 62097 12813 17544 7811 48577 44780 27265 20043 54118 11210 72285 7269 21714
1202 29149 18311 46773 74302 90654 33005 35940 38726 32258 15414 24765 62168 49564 27869 17892
15367 11692 14988 23122 28776 43471 54463 13779 36912 29169 15856 42966 46343 21767 24086 32219
33565 5521 11490 21312 63881 61674 41211 50660 14084 18756 16231 43334 46710 24534 23182 83209
39426 39686 50471 23702 45302 13108 44372 23161 16021 7151 90810 78590 44350 17474 1019 13168
8817 63913 34126 52498 16402 50714 14981 225322 25457 18539 52461 993 24089 50846 17691 89348
21374 15767 43891 6927 5351 52837 67606 31432 28945 19142 7819 8049 16133 20554 46889 16515
25586 40408 11971 12079 20522 22811 5855 66616 48303 32582 38764 60757 91657 16219 22561 34403
43986 77225 86173 1861 6384 39795 32095 28425 45409 63854 26860 35259 23482 36565 16107 48825
1115 39336 42316 30462 27805 8002 15527 11783 45858 36935 49147 56672 68480 3192 31795 35948
8204 3852 54217 59826 91463 13631 59537 12888 31493 51006 57900 30353 14850 21218 14476 17584
65222 62034 22195 36721 16639 23221 21520 33657 61629 25881 8234 75201 73300 16599 13378 39306
21873 8195 13271 12664 22904 25453 21333 39976 21747 21695 25161 95270 68208 20731 7539 26656
10517 43651 24261 25773 11835 2399 24559 37973 80893 14093 15212 49807 31296 2345 92564 14800
20905 15147 68284 7336 13311 14989 14428 36153 21066 18900 11263 70417 20611 54321 31607 37687
14393 699 35841 20904 40388 21153 16589 37300 25909 206347 75579 22244 15530 39147 11513 20670
28444 63144 63525 50729 38329 56733 3314 22219 50044 43374 4939 22741 45808 21459 31457 17887
225 28976 55497 58302 10146 27532 21870 15977 110 18483 26678 54860 8592 56082 72081 12706
45635 83505 94157 50769 5565 14157 90086 77396 20032 95200 29077 50398 67030 26799 67520 81094
17397 19324 78685 7045 242 8790 2060 89621 870 98 24766 15705 70073 39125 16030 35080
4997 9390 95161 8327 2861 21104 7700 22236 82732 175206 81396 47573 5401 61646 52303 38838
43771 47371 47383 13246 4979 23135 92473 57513 42695 42911 23822 50233 30358 24974 43365 85721
15738 9546 4727 24734 20822 51092 50480 82334 25050 18874 45066 10028 41266 10466 22003 42429
15353 22946 25523 22242 9516 10006 26879 71652 5072 54638 11871 94170 12563 38817 9067 236370
5925 32388 28906 10640 826 63656 54796 33801 52160 19315 24334 70975 52059 10761 29502 82279
22698 47997 34154 3147 53024 83808 31752 60995 18053 53269 14261 86708 64723 30838 11730 23884
60814 24038 40978 89036 42116 15789 4318 54698 18854 39446 30017 41793 72838 28706 88753 58036
27354 24121 53294 83045 48441 22031 86491 8917 58454 17320 36449 57683 65625 33490 21450 27613
72409 41813 44020 7681 8157 37676 15382 3900 3085 6516 24603 22306 65546 20076 22320 217158
3911 45942 95686 40111 82932 75576 73938 30479 53648 37737 87871 41248 17509 31824 16855 26508
55666 45468 48583 41276 58025 68412 66905 56095 34440 24060 25542 83145 6101 46553 30701 58469
42152 89204 9733 20732 20821 22663 27885 19353 39214 15164 38557 53276 13847 45195 7516 13865
21566 45248 53952 29697 11942 62206 57959 82734 35272 25709 50648 11387 75952 7670 27670 46315
79148 48500 40995 67139 70822 29094 90586 21551 70507 27206 9156 6808 38495 25282 15220 29014
22825 42849 32732 26814 16087 7849 31679 23045 45781 40026 14815 13900 9038 12521 15528 18382
37945 37135 54209 4591 55488 20192 14852 22247 27109 9086 10741 31958 55402 28892 13481 7838
10468 41258 67056 66886 23116 35177 23158 34296 28037 34747 1355 46163 34319 22478 25939 24982
44589 1055 21070 17971 955 23562 3971 25379 7224 15909 60390 87325 16169 20716 50438 69714
22294 18645 44531 2546 42166 24867 62117 12142 23684 8012 2025 23163 13618 17055 25793 35826
23191 18542 13621 10911 23614 15228 25690 17420 34613 49696 75485 31385 187637 30869 45535 61587
33991 5026 4176 22572 23439 65442 52234 22875 27276 62069 24557 52193 7589 17071 2751 18422
13232 35544 29881 31822 60696 17200 73685 27780 1672 15190 7690 21318 56826 17239 57330 38249
16526 12228 48603 6067 55357 4118 28468 33102 17219 26647 26236 41712 31137 24612 41915 59085
13895 88604 24944 19947 29621 52606 21800 45051 80375 13972 17591 57971 11033 48526 21428 1766
77603 21094 73630 67817 54958 74499 50515 24236 49221 79174 30207 36593 67875 28396 10732 33621
6944 12281 24217 9488 90293 10388 76115 23143 18430 31249 2295 47663 33219 27918 48423 31860
40385 23890 27502 60958 91436 11271 50332 87052 67473 6949 30295 14996 8229 18403 221308 58445
46018 49855 24270 43837 3562 76702 8875 30958 32125 45950 60466 25053 63285 67481 73060 34738
50297 21764 19409 86792 43094 15158 35436 20621 17503 41068 11817 12834 35446 3348 21038 33599
25888 85963 40547 30245 7531 13590 12084 42171 84446 32107 39118 80112 22374 16431 82222 84891
77218 23287 44417 84488 23879 12641 28288 24419 16037 53069 19133 18520 1860 42333 9055 54102
700 31228 206625 170646 65975 32329 30519 4308 57124 5999 32370 30857 22439 228051 81219 13954
74328 73280 32939 88877 5772 49657 72858 14650 22304 65042 8947 33336 23895 18154 33220 79016
56248 71522 32157 24459 3930 36146 73455 42850 27533 24747 23144 28416 37954 7195 46806 3927
15301 14809 8107 26762 29026 13533 24983 1659 60489 15171 10730 74493 24802 94190 34210 26766
20155 47132 43150 35977 21181 42241 47305 73627 8783 10038 12767 28446 86763 83098 2429 34494
19673 10168 26192 92130 49124 25092 23521 89616 20836 3270 11411 34185 11704 64569 19186 14460
34012 92692 15645 17473 78493 46714 26167 56142 28767 54677 54376 37116 2766 25287 71903 60318
89072 9500 52581 69141 60465 69231 32964 19027 31086 238816 17319 10073 10450 57667 30364 39540
33211 11034 5110 74988 38593 18811 23371 6978 10818 50753 40619 56879 90837 1555 51815 8108
40056 65332 18473 66485 31484 24396 4580 22718 22241 1213 48297 18866 25115 70096 47158 34361
23792 26768 43222 19629 51060 5464 61790 46306 91765 19235 39743 14795 34036 51917 26179 3923
29865 15120 4981 19332 4552 21722 36684 53915 21117 11579 45373 29055 87161 9652 41185 21748
36620 21962 40554 31765 22463 86931 7834 13660 26882 18391 4266 24578 4053 23736 73028 57182
57755 79797 195885 228474 12845 5041 27863 12941 64702 23838 70721 26802 3352 12013 67726 48142
19352 25674 51745 223263 39979 34271 4832 7692 23373 46520 22600 19973 44410 6439 41510 18209
66956 51297 23626 12248 28403 24699 19569 51099 67424 21368 50527 37549 51218 55700 31591 47126
58011 16915 32459 11101 23358 19196 34301 17280 17689 39824 72891 20541 20204 22077 20292 15676
51463 45018 32635 4863 24547 10454 60352 74576 80969 92947 27049 12140 82191 25119 80450 92632
57663 36065 9407 6309 29360 94965 31349 80996 58555 40361 14352 52297 4083 34249 58022 13810
67773 22359 26865 28178 16405 7171 52081 38346 30022 19843 55260 16143 65405 38389 41633 81179
5309 52413 51871 40729 5108 5988 42933 1661 33720 38149 18609 611 25465 76309 23785 53582
59533 28149 64309 66022 77147 12652 20865 13095 11821 3890 17188 47788 21943 22394 24209 35210
189114 36734 31092 57030 30385 23271 44787 31643 22737 35506 23743 91728 18167 39096 17129 44048
15922 49621 59997 18156 52416 28026 28883 76561 30599 64387 33073 2151 15285 22149 52381 54813
62729 2851 2105 52789 21960 66445 30027 51282 62638 33498 24385 77821 29764 113 51189 23835
32007 23107 9986 65729 38428 63562 8719 15911 54578 3700 8944 17022 75353 8148 54878 7369
24447 13557 18887 14543 41160 33537 75352 41333 26696 61368 62300 22415 54009 28557 5494 4899
21907 51157 61137 45502 22343 32979 4379 75667 25440 12999 42691 21330 30483 40861 34780 19482
37504 75959 37378 21412 21114 39612 55411 718 6243 44173 94715 71631 33429 21766 23944 24353
61621 80912 42070 36599 45116 14620 91633 9611 68841 25676 22618 11839 42041 203956 47338 46142
60447 60521 43372 51307 28486 22731 7881 16531 8547 51382 7733 34475 23379 86833 90315 22605
17514 1811 76320 39098 53315 22337 49133 80436 37140 85144 29058 76051 23325 4234 36777 75892
12977 8196 22391 39964 26010 20385 52917 20245 21255 9838 8315 61731 8878 68771 47614 11863
58446 52001 11090 23095 34268 674 76610 10250 95064 26770 11296 27757 15094 44828 94858 1465
57171 25101 12080 21170 12948 71052 27867 6457 33567 9162 25675 64591 17917 31564 22578 33229
76888 79756 158 27423 25918 16164 19989 20312 4985 15376 16615 41458 34164 68948 21384 1984
18112 12019 45912 19030 5696 25927 80960 9774 47551 31720 6011 41451 77450 54335 5170 53897
27130 72361 45003 5687 84661 83947 12143 44844 69709 36526 68639 20225 47149 31180 20362 2162
11049 4968 1696 25334 13213 40381 11359 26202 13823 45214 13131 33580 1497 87927 83393 65517
90118 18225 12132 92931 2146 49930 31985 47953 17334 13541 52731 72017 56376 51694 49055 48945
4662 47461 40057 57698 92288 11616 35404 33344 38676 51640 24763 48496 20428 376 13837 91251
31010 12437 6774 86479 51525 72983 40767 89762 56795 25095 31859 73788 21859 2952 34062 32052
85497 26157 31935 37754 39930 92535 72559 169286 23551 50463 51234 33160 90198 43418 43724 79631
39856 67807 22128 86372 35999 23011 49988 32877 34565 29678 48326 82201 25556 45615 26281 35493
27460 57646 29802 16051 32559 33877 70421 41171 18291 40653 67278 20557 77890 39003 6204 17668
24450 31238 15364 30933 13293 13150 11203 17833 70217 75336 76534 17292 30976 18646 51570 21042
43915 11840 38808 95094 73290 64128 40348 33564 24253 41831 44983 21449 26569 29051 92260 21370
33420 66209 65724 2603 8274 16719 11689 22430 44026 37679 22109 13898 42940 19268 46547 36275
78082 30641 46251 77484 46039 26263 14194 15610 32602 12157 30815 5813 44313 7440 2760 35359
38971 19255 16587 29321 16952 17821 19697 27028 1229 3991 29842 8164 48595 11554 62641 48261
29249 52116 26965 18717 46747 55671 77434 22237 19264 29646 42900 30062 93534 68640 19427 1434
50273 21786 62708 12517 41178 48690 7328 18469 38733 13425 23918 34439 65316 30219 2265 14480
17540 26230 8487 40050 33495 55965 41147 18591 11833 29121 33036 15001 12010 15444 11217 44736
27669 51356 38463 2027 15948 11696 5657 15209 48678 11879 66443 33992 33633 83854 7068 21057
16688 27584 72915 26984 60473 22205 31434 41786 9632 59842 62296 34756 48778 43860 91100 46372
29256 24124 4172 11367 74466 44059 61593 10777 10731 53753 55090 85374 59995 60940 56541 213499
58371 49968 9133 30718 33433 4735 7256 27247 81672 11557 3189 1613 84676 15663 34591 18809
49376 22482 41974 22967 39407 20956 74352 39622 31595 65756 11864 24986 3449 42907 23174 24873
30355 26257 17481 53511 18238 16542 26072 40293 40450 55419 27410 7653 24340 8066 11808 88768
23246 30875 3958 4700 55049 14075 31736 27701 26396 43718 29904 53109 34172 7514 36317 14561
40004 41459 65644 63387 2690 31660 46003 14647 33484 70387 81655 30604 62885 43461 4111 7726
65771 27848 28759 62455 19079 49569 35154 37936 22356 34165 34187 11996 23836 16109 19077 48963
4632 7265 35378 16640 35938 21201 27050 83721 95133 38397 47067 43313 40380 49532 77793 32767
47315 30603 49969 34844 39379 51939 29289 62178 39858 18546 79953 17140 5043 54887 61430 45346
29007 6913 30494 21896 17245 59126 21574 39238 36609 25162 8852 243157 176586 24103 71157 24416
17812 23737 30647 43723 16221 4104 6046 40404 10102 71547 183485 25910 34156 95549 33224 24924
84973 47776 29318 56088 10505 1796 46881 3172 12859 18959 23285 29749 86190 59808 67531 9849
26190 45369 3848 8946 13716 200205 31270 20834 89586 30758 23510 19739 45850 83743 87500 25007
41877 15180 22637 50330 50333 85983 15373 30667 33023 10692 22446 9868 18092 16510 78019 55581
63605 16177 32787 29650 52993 29182 51152 43347 3015 35407 92413 18148 33501 44549 30851 8420
4427 22441 19473 17174 80365 26427 15466 84309 47404 35606 13301 52172 21629 47772 19441 14523
11249 6190 66580 15697 3393 24987 4663 68876 3168 4197 14423 73613 27953 35603 3913 61074
34569 67845 8558 71761 91526 45691 48962 232045 44476 9355 35114 91531 91373 93771 60520 54621
51896 90277 73596 77050 18065 61195 93430 33131 31105 13351 24846 15378 62436 17176 42673 37069
60026 75655 41153 85621 29875 12868 21135 80138 49183 38247 28239 11856 10459 88425 17510 12875
12550 23912 20351 49877 11768 55627 38099 46337 45591 76880 50390 16447 55849 30799 43038 29877
36687 28079 13511 11038 13121 37895 64369 35185 14991 28905 8266 28495 46082 86275 15117 42634
31559 10698 24157 22329 5588 52152 15324 59951 72734 22546 62112 27132 36862 28849 46830 30607
69311 25054 61863 67922 42392 14600 33711 20420 25055 44603 27808 22158 80367 24072 49154 49715
28736 26925 42033 32725 12747 39259 22267 206813 43510 52155 37753 40171 5678 21311 35732 57874
40143 11432 19169 45899 18791 60066 22662 3084 46975 82035 6069 24554 55657 30007 18177 21238
48056 41005 39356 50098 35150 18452 25471 42837 36897 33910 962 8814 38753 28773 63542 10322
39002 23267 68219 16519 13767 19888 16165 25230 58205 67054 10435 57694 20855 20600 50148 239
6703 20333 15944 37994 23220 31511 64608 243357 12174 30386 49488 42941 23823 30794 16424 47731
42901 89798 21583 28226 55224 21496 50407 1847 35678 10429 27489 74251 15194 59476 50992 9237
32561 23225 29651 27732 22368 23751 44949 25362 233275 14466 21635 64960 22447 39944 30471 13406
40845 30532 61498 23208 8269 23662 24163 51721 47831 47237 15955 11017 3282 44208 36007 23606
40423 63432 14263 39006 25012 24367 83990 93741 18694 14858 94934 45878 45028 20260 8290 6112
19556 15092 43015 4311 78265 66131 25438 12799 40488 4568 25279 31266 19581 75770 47904 30673
26578 26506 78844 37085 32067 71166 14389 69536 87395 45328 30191 93154 46149 44758 29091 35462
8691 56751 40040 28532 22417 43136 17061 40718 8863 21241 37818 21125 28448 22402 46310 22945
64852 77916 5174 20773 6708 16136 29938 18144 3883 34217 95352 21257 84073 95042 17192 22445
2004 62634 32727 16279 20483 27092 68882 19505 17291 77863 41913 17019 44327 23772 38823 71895
22181 20321 23963 40144 12775 27989 40477 15722 39691 45576 12744 18131 10271 36352 48759 13459
29659 45723 71179 46716 21034 32351 12896 25790 1935 243668 36487 25969 11533 87853 33027 51274
15588 36014 34549 30971 50032 9305 7775 68704 40563 70422 90875 9326 39390 48328 3178 16973
73655 9690 31083 24655 37885 24380 44409 11766 5139 27934 21421 35869 31405 46973 90350 36334
14490 22703 20051 17506 40378 22437 67935 22666 42199 22544 9030 91660 20967 71779 46763 34568
198294 59576 203748 87098 26345 64574 85573 22145 3811 12769 46148 5485 26684 44457 37276 47055
1339 25842 68680 32945 5889 23255 10918 235 60670 30860 111 82923 69021 76787 27893 2903
21851 204084 59950 74308 1600 84325 23777 26483 11828 3650 53572 23564 45597 11705 41340 25158
6746 1195 67058 14606 77051 39741 33069 33869 17333 31659 17701 66239 20714 15045 89002 14376
31764 19102 50143 44744 32190 61485 22213 27494 63169 5919 60481 207997 61816 12943 89676 81253
19809 58780 42329 45877 24816 58716 177034 20550 5417 26328 23685 75131 30562 37182 89562 74468
42506 71252 58082 48569 52825 16397 8933 37998 31919 38562 7523 25961 45726 23726 78950 46793
14641 32555 66821 46956 11958 15925 73414 34915 38390 24927 11197 60325 2536 56199 24947 18299
10336 28156 5906 64203 25312 74814 75920 67129 68014 91710 9904 27528 7428 28670 22732 53130
49121 34831 82234 4063 33074 66170 24905 15387 24295 72981 6401 25574 90027 4616 51950 15169
7081 26140 33694 93383 47940 47964 76358 70521 8908 27120 43954 223090 50384 51303 36026 36501
50812 51908 14746 28274 88243 34420 29589 9333 55046 44812 32071 10030 5921 6352 7593 21126
26372 37477 64403 87369 77141 29562 51993 34427 18737 24836 64715 6870 21490 14819 31279 31959
18200 24665 5862 6099 41329 49031 73352 46112 24220 30844 76866 70997 62782 69022 29887 21875
4971 11336 5670 27840 42360 25924 39235 15420 93948 45936 45516 28497 64383 28394 51457 30306
9517 25547 67781 42519 47726 47450 71802 16788 13379 23996 37844 80097 19337 42812 19481 36742
7327 32982 18808 27376 48510 10887 28189 12750 27908 30243 10506 32035 57953 7982 8203 28995
9052 1036 31603 84793 36534 82443 60049 6756 33708 69064 25679 73877 51420 27415 26785 23154
29372 83868 25588 5765 72777 8702 60004 64583 40642 13196 11527 29501 26701 14908 28852 31152
72949 2453 12689 63947 61538 13548 1682 16413 28598 28380 10340 25989 8697 53072 9518 43666
47929 74068 27034 12070 67671 46074 90629 42426 30501 47680 18980 32050 12864 87317 49623 58495
178814 13508 35020 56051 20264 20783 26937 23717 43046 5939 44936 20930 25812 46437 63096 28387
12149 34233 26496 20527 62311 64404 66900 6013 31546 19560 29553 34373 78381 42234 51461 51676
5279 43373 33794 54936 68951 47362 35644 68080 53470 2411 20717 55484 25742 43710 76173 17107
69013 41926 40305 10805 28816 30262 26513 36584 11191 35093 50125 84358 36932 11994 25058 30755
18035 49028 74562 35208 89329 34639 47782 26397 23240 23622 25722 17835 67690 19558 12163 13648
48844 26824 45394 83222 39099 37461 5033 56944 15526 13627 47477 66144 28056 42959 15580 37796
36274 19882 29690 90290 14050 16657 8155 24482 36729 439 46932 25929 24784 92554 15338 62298
61909 43088 33063 22434 40509 92739 5219 44771 21433 12939 45860 27095 45692 87255 45253 45511
20343 38514 42095 172646 23187 4784 73737 41151 22038 38043 27570 32879 42328 23759 60820 15553
24546 23237 13995 22595 18556 21575 23848 32934 12808 10153 33172 23030 27846 23452 52342 73716
29701 15374 43722 94773 70834 11212 5425 24990 18592 50574 40624 35735 39031 21156 56775 2743
39251 55924 18913 47532 42185 24890 25602 76969 91852 68148 915 76399 43643 10202 4511 39360
18013 70336 45158 32054 24383 36303 25231 6394 29053 232393 13430 13722 80548 36602 66407 48408
72632 31054 7357 30901 15961 37685 47548 28007 19941 85070 14201 27486 202429 4758 52824 33586
1813 29295 41779 3089 17896 46073 62416 23329 28685 84511 39457 75085 48596 9440 47357 3141
3058 18411 33975 5179 58398 22725 47437 32865 31404 29381 45727 14237 51502 19438 68994 79575
48814 47204 58638 26216 6004 3014 22885 40258 26110 5477 79096 12222 15002 76405 21453 6737
13181 14300 12935 37491 47217 70514 45247 85403 22030 89892 88977 174050 42210 2720 56877 87378
35516 1073 72118 7161 214192 9274 23311 71422 27903 61659 80968 32293 10624 8412 35575 42852
56267 86522 24390 40717 17458 21295 56745 18212 28617 85817 18011 36521 58286 67503 55079 53843
40823 84212 28317 29794 31541 21506 48507 44577 7457 37701 17612 59671 6860 60258 84106 63165
89759 65909 64910 23318 37040 38601 29762 41554 15464 50319 74528 66973 16683 37586 9884 12217
24028 31606 41760 10899 5069 25175 49007 47165 54397 7048 12265 10593 3244 12672 30695 40372
43871 12370 25499 21359 13679 11518 80815 39335 16523 26558 16947 88512 3684 7922 17585 18800
53990 29046 32074 39270 58918 41267 36634 15929 41506 57956 31494 53596 15552 92278 30436 63056
31896 13965 4272 21206 35912 17497 4714 28003 19359 36015 30087 43545 74464 14113 69937 87999
37288 45785 39130 37956 38836 46579 36639 9778 3002 33251 22470 78464 23239 23251 24453 79370
54582 33091 18638 23066 6898 55783 89850 43656 38691 45259 31036 18545 39281 17526 15115 24221
31344 84419 39244 11776 57195 38829 76674 53184 32591 33609 73405 57491 57609 12929 93843 76768
25851 84201 36230 80560 24708 45047 33380 41489 54699 41984 33159 44292 49496 53087 63611 41402
17365 47125 18813 9639 15174 12098 65785 33817 28358 47828 31268 54756 4909 11077 20098 9985
29346 21339 26858 21188 11846 14273 36833 87418 60018 64701 43775 37741 79120 50105 70754 69905
10929 35140 22730 10069 85719 51194 27902 40754 41484 39970 17548 20543 23926 41855 12786 47238
2338 57138 12537 13085 10267 12125 36947 45092 41706 10307 5481 35311 6485 13051 17575 18207
38301 15554 21495 12899 17683 70798 31852 36158 53088 84943 1772 40354 227613 566 26349 27051
19361 19426 37073 32437 84761 26019 13792 32118 42726 39248 18139 35078 67444 43434 24508 60847
26820 84175 23353 23595 17690 56127 16612 92465 217252 45555 40479 10104 48752 22841 48370 32800
76111 27482 54784 75969 12022 25329 27204 36289 34237 52274 57549 79369 46627 9124 21118 87796
93171 16517 36390 43919 14431 37919 45157 42054 6670 47692 19662 19896 68338 55606 53656 35197
21930 79807 18424 68188 42559 15597 10120 56713 63328 28991 74483 19875 4953 56488 42366 24150
51948 90152 44877 48611 42992 50428 24479 68388 2740 2658 13856 27614 946 13907 31052 22929
55662 59392 24928 33631 48703 6872 17735 41858 34546 16981 67041 43145 11913 35594 18189 20878
60471 29556 53798 1731 12373 1296 29168 26178 5944 24423 36463 24940 25430 39923 23330 94492
38411 38084 26816 85650 22869 14192 76351 43102 51850 43250 16280 24142 29880 3975 23088 56378
51304 16902 89690 46255 44225 3411 51376 72346 73991 35617 28086 43230 65493 15949 68614 83580
154228 32473 18881 7903 51231 8455 57400 13445 12485 61847 18662 39395 11160 58648 6559 68103
63360 45959 23678 36814 24007 19576 25521 16547 35426 45707 24972 14799 5973 45129 25768 18005
23447 30506 34508 18137 27639 53419 32029 29044 8388 27054 30137 31971 15867 13968 43943 15070
52612 35045 24082 25565 34495 58509 63247 10416 40505 32262 11609 17079 30550 79469 66702 14804
48906 29310 9204 15714 79905 72606 20512 88830 23041 33418 11155 82474 3857 31265 39383 63667
39635 3781 7495 42930 31155 40937 47579 57671 41896 31135 49967 76454 48807 11370 81783 18530
60488 54119 39456 20487 8054 19649 14479 59684 28299 66307 43857 40161 11659 29979 30697 23086
47336 87531 46064 51273 18647 24244 44966 85265 61633 37200 12733 22887 24499 59315 41087 8199
14862 32175 19586 17066 45030 27662 55761 3086 9402 255 40227 41365 7181 22277 24934 59190
82145 26129 49369 52351 11106 31887 14294 65181 50882 63044 14284 64358 53546 30003 37987 11031
35546 36332 21350 48504 71518 69488 51826 37629 50231 61636 81875 15257 25217 78250 20803 1832
80062 3316 33998 12988 24958 13030 22481 38192 24820 19495 32790 63670 50133 69998 65098 45479
44754 1289 5536 10343 25714 38549 91377 20706 35317 29939 19499 63926 30505 27086 37291 1589
90345 30768 52746 3939 25721 16637 61610 89596 18936 51835 81836 612 36956 34951 14447 72284
26710 18476 73606 56736 12586 4262 49051 45636 29612 51763 70526 27392 14559 23930 92396 73373
53531 5414 36863 90430 18702 88822 21380 50514 19114 43034 18907 7417 76586 24413 55378 90012
46193 7442 24012 58203 13683 64401 82150 240524 9071 29303 21092 40741 222091 40622 42763 75425
28568 18462 44884 68803 58717 37813 93447 40188 39717 26308 16528 23915 17594 57532 35400 16703
14504 14024 31205 9241 16846 48185 18975 27938 21571 27218 66658 80037 43764 217741 88919 69695
33235 19869 25718 59793 25632 59229 78130 35386 46107 58671 2816 31471 93030 62807 15672 52131
16826 31182 2623 14186 3367 15674 72105 20346 64836 10658 16086 15696 40457 58075 20377 12023
69226 27200 57964 24188 11112 5186 10862 31411 37537 18280 26278 17404 47779 13013 27690 88637
27666 48551 37868 66979 20564 24664 22847 15839 44880 35047 94057 67872 84805 13980 59124 74193
43240 51931 91547 10742 14654 21487 36990 41604 90784 15472 36347 29925 67174 20279 84134 33312
62605 61543 7780 17664 87609 43166 18155 58623 2495 75878 12690 10528 229169 23263 24627 39644
57993 17693 56037 42170 36494 85832 54851 1812 82105 93805 86695 49215 22562 19612 36875 21325
64057 13061 54444 58574 12464 69983 28215 21537 48002 13917 33462 42237 49368 30500 27858 64917
14972 39213 50069 16035 16620 49084 7928 21194 19566 80762 83285 15561 11114 64855 38568 43008
34965 88137 83093 74459 10794 65400 50326 34617 35203 41774 20058 47879 26302 37076 37473 12053
67055 49419 14089 18944 3724 54133 22736 34303 40788 32368 11617 12044 20516 52773 45705 94247
41462 50272 71702 79230 182181 38225 41205 10230 22700 15279 42384 9154 27230 31260 29843 18964
28846 19392 41728 33152 21259 22043 76849 26153 22330 48274 38864 10191 24491 19329 63418 20319
93182 15305 24517 46535 91089 13772 59103 16966 21671 31802 52816 49926 17034 21183 7713 32249
23252 20021 57713 48573 960 21934 64776 37057 13022 55169 39827 30108 39677 28911 24489 1922
12778 6815 70527 15563 49813 7950 28509 16760 22268 60601 15848 55740 34897 2651 42748 32131
62405 21599 23218 70133 46482 94179 39564 27328 7467 82851 26897 72070 32060 44189 23170 14735
22136 25349 45338 45184 2511 66568 26949 52686 62266 33361 52449 59010 32524 19501 24115 19694
21477 11992 32314 5114 18624 32044 11494 36434 34677 14939 30515 773 75412 11142 18241 15122
20857 53908 18178 46643 17616 27367 13567 40391 45238 50016 29602 67025 11729 69543 19899 18239
43636 42637 57501 37281 23307 30509 49070 44222 37894 40168 76663 44198 39144 45822 58313 40693
59540 39106 13625 80010 36192 27062 1480 30723 54219 25291 29000 35209 10270 30966 34576 75374
1265 60286 40874 33722 80615 14612 24544 19280 57021 27481 46061 18142 229570 40721 10568 47677
26195 26681 63595 30369 42511 57287 62167 26054 38300 74498 48377 63171 52386 41513 3844 30378
36586 35887 48438 3866 30813 31633 9953 72847 82455 49547 58225 65162 16411 10605 231723 42780
29783 48877 47133 5166 81084 68542 27224 28240 30117 64462 84966 53378 53300 32966 5207 7453
24793 45164 84853 25581 48808 73388 84246 8452 55060 48315 84836 30265 60041 60345 27978 33802
30278 19382 5574 29213 14832 42459 52154 12381 42422 39366 175862 49347 47026 33252 13563 5004
21041 13565 41907 15325 7639 49857 33212 25372 44431 24161 67132 36579 63626 39184 5961 41262
7355 23975 12471 34330 24387 11221 41707 47160 39134 44806 6400 19484 32655 21505 5047 225882
40609 61642 42386 26392 23597 39338 62922 63799 73766 27531 27198 60299 8568 79709 60120 70672
56073 29394 14183 1664 43952 6718 35358 16699 44075 238256 23505 61598 38952 21213 9551 49491
23120 14772 35851 19141 24658 33494 61265 34779 84991 27142 57319 2504 27454 24490 11831 43623
61161 5116 50354 55464 94783 8828 78802 48907 46434 8365 24276 45859 21317 15288 27809 41641
25749 36545 65922 19223 8561 58739 23113 82884 24191 36050 28260 48902 26740 42927 2096 32365
52118 38523 37157 25036 48232 29469 46264 70118 42735 2366 20162 70592 54214 80141 23423 34094
61069 95249 76052 87749 73574 65693 70648 20170 45559 49395 5844 62937 19861 39942 70808 21633
22373 3830 11511 14986 3111 42753 67550 15574 50545 27036 31242 87626 3330 40761 25460 14698
69442 39698 79803 82771 19383 20671 53616 48820 15322 232364 14643 152 86379 31516 17831 6207
21483 32267 6766 161746 87576 51564 54309 65326 22156 64341 44329 60361 65623 62237 18836 1106
20728 48758 54985 32940 95262 64512 10886 29248 38215 27355 6972 50162 195628 4095 24461 35414
24344 86047 2158 49722 15238 21989 58715 63471 15862 23175 4389 77971 30186 74701 13341 35838
24625 43476 8431 38775 46689 27335 38323 15495 9502 23596 21081 64832 56885 36211 14304 29582
11794 45208 166 84637 5007 7032 80904 93132 24903 54474 23323 86325 66591 5948 76982 36915
8811 17844 45606 82674 48689 70385 4780 51093 95410 59502 4059 13335 9782 9264 50188 19307
24245 79482 64970 5585 27273 22475 77588 67399 12500 65341 5397 2211 2910 9425 41326 8990
63277 49143 59557 15985 71164 49765 21692 47728 16874 25804 35819 48401 50826 14056 22942 42049
76753 25555 2434 50956 8179 14098 55686 27153 26862 4151 52275 74671 66217 12692 82978 72473
49649 18958 32820 12162 15415 46699 55860 46992 41453 21227 21772 67164 30208 84906 64298 45153
40148 31082 73872 16936 18313 16786 58812 21022 72470 3897 32612 3281 94679 34111 29918 22281
56173 45142 13396 1037 42557 87567 23648 74159 18544 93553 16968 73873 52405 1975 64375 47033
56793 19713 20190 52810 9672 41534 16775 7012 86004 67649 24669 16654 65630 19718 22342 26574
67448 32802 218940 36774 72940 59444 16095 30496 33901 60736 44474 25864 34135 35413 36981 50124
12408 32905 12700 47868 63844 4320 29330 22027 32076 16965 62423 30006 42051 61551 47675 53661
5444 50985 14921 28855 27817 24024 28728 12301 40362 229528 31923 29177 10890 1883 59678 54933
79678 48477 9994 14086 65223 11041 59643 24579 11334 3485 69787 14999 555 76877 20788 31649
29529 11580 10636 53672 3077 37475 42120 68935 25132 45055 80259 38316 67304 15436 7491 6624
40591 43999 54109 93531 61603 42649 5296 16328 28539 52677 21735 30953 35277 18194 85283 37795
44115 57732 21215 9835 34811 6636 33205 73583 30942 2485 40561 67765 33435 68737 23812 23469
22223 20407 47091 37942 55619 47206 1481 55913 12501 33086 5360 15670 36147 12837 38432 31596
16632 22380 24272 34004 69773 4157 13999 44745 15166 34038 21388 31563 15271 38732 20495 21754
73916 17742 1568 65552 19749 6590 13371 58432 9615 42267 28733 59040 5379 27237 59489 78005
30716 33012 19407 46342 35715 1338 25522 58684 24865 64590 67740 70208 35337 2150 64800 89082
40917 26191 94063 70376 27233 29635 91112 70382 59923 39359 54935 52976 63119 41129 61468 24509
24717 32972 61765 58070 62611 24206 49815 32590 80302 45702 26043 27692 67401 63080 62786 20901
55042 67944 34573 47189 14072 40745 30586 48856 60644 47066 46507 27647 36251 34998 38125 18236
58560 52610 10199 36084 77090 20586 12203 34492 41274 21654 34299 26439 5662 33245 63352 50713
29382 17350 18395 26408 25297 47265 16908 19692 52551 37225 37191 40193 44243 10259 51666 14381
2140 5933 48763 62104 30587 29970 34378 75098 31973 22608 82240 18480 42060 1950 42377 19245
40889 47665 52524 45788 76179 35013 7919 48233 31924 23389 23570 33493 75377 23386 58653 32040
35094 22940 27053 84021 25750 64817 51854 36009 5850 29892 9095 20042 53012 58687 43183 53442
10430 42820 23994 35689 12190 32004 23380 13993 36405 27545 18146 37289 10018 22351 49716 16701
45513 72056 7236 68145 40839 41491 85117 37036 27388 39671 57260 48536 74892 42407 28647 85110
61984 88648 75823 77601 6767 32792 28457 33776 33956 8295 23538 90971 76019 54753 27916 31510
201811 24918 50210 41065 17954 26042 14151 82583 61774 52272 37617 24309 40631 15934 27936 17883
32246 25568 36965 24486 72620 38972 54242 31109 33041 61019 55428 26992 43859 32805 37832 51785
4756 36168 86863 26615 33273 33714 10231 27560 51958 89345 27085 36205 49386 11950 7065 42745
33059 49645 50007 22071 5709 29478 7179 72686 19594 54814 3632 3339 62258 36391 72127 40494
55833 67843 39341 19769 227363 16157 8929 17560 28898 14628 12427 29015 27169 59429 18204 85103
54991 71394 21613 30744 65285 53627 32275 46985 52894 666 52391 181751 37647 25806 95493 95385
9542 64198 15363 36261 48124 7220 71662 37847 5641 37070 14963 14571 88447 83831 676 16190
74719 38243 71641 76981 56501 83273 38117 63798 1616 64316 29243 42507 39303 43082 26382 38636
22672 32735 61230 39893 230242 29616 177460 46676 610 19119 35755 36920 12802 63381 18890 34209
9619 61955 31674 81917 66418 21703 27462 13534 52652 235423 5941 32037 8354 53147 68320 8377
52519 92102 47398 23007 50943 52763 62274 69609 22171 21176 76262 54872 31314 88785 9395 3415
62813 18709 33968 35545 14517 40271 3409 20961 40409 9252 46981 31941 50669 18084 51008 51454
53889 31754 46052 66910 76808 34924 23908 13142 57032 55190 62712 223089 63215 58676 3056 205890
19755 60526 11202 37996 13974 47843 60067 16853 68522 55557 154667 43269 80329 46573 53296 56075
2232 15773 40088 4878 20023 86718 17785 74516 46160 33158 17132 170330 18160 45277 18418 42369
13157 84071 170890 56280 35733 17635 48630 15375 95297 90305 64410 20097 27021 61117 21129 66524
30724 15007 32715 86851 33608 987 8101 30324 93167 53832 11255 73595 69454 35364 72181 4898
37435 79173 51392 47499 13545 5693 30738 52339 28427 51275 41532 25537 32096 31619 93445 20874
71838 36035 61772 80870 15718 18071 10473 6246 11225 5189 10960 45447 30299 84932 42208 10851
74959 9628 31668 35335 24622 8442 66870 53980 34086 12936 19452 18777 4212 36733 56165 45900
15294 62020 24210 24048 61210 90181 29127 66793 5198 26724 74012 11825 18364 14696 25770 56678
30399 68802 55008 41279 29869 29473 49256 11674 41259 31600 88216 6203 68947 10843 54092 53882
84369 74717 27309 74852 22296 47591 42209 94160 17646 34257 90251 191781 77120 49741 67959 84092
20282 12564 17884 69335 18924 22070 86072 85941 57471 71590 2443 54056 25828 45456 87550 60707
37611 87709 80472 38698 79351 8300 70928 12288 15429 50461 13337 8549 89909 64804 25549 4149
8756 19678 3123 21293 15155 62487 53667 77543 608 32696 68894 26060 32277 8251 94834 23893
15640 9579 20342 19210 35996 17891 24041 32245 21003 17484 31230 2688 22007 50080 15635 5730
6743 81382 10540 39748 27059 52975 23368 49054 65342 72594 14239 21777 42643 27950 40259 37358
32943 174120 14374 72067 61267 85639 9280 43304 19660 19404 12705 4039 33214 45883 31733 32489
45879 51199 59582 60622 21542 56460 30362 56932 34772 43962 43140 28705 71036 17558 47791 86794
29557 49379 30788 26471 41935 51179 78020 43787 14034 40410 31106 11954 25341 17447 43472 25991
21220 61457 78759 44993 1553 11097 61007 35583 55316 53785 32339 51755 24657 6048 14506 242128
46091 44723 52563 11480 40593 26859 55800 43868 57378 45698 22191 87012 28546 31066 22480 19059
88523 18274 54231 41696 46234 25780 41001 51482 37178 25874 53916 12791 4279 18775 41680 46009
32957 18436 85346 53140 42246 32752 40386 44284 90241 31604 19717 36219 19724 33155 23213 26783
2087 91307 26196 1221 33489 20091 30954 35888 51169 74633 4086 29714 53192 34338 48102 31474
41131 63995 12396 2057 45106 20151 14828 4869 2726 59469 74358 44824 43001 46393 6191 41596
20513 44054 59434 1372 26541 16327 40465 19451 44755 76195 6960 55218 70126 62363 28886 50767
23748 58934 22321 26437 3815 19389 10312 28978 69739 63705 21249 43570 41022 23571 4355 37763
15097 91092 87195 11243 30637 44234 38787 12524 60289 95588 39980 9895 33485 26620 23183 47329
21643 37306 55448 22053 53790 70403 33330 83291 37170 62336 69128 60750 81344 29576 9079 29539
42345 54984 38791 23153 26341 71977 32722 74872 50224 47187 80201 37008 755 22610 68763 65944
38176 35541 81790 45105 46022 30591 1862 20067 71057 65986 68092 84138 55938 70729 86198 33026
64134 37608 14853 37498 19543 91259 32342 66177 41161 42943 58328 227797 66939 32298 58188 7394
18778 68462 45720 17106 47103 2014 10697 63970 24855 26271 67579 1598 37812 16429 46522 18687
68234 66095 10986 47659 17648 55683 40572 84871 27056 76428 82713 90600 45341 30240 17094 68588
70227 46302 43485 48485 30585 30195 33515 17485 54416 47739 15458 73546 52138 18022 38988 29682
39140 85949 31341 22814 25342 38844 43852 1205 26172 18094 83497 7765 79324 61141 33300 20195
30227 42358 66467 11274 17052 58391 42320 31791 36780 5085 56443 46918 15649 25552 51067 57948
22873 26716 30993 67011 68334 39508 26823 57831 80455 9480 21818 22460 651 7372 34432 28121
5761 82036 14142 34585 36210 54520 44010 39121 23472 64568 40149 63309 75086 1260 56903 44489
51610 37780 39550 18554 21486 13556 22715 80649 32530 233276 25111 25920 13480 12271 48437 33088
5764 35779 70967 36958 30222 52903 46438 38770 50592 33539 6704 70774 19800 11117 16208 11641
26123 19428 27764 79386 37721 28142 43361 40863 15487 77935 39413 76206 14681 27245 27158 95029
23542 80117 95648 9780 12193 46497 14130 49918 29120 58668 25326 25029 44822 69181 61692 38870
17791 9045 69843 88651 62085 22564 3280 37622 5631 36213 82446 56514 76172 58312 64744 9188
76777 61942 5002 43733 75416 48176 27067 35817 39045 18100 33447 41547 44741 23284 91457 21539
28826 43495 47185 55743 24783 27500 17561 28793 180522 817 54211 85241 58511 41075 42986 59629
88438 10685 23297 75546 53141 47837 57787 23164 45193 77253 194679 41446 30308 16743 44608 37722
21823 59945 5547 44585 21935 7406 15600 34037 53058 39784 17261 61400 73142 63645 22133 49799
81027 38029 10793 5201 54100 195397 59800 32039 68290 18470 29717 60404 5256 36647 31059 42370
28628 27520 83338 21248 69892 81244 79063 1606 14949 73285 68974 39515 56296 16033 89127 8653
76532 44341 41568 66594 27193 23489 76135 20171 14512 6393 39727 28528 47090 77497 68085 75405
10009 73075 80714 84294 89702 18982 41954 32390 32184 11208 2762 62896 37562 17324 58745 38944
20752 68886 54717 72469 71704 81314 40455 32910 62512 47502 22338 31647 991 20271 59835 53009
44214 64094 49835 26622 2570 64579 54589 2939 8749 13316 20212 46033 19725 15560 17457 7957
57104 57986 28758 170375 79124 74288 71435 52304 59624 13019 27781 31872 247 24606 51602 25294
16314 51989 57081 8135 41162 3217 21951 53167 21415 11134 49276 12631 37705 43311 53358 57172
34771 30474 40387 43188 38112 22910 22538 28365 85227 15880 24186 26501 45398 63788 33713 33642
172 10625 23057 82586 37848 29964 11196 12985 58636 87826 48421 14429 30049 12430 49237 44586
25539 6227 23722 28368 18405 4375 44978 28257 8655 26325 19580 66555 71133 19659 33900 81615
14751 39345 75515 59145 24828 10020 17437 63908 71923 32550 7375 60592 39661 89832 19859 38591
89684 37416 25884 87991 27536 61794 33210 8926 24724 14951 39046 24291 39693 56113 15698 74197
4651 57990 94932 45919 37448 35146 30889 55692 19763 49928 13752 36393 79657 37160 31529 60363
14621 10406 15581 10288 31899 38420 64454 34973 22861 18630 40099 30185 79266 14138 31431 45262
52835 197 69464 29768 12801 19961 29738 65901 78420 54907 31151 85082 18750 16079 85222 69926
15737 44732 58851 15370 10447 30900 73360 37880 60055 10768 52883 37797 40979 9753 41548 20173
40337 20463 34537 39487 73361 20875 13602 14199 19747 84277 50470 57200 10561 32138 49223 51347
79570 27121 74743 50809 28729 80579 59774 89008 70918 20439 49430 71452 82428 10912 70770 28354
17829 7006 6358 51515 2959 68252 36066 5836 32516 89647 68298 94480 29545 90751 52250 48348
24237 10822 56558 18170 47800 78488 5270 26876 58932 40495 12887 91756 31183 42354 27630 21536
7113 18276 3318 6223 29809 66306 8286 36363 11852 32058 73260 31133 57415 37214 3763 1186
40489 10087 12681 37357 34276 13502 91294 61300 44495 17750 82838 30630 57784 25807 33719 34489
3257 41609 35801 30067 75013 24214 62795 28953 65225 60703 4849 17825 6201 2013 4567 39292
49744 31478 43439 25277 61822 63340 73189 56896 62019 63425 47593 72271 39334 22143 16323 34560
16976 33847 29601 47345 38096 81981 79291 45827 56730 862 5770 32383 42325 35143 94902 24561
47000 8235 81088 26052 89242 14718 17539 77650 41909 29693 61416 63504 57994 45442 18459 58553
39128 9000 7023 3885 52354 26126 88376 53786 41646 36162 38943 19104 34942 78662 43021 26519
20288 53258 5648 20652 73039 36170 40541 2978 43555 24402 17345 29438 979 244729 23868 30458
20606 17467 50110 38821 18507 26387 46938 26688 10739 28934 59097 64262 64389 69547 79652 39855
40878 26023 186301 201343 85945 94363 49523 70248 24026 36928 28600 54920 18516 224888 34713 42787
93565 42263 41565 55019 23197 17325 48270 72669 28249 55394 41975 48724 85782 71055 63836 17807
103 40376 74675 24598 81855 46124 13400 33891 40212 7972 62040 31299 18315 59317 15591 37321
32833 33986 67080 28554 32849 5907 24316 32921 6684 25354 36993 13793 75913 42784 15974 83823
6074 5356 63618 81537 4871 49929 57587 56708 14299 9996 48786 60013 23900 22324 82589 19335
47272 52397 58242 67205 30840 52900 83551 38280 19871 61914 21845 57194 43621 49964 39687 46820
62577 32512 93509 28609 57230 43377 16494 39391 50142 86406 28193 64444 56728 5866 48088 38728
41140 73371 19375 17101 35173 5784 207940 87634 65028 92478 61361 20466 18835 32584 85631 51075
51600 85010 34124 90156 36386 48976 94242 41012 33994 15904 59405 32525 74170 55901 68194 34742
82874 83144 82552 18282 11720 51969 69502 80819 15804 31189 71384 25056 10828 78386 44336 22289
62993 70202 68272 6884 47364 4382 15336 22313 93173 31854 38435 83079 62584 9334 241475 81391
25462 43036 55729 1078 60031 32146 43687 231601 40134 18268 51665 32577 49166 16847 95117 37695
73853 71028 41391 61323 72502 76341 55259 75488 12895 20045 42397 83945 19997 43626 50099 70942
45554 9007 10858 55203 38876 76924 65851 52983 28406 93541 63449 28402 8838 26214 28973 50502
66175 36866 20277 92445 35425 71319 30965 51299 75014 38001 80641 39783 10854 41265 45525 29353
29206 66345 41521 39536 68142 218048 41209 85641 70876 43117 20411 69000 65672 61021 67815 58341
19533 59891 7617 40816 84875 2920 82051 71214 37897 72404 29093 90997 44641 91096 18125 29350
11045 64252 44164 70188 60883 42286 50376 33266 64599 42934 203065 21846 63942 41416 8918 18496
38205 1750 72588 35771 29161 36448 29548 23978 35214 41792 65635 43583 34647 24497 56691 28176
69641 32891 27726 213672 75821 90582 63918 61747 56187 6098 67178 35329 52367 81299 42889 68836
40443 24302 56598 19984 6783 31479 40469 61138 9350 78729 6579 17796 38580 41939 41126 90572
13681 51862 94476 27048 12590 44651 23586 75286 28686 43746 57039 89311 11459 3183 73261 9715
10084 17860 40818 30610 9139 39657 94162 34430 53019 71979 46949 12176 53492 28908 3843 50690
11524 17243 6404 17601 52766 29269 37487 12426 78876 39839 240650 80260 18335 20404 21030 34189
34078 88454 56265 70263 37652 49314 24562 14952 34108 6257 80573 72010 61133 25701 43792 13156
29441 37904 34320 6466 16672 46761 13082 25389 36167 46787 10933 78224 36676 23483 39059 48386
13433 46715 212846 66371 65584 203311 12519 59666 72146 14111 52941 10098 86965 37220 20585 17925
82258 50250 17545 49432 24029 1869 15043 50548 33153 40398 2229 32102 85205 46189 58139 95615
44598 27657 31352 52459 13324 24995 31156 11150 15058 78890 86399 222220 26683 22632 60467 25478
62446 68422 27380 20010 23898 19964 63419 9688 57947 9473 27778 37779 95069 78084 228011 63842
5229 3643 28996 7693 13482 43773 76299 199209 84668 40510 198798 5040 18935 39590 81559 95510
37185 93732 83374 58382 78421 90679 39460 15842 20979 28763 21301 23668 82161 47592 35600 186642
24315 65903 9195 38304 86499 91839 10078 29448 36176 10256 95208 53330 5236 47656 24054 17494
49186 29170 3180 52964 34885 68578 55344 36059 79346 79247 29732 28880 246586 36588 85491 33607
3361 32113 6609 30968 63961 12051 63871 42798 13667 4137 40287 13909 55616 81250 35024 12475
74235 29523 13614 44418 87502 54874 36642 21737 30148 49393 92155 37451 22876 88600 26143 12883
77991 16117 72766 64913 32980 35104 26549 16859 825 3223 6858 12569 8612 17854 33662 171588
62285 8722 84707 16351 10981 35718 46271 68476 76228 42088 47366 60829 67654 90687 49348 13975
12675 11765 8368 10243 8634 3375 11347 45843 22760 13598 71062 13617 58040 4522 5368 34493
9691 78379 18130 72694 33797 58919 52321 37819 19757 47646 49309 50510 13971 9474 35138 36311
68777 34073 35036 5218 16420 8669 28133 37531 83487 20536 25093 40413 20713 75503 21894 25976
18555 27742 9309 27794 24591 17730 9485 74442 8987 32144 53414 32692 41411 16124 32665 50216
29041 14894 45481 12246 38594 80795 79987 45933 48470 85429 25168 5755 81988 42683 4468 30011
55348 70312 29115 28864 95373 69687 78163 18683 4001 31543 26779 29535 6269 5703 61597 5359
46980 60226 11180 48317 10293 13955 55275 30804 93122 58389 21349 77920 15785 13998 36608 77324
82384 54529 19603 81761 30659 8263 24485 65580 30668 80330 85789 32814 46848 184883 35985 94145
52665 18879 89254 29543 44678 2578 38285 43413 87682 41480 3407 12578 67389 38060 38000 7553
41288 74055 20191 50331 38015 34795 25728 42666 37888 19826 42724 38116 22087 72043 78207 29128
208890 24133 20858 23512 41626 30887 20329 82792 4791 63774 72617 40782 56178 62943 59815 68554
61752 14228 28064 20913 5103 72296 8945 18306 12026 11990 28188 31437 12061 12711 34463 63744
77099 29216 33419 26729 29262 19056 41613 44500 25826 1351 42119 185757 45301 42770 22411 84043
69669 38885 35281 37103 7857 44703 75091 87312 76598 42653 41724 3229 35769 48884 78909 70323
58172 24964 7281 34032 33345 19090 83148 37368 53111 26711 48749 26342 40951 17227 16503 17193
16463 26112 75736 60218 41780 48456 10446 81428 47224 21608 77388 56235 33619 58458 15494 21530
19698 72806 53781 7567 49320 74601 95183 33912 31381 33958 80672 29146 61901 24956 41928 60263
201475 32145 25553 179842 55721 59237 53568 56419 45708 46285 21099 49321 38438 30035 12342 29680
17749 74092 35235 65656 55600 54295 9625 93982 61065 51700 8444 65174 52157 66887 31277 49346
55664 21939 42488 22898 38934 78512 62342 17434 9487 82083 55465 62923 32681 39016 74124 47455
27134 16002 25872 22184 37532 43457 43167 34876 26462 57616 41671 21883 84814 32065 56222 71058
25237 29916 46213 79439 33724 79952 39028 16448 40803 53272 93178 41551 57961 46922 35155 22142
23398 45534 63205 4295 12011 29907 23492 29901 67689 35244 20945 40158 36339 10753 34265 37006
31994 81368 79977 3368 57432 39262 16234 22117 24298 38252 63713 241936 55588 90636 8384 35759
49042 36790 72388 52038 9903 41439 198421 14191 66351 53507 42873 27675 65386 32127 56797 46966
70235 66347 31390 16097 174347 31117 65662 57873 16018 38018 4701 81111 32710 48293 162482 25128
32432 79179 33465 41496 84187 76422 46596 10486 30730 29384 16331 40303 70699 64131 32556 76560
36313 86266 32810 27820 59736 22888 27704 76911 2462 47781 83597 64041 30542 87456 2230 60104
40968 40614 57585 53706 59508 31015 61866 58709 3994 120 43488 70910 77003 2951 21173 27223
72014 31275 42826 3861 54625 76555 21658 79773 12535 46273 2520 20924 49498 75509 35188 80498
69367 204042 93118 8367 43236 22790 5280 33921 17235 42250 45068 78728 91496 51616 20575 81129
53605 50633 46924 63717 16069 61105 72407 80256 71403 40707 29180 38394 5131 34678 41586 28298
38199 4066 34234 86301 36330 17328 75784 55367 70276 25037 39315 17583 5082 30028 17143 34245
6630 63222 38621 10945 13742 72173 13099 26454 221010 156095 60688 7146 64725 42874 54919 48958
19726 74910 79991 51098 49091 43695 33734 49311 28772 9967 5248 8284 8836 68581 52703 19562
30800 27862 49844 18018 13501 42902 22082 71587 33171 58881 36492 14744 93342 38400 40657 35254
9250 23123 67234 9281 43438 43987 37677 45299 16613 21931 21959 41152 10417 54794 43217 42964
3613 41803 11154 15608 50977 88285 29347 27031 51722 18244 25563 2947 60353 20028 6595 51112
7874 88344 45790 30705 24435 41638 68711 86279 41325 199724 236 28278 28663 86287 20968 209985
237536 55085 41139 11999 15997 70020 31376 57406 3209 89691 77695 20833 30276 18486 56201 7067
31126 49836 40240 75050 47293 33366 14546 39354 10635 20598 35331 224611 47327 159856 74602 84032
58801 55946 38348 45086 22090 40641 79317 28118 1252 56207 4419 5370 57608 25411 25399 40338
21778 58117 55350 55147 92108 4698 84288 10350 6445 77940 76994 41163 71317 7304 5162 75768
24289 2782 23038 50658 26811 84728 19139 87489 226997 72102 24678 45311 94376 49372 69456 48767
29824 49579 214303 77347 48917 73713 74472 86239 54375 73288 43694 11161 33576 45216 39770 2358
2237 81050 56430 40478 189552 45968 86381 10789 34522 53454 42974 232 24826 4302 32545 42706
55358 57762 50702 84356 6094 243220 38609 20443 80126 81305 41514 46549 90214 23024 10139 47870
34200 85827 52850 46578 61523 41208 54774 44286 73861 40216 58008 65609 85413 91359 79485 40028
20368 11464 22857 14164 14617 14204 23587 60935 45622 94926 55240 52262 5476 42847 86160 11389
49650 86726 87170 182612 23747 51577 15272 31558 4676 51741 86907 23064 80791 12735 35886 36012
42700 59062 31012 78732 33396 48309 91466 45545 45973 20416 90101 6139 94034 163448 6721 3468
58127 95683 13485 19194 4645 5390 30827 50024 13126 13184 94519 87651 85884 33486 15653 58641
43996 14070 53993 39852 74422 68086 69176 72073 45070 172388 9075 15813 87413 27384 31979 7272
148883 29685 91291 13530 61924 55545 29954 200696 229 229703 20473 50885 28572 6503 25304 26366
68531 32260 23658 5334 229337 12105 27114 67597 61671 37079 63094 65794 30779 37208 25835 48890
36802 64376 12003 21710 16899 11448 70641 18981 30182 18673 20455 16435 23866 86957 55293 51953
20286 23065 38743 16085 17011 40570 41592 76636 31931 59080 13734 24305 25814 41794 89897 27864
80483 45391 43854 17069 19201 77157 29552 66978 17431 31350 7142 43523 42177 20864 18025 14883
83469 64006 35419 45084 54052 25682 20827 15693 46586 9426 12147 67257 45573 27238 85377 65414
26841 60029 44788 40252 75446 30521 54195 32193 69865 20549 15943 58724 34887 14646 15512 65646
74225 32379 18034 23408 63335 84576 33070 37456 43508 26253 14562 45904 44697 24342 28458 6253
6622 13688 38503 66499 67085 38655 13054 62899 15932 33216 84755 47396 48622 10021 65783 12707
73216 49578 49205 23546 35204 60448 83025 41830 28157 49462 64653 12525 22013 21154 27850 81066
57413 54293 207565 68396 34727 20971 43546 91500 55104 34507 21335 18032 7762 12630 69842 52640
19105 58176 10162 66945 50731 14768 35695 34932 39038 74927 63034 4294 43156 58284 26733 67366
54135 93902 77913 9462 61295 39085 26531 28930 8895 6528 46056 24771 7962 75629 53688 243262
27321 14914 67729 80524 15956 39308 88146 87464 28014 24600 4303 52166 35784 71629 13584 19498
51696 14384 32049 58360 24850 94450 15267 35044 10487 91266 21852 57590 30140 71446 33803 92184
56232 21824 6820 38771 29674 8519 9356 51220 79885 66885 43946 11287 15605 29178 92299 70758
63597 57550 10613 44282 4399 81394 20708 59171 82151 42299 11895 82042 62755 14888 171356 26275
78687 4741 85186 39621 41190 54229 13192 57551 49798 11993 82980 61342 10437 59531 43601 7332
57716 64216 29317 45002 48955 21717 65703 26001 56994 68496 29638 9604 4824 16115 90796 92132
42727 93048 12780 78295 77431 53226 40300 61897 33166 36855 3298 39194 39859 47571 50577 15065
26748 76296 67983 67553 29465 59886 30437 37843 21223 32663 45326 40156 53567 26774 245457 236218
9824 39752 69460 49222 26613 4764 49313 36969 53247 41066 29967 39978 71479 19529 76740 19166
21371 11368 6328 62479 18042 33783 27447 48826 26241 170653 57989 11162 36894 60356 66063 13966
69036 41230 17633 52215 21395 64008 76177 35729 60575 40840 12056 179999 43676 9244 91310 6058
33577 60885 29639 207299 25823 33461 81049 34512 49351 2003 38706 16017 74431 18818 38361 61228
64770 52487 38587 37854 64171 23834 38556 43073 52862 44399 68625 60714 61199 206103 48411 24833
94358 26831 52709 42092 43099 39348 39957 57537 58746 45140 17430 41553 21816 11184 2755 13307
12674 20510 46548 50850 14529 85902 42918 34669 57848 76604 8056 95324 17617 69727 32319 14341
86778 68002 47915 25106 62086 14418 49525 47326 20422 37048 74757 23665 28750 42251 24729 53540
29172 39740 31768 47898 60158 64797 65387 24014 210554 32147 48114 53319 81004 14704 75329 70439
33828 32306 237174 14615 18623 13527 42300 31534 55521 21281 31324 67818 45854 37177 39636 81532
19851 47443 18953 60529 36785 63574 64922 34383 79720 65178 14645 76073 61545 32687 31143 73309
6796 94682 50161 16689 87553 51442 29810 94907 179779 77589 52621 41495 33056 39527 95072 41232
41804 2188 34940 952 87622 71151 36804 19215 13332 238968 87539 45227 28206 64979 94295 15295
25723 48681 15268 26617 44025 42800 25776 33691 13084 63137 36974 87862 74061 75213 39529 14149
31883 32238 33918 29328 34255 49374 24694 38453 53724 65190 87920 42126 74597 40890 37817 3819
79344 50309 55872 62680 94428 18264 77085 71586 5124 67412 32822 76283 55081 33632 55075 58407
51459 42730 71439 35872 60098 60819 39126 53922 66310 65189 84168 46610 13148 60504 32501 4655
23526 46739 33973 75144 191615 68461 83457 15989 19536 60394 29940 80772 60090 57053 26492 4194
58870 44373 42746 37067 91847 63004 94033 82072 200025 75399 24279 50815 11254 25611 55763 81676
74806 68244 13581 29684 19320 37315 84128 33995 56773 34359 12431 33503 85928 56093 15251 37296
74051 37937 205394 70757 6788 23471 52945 13333 60271 18557 71649 29952 37983 62796 34260 43751
55235 41043 33311 11956 26173 65987 21619 11614 19786 35863 58236 19318 61396 19802 44539 54150
70862 18163 31460 85898 31950 53495 78387 38550 39005 48584 47014 33544 82413 49157 51375 51977
55930 14359 23454 76559 23249 17081 44223 27248 89086 55257 11905 69813 66344 22353 54628 27425
54634 16250 39204 30098 52408 39902 46076 40664 33443 54997 21716 67786 29845 49554 12794 11176
38564 70626 44721 14022 2104 67301 40123 85444 21155 73321 31939 51413 25703 39867 25545 33868
37603 39266 54287 2638 27294 52125 86676 25664 64077 42704 62980 88555 40834 39489 25816 62374
30335 56606 51927 38349 58196 62861 82634 26532 22034 12220 65938 39394 16126 30076 69144 4372
81809 24425 44300 39142 16127 62457 29728 4658 20327 3933 33449 13164 14085 34813 63331 62307
60523 28701 18223 45191 10788 4352 4823 48112 23795 22188 80296 18988 33601 27646 35876 58523
11016 53646 55809 28296 36049 17207 56536 72906 43410 25063 91574 40920 33953 6446 25794 54894
51922 20214 39195 57992 68938 47015 24241 55308 32396 69976 51455 11952 48544 20017 53499 7447
63424 21602 21656 76990 164293 36299 21106 28377 19356 46632 65269 18574 3908 79777 33450 15786
89887 50242 8617 59121 45001 79313 64206 21146 29688 45752 19068 96 9563 52590 44737 28802
31513 63166 35960 50118 52425 10164 22168 44870 80765 14272 22863 66925 37641 29018 25766 78313
9459 82092 40630 32348 59294 30619 53589 73301 7609 93855 66160 13580 47494 27227 30152 60019
15239 75676 18886 47252 56699 92843 57411 39865 35994 1470 72745 60542 12514 24481 34805 13158
83788 29097 88633 38299 399 25582 20218 52231 43957 91698 30253 7548 77176 48436 39294 24853
20146 59266 25220 58003 31465 232940 67628 55555 32520 20052 33514 16284 45400 83422 88641 62052
19855 61801 62763 59199 21246 44561 48223 50425 31519 22292 79455 67586 63853 41040 44653 47681
36616 7058 191145 70653 40655 20825 74173 13593 63834 77217 53228 92905 39544 8335 14739 57586
67043 12336 35339 34793 84746 59296 55007 27593 16982 69588 25628 20872 47279 50737 75062 5610
83202 19254 57109 88559 73830 3080 41255 71207 16329 4726 81232 34736 46663 27102 80018 37054
249 68676 53037 43260 29342 49036 114 29160 39681 20808 83687 35514 41015 64834 26902 11376
65202 37250 81789 34725 69831 3355 87073 67370 49063 17234 68613 206104 39188 35504 69978 14583
11972 22609 41256 155954 37989 73936 234078 26047 21674 79071 40075 57352 75150 25600 88105 67052
24059 30090 8593 24966 3201 203408 4606 64182 67203 63444 62171 8171 82769 59410 55238 19103
17354 69100 47846 11660 38758 71206 44239 20236 19504 61789 50921 54518 86132 78824 55781 81041
47678 13880 21134 52448 12126 34590 23703 67196 55414 51792 237830 18385 222865 53795 14410 34311
22907 43908 27451 39231 9857 66581 206851 90549 74122 66109 35264 39219 3366 78655 41683 48325
68266 39834 23027 20007 7178 90354 76945 40355 92802 58439 15851 18393 18166 88126 6648 69598
53778 25712 57070 28534 235778 65804 3153 79612 28885 6794 3829 12976 90540 28882 59914 232647
4540 30368 25996 227 168300 148982 35667 41182 77095 68390 56725 6264 32546 37309 72308 5557
39881 9213 53376 56330 64434 52516 43938 52462 16058 35399 34051 19824 41220 92010 4919 51480
10852 27191 47478 3709 32942 66337 80602 61971 55832 11159 21739 23592 6188 12317 86133 28881
16939 78016 87703 6593 42587 60976 45019 40569 80807 44934 38788 18794 7011 31392 29533 64313
80589 50757 22626 60775 209022 244032 87303 67002 48184 39034 87759 14482 57508 35218 77769 32467
22565 79478 13354 95334 67745 36559 40399 30320 69606 57610 25902 53836 8606 11535 6334 4459
79573 26063 77951 87547 21555 39355 69692 9033 3252 66300 25427 77209 4030 14125 2132 79450
56180 9377 16946 78913 22749 6689 74120 77689 79024 14136 6342 16341 79139 38008 59966 26843
26080 14577 3556 64425 27011 63232 47848 27226 91607 86631 45223 31150 36123 52006 63062 58142
81987 81246 41777 46755 60730 1462 29769 7423 58071 37725 30377 33640 52211 8890 7010 22206
9286 17347 84390 59449 27214 52655 14198 92222 43381 10273 8236 80443 58327 21759 56649 53082
54251 63935 30988 92620 83770 49681 92634 30710 87581 94444 56470 66336 9832 14286 11982 6205
83305 20068 49874 73209 51387 57814 31288 29472 38399 38703 75012 53304 43582 95210 19834 18534
7933 17461 86469 15020 19492 22645 53482 34833 12151 87775 39054 28341 21076 8037 37303 45007
11025 73272 43375 41951 87129 33735 56427 26234 67724 42629 63193 10261 44819 72586 20695 25469
52896 22541 17623 85932 224465 216933 57991 9023 11743 73068 34891 57084 65721 77031 25880 19294
58247 68930 72783 27996 68589 57464 27385 17962 14851 40894 49895 23922 4699 26033 88622 92644
23590 36725 57469 51595 60282 58433 88987 54379 75812 91514 52298 30960 34250 40199 28074 39347
83501 41781 18230 42022 42879 69567 8141 56547 28751 16813 66879 46192 25646 69806 78002 20953
78245 33263 88515 48168 76303 53757 59987 47203 76367 31532 74244 66961 17043 92456 15832 18444
49808 15303 67855 81612 12093 64969 16916 54499 24998 78555 21665 16534 89699 44947 35649 38302
64533 48391 17414 44177 34556 91935 80566 58811 43592 90383 21008 46568 37807 37967 32740 20336
183580 82995 32253 57805 19108 57655 35983 62981 64076 23706 57121 71984 12944 81590 56507 63224
8743 38257 13944 30203 54670 56354 26997 36885 7764 30357 40983 71823 19865 54671 9513 41414
42315 20772 224612 171253 41965 24866 81739 53283 12543 14455 27980 26702 15598 57115 70173 33718
154572 29935 87451 72380 67548 14036 49749 19147 41386 32094 85284 43448 19887 33780 54512 12134
27770 34444 31217 42197 27751 46224 35239 69662 14029 8238 7822 56996 28564 18861 6965 71047
17491 31913 91380 217915 44751 69169 56784 35723 60694 33037 20135 75559 48144 68539 55954 48688
71624 19176 22265 29806 59941 36288 68431 17521 60135 42450 32570 56004 92154 46536 50417 66357
46926 13285 31240 62488 30188 33746 31721 38813 9181 58660 2544 76356 39321 77483 38383 9916
33230 64961 15405 61236 42862 42435 223302 37027 48264 33274 4201 27683 31340 58674 58928 26338
18278 31111 60507 49530 41698 43089 73682 25378 32874 64985 63767 68331 23134 54779 46604 61010
8402 210529 87743 28350 22842 91424 26536 93219 43697 67402 71129 197062 21040 14325 12407 34472
27687 65134 18865 43398 70851 1023 36212 40716 33731 61502 61030 62631 58662 84724 14580 179126
33180 52443 52269 238913 90643 7158 86498 12489 24759 20293 56325 20555 61454 51175 43005 181245
5021 218800 2804 63101 78885 86131 79814 2862 31313 78329 9321 32839 71001 75024 56259 33360
42677 44857 26547 67722 41692 46968 67186 66414 7862 34934 70628 91808 77809 81506 46559 49558
39806 51955 79364 50931 23649 69859 35619 73148 21382 65003 28343 54045 70572 8930 67490 45922
75551 43736 57706 62234 55127 91805 60956 75890 12449 17023 64956 10773 60011 65259 54892 22804
85978 93013 14955 84862 78588 75570 89349 54327 58192 18538 18931 4337 43752 66412 39442 61525
91400 5441 9684 38896 65611 25654 47897 164010 23693 40891 81728 87368 49954 42349 20614 57809
95151 91409 28719 23384 58194 55311 36986 44335 66516 1164 62139 15669 43935 29579 12826 226369
2328 56111 73990 35168 84333 80019 25526 60826 177724 57427 46618 36039 41557 60068 40233 52790
62622 72370 50663 82131 29924 33350 25492 78705 27183 28608 19420 31574 59980 50504 43866 54714
78156 39358 81355 35190 71163 40715 8380 1099 81485 50320 40988 56548 25174 50716 67505 24999
57376 37874 33790 62193 91006 71850 82277 55205 49231 37194 47394 30329 44307 30696 51337 89044
31127 26790 14188 19796 56403 73755 35913 11113 44990 86046 80475 70207 37122 53772 61440 15107
32472 55559 33038 6231 51028 18537 47391 69493 40900 12591 62260 84292 40146 21431 45034 9027
23502 65084 18805 74512 54561 21779 54961 15306 32542 47944 57477 41850 24792 41306 41080 51237
11610 79409 75038 87118 78340 48482 40174 61049 83985 10913 47130 64811 44367 21105 54334 49265
21597 55452 79659 56239 37756 34517 954 50638 31229 55331 27548 90495 34215 65105 75000 28621
14463 33170 29541 35664 10760 59224 93258 54225 7198 231830 15354 161076 29642 84350 76458 9164
185953 5582 76417 22300 23936 47832 42327 71314 84647 50307 82488 58793 38803 46653 46877 95547
59610 1400 6996 70237 3266 17982 25977 5343 46569 54406 50433 83399 38384 35250 8967 74839
57996 11809 33051 53187 16167 11564 88497 56995 17133 224535 50558 19088 11805 51730 68302 42042
42942 10253 65173 19106 5027 11797 31528 236084 47108 70062 31167 12993 36439 59589 44878 27534
52556 46964 36685 66148 17952 2380 89944 65392 70329 76330 65244 40940 59295 19788 85735 13731
86174 58038 79309 90060 20685 17281 27091 58605 51004 13438 60408 42949 218894 39875 37282 60876
27917 26250 36680 19579 39618 42923 89258 28261 54665 46231 58344 72391 33700 25914 43580 18076
122 58656 90642 67664 82232 55838 83936 80194 39520 50465 64263 3248 65157 68028 81521 28191
91174 55084 41141 55185 10044 28069 33744 80305 82830 15732 4288 71499 18477 61253 52757 70180
29309 40038 185357 63600 28378 8450 17290 34745 5596 61963 66171 25192 44120 75824 71594 4551
42777 4395 44081 14430 59554 8409 29606 218229 80087 27664 79042 80251 61075 26709 39012 20036
52268 11507 47152 93290 31226 92027 88130 46953 17154 51359 23579 70392 27394 240 93574 24277
93485 61002 9152 28012 24374 59215 27906 25450 36475 71428 161774 89543 68072 22527 24651 41931
9233 93194 29799 42004 74575 162735 53682 2990 6162 85791 187099 88296 63704 4321 60376 69143
41396 22147 39796 72896 46257 9744 15634 33850 78962 36478 42290 32122 27082 95015 60482 26746
48030 31016 41133 46338 16200 48519 25376 29391 76375 13240 1556 79212 58321 88483 74694 46221
56703 34912 84976 31644 50543 46344 70573 34777 67566 62039 62676 47374 45351 31949 45102 85665
20560 94935 57902 71960 36220 50083 42672 57402 26289 191624 43971 48815 3321 80555 73608 87246
48322 39484 86932 70723 34334 28594 49788 176585 161847 46426 9610 53787 18182 89894 82551 161931
49367 159582 24179 82266 45059 44533 62388 32272 150922 33960 55076 69637 25198 235016 73791 80254
9066 196940 53083 32893 77328 225732 89222 216374 219606 68968 95395 46284 18637 22432 34082 55560
32290 7274 43244 23405 40249 55789 205129 194827 64487 72866 69468 214719 37104 61226 31043 25244
48005 84532 60943 38075 36089 41959 10393 39236 55492 47432 94408 57653 79229 84259 28799 59892
15130 28974 45425 16748 51343 84311 75745 16389 69184 65921 59191 65573 174648 26288 42353 49839
35141 47718 41292 11763 41714 64281 180547 224 25391 28225 75555 29649 27648 24899 34445 1426
22997 242574 40817 35775 239881 54607 35483 10864 64945 90558 50226 26464 21954 16241 11571 27942
29492 41663 2681 95381 28190 49289 41437 65139 43388 68672 12414 13353 14520 48025 35048 35691
50291 169822 21148 48282 66848 26806 55824 34978 34880 30808 24992 26545 2292 26921 47603 18781
41720 70807 42205 28723 48004 50472 30688 76370 87715 21956 41367 29973 9768 23721 8034 34535
43105 72390 79381 85986 54227 87565 14727 79752 49279 80321 81646 93088 66391 43675 92237 23085
39250 7724 52893 56366 11009 75918 31562 13199 37267 55573 5036 37890 16572 88452 55778 3066
65489 21731 43552 11591 14282 46988 21650 93750 53746 5288 11521 24638 2772 47508 20049 55289
82485 77721 18440 3218 59689 50726 16156 19258 71406 58626 74270 53852 45329 3812 31671 3408
52742 60003 71209 65030 43967 37943 14485 91601 63350 20519 36879 3981 37732 39109 2533 63824
63118 27673 87382 85228 65201 23411 8160 8687 3373 37606 857 79220 43414 29752 33532 54155
38673 4014 67065 6731 16369 63149 13507 58759 79911 53668 7194 62778 78170 14238 43020 49380
40350 14402 8161 35711 7966 12695 50564 4715 69249 77624 7150 4035 66586 57205 78803 34563
66018 81555 10825 84473 4809 5594 37928 15523 94082 27372 15665 66244 12765 36354 38403 71434
74992 11007 69334 181506 2473 73074 21549 9441 17620 86084 54519 37892 93657 18814 4154 5785
17477 94664 89951 10812 73241 55112 77986 9273 69268 11873 23080 30990 29089 3751 73971 17624
94333 65455 23582 87677 10056 61594 26540 8622 52444 23733 17906 60570 44111 63624 61956 53349
18288 39557 34045 81160 4500 6441 89546 33664 229888 67821 87379 60690 69006 55290 54661 35160
11471 53261 14812 15861 3398 32088 77528 47760 25451 16653 55791 61802 58828 73197 31343 32995
5708 67752 39044 30807 59514 49169 4665 11862 56858 32597 77923 5636 16196 79460 73693 168891
40645 65059 11209 25535 72154 45811 11675 40295 30662 20472 52214 23507 40770 37147 43832 31862
12146 39571 44600 22556 64338 22828 30749 20576 5221 30209 33355 79449 16145 64871 42268 16773
54797 53846 88556 22225 79510 61684 46065 90788 37899 70797 58046 22046 14692 30977 36864 3587
21941 33441 77098 31881 34441 77627 48483 58333 36300 79686 42516 71171 32946 49151 63109 26472
12286 39019 31687 55704 36812 57864 38462 49360 30876 26486 25912 26734 63184 35901 91103 4117
4554 80345 43778 42180 20935 84174 16506 24455 62527 78319 53150 35915 44299 39151 30246 32195
38240 46736 37013 11627 87286 66308 80175 48260 45128 92578 64283 25577 51624 76159 39578 80874
57661 39551 75216 51059 13097 80024 67814 83210 24355 28599 198075 221949 47260 2555 54521 48028
29667 48704 40324 91298 71204 29995 47485 69666 13474 39187 46867 4386 58565 64303 18706 62259
33730 59359 54510 20548 45833 31952 54322 14171 52651 204543 62607 76481 35761 80284 243571 50989
35923 51486 24414 29008 64188 31909 79806 56987 56348 19620 2024 34547 20588 27164 94737 86704
58282 237696 52963 52290 10900 54664 73248 52097 60134 36032 50260 17031 64037 28022 2454 38657
58532 49914 94171 28487 43693 24953 88888 39953 43437 38167 37907 68846 28545 46228 21297 81584
68135 38854 91517 25680 81753 61681 44970 6329 20816 51782 65340 61330 19920 54059 40950 26163
34873 48189 74267 77736 188928 72770 27952 23704 50028 84648 78953 27836 48244 64359 30618 36919
25366 53577 24745 220677 77342 9099 84336 1312 36435 27920 38573 60806 32180 14808 26381 8724
87420 67248 75259 24605 32053 79543 60487 67981 67648 6921 71395 56744 33007 54147 61880 37502
91539 81359 64213 2698 63809 61521 41979 66540 12441 15038 53381 35990 22497 18905 4506 34860
27172 84537 54314 33712 37002 39549 57906 49278 14141 22443 84001 76043 244158 62743 82648 58854
28913 51405 52739 61804 84067 39714 62938 24550 28790 51048 39149 75505 75748 92035 26352 41247
59339 43396 39645 36412 18666 73955 72972 44131 53286 62126 33168 33466 85606 80471 54591 69040
69299 53575 32213 54342 37253 79345 19803 18570 91919 50987 49800 23190 86961 94046 4359 26298
32092 50581 56688 92044 24874 47378 87029 24052 66251 21087 93223 232436 42363 2593 36619 47928
55305 5977 10237 75708 70971 79812 30417 55797 199943 7242 54967 20503 75603 60472 31910 55725
58268 57156 51693 74078 72993 52178 38407 28228 36426 41572 19653 50567 8391 2209 83336 24319
80114 78504 2122 69292 71934 61386 78125 23708 35372 28384 42080 68694 185589 61380 10719 87810
45517 69554 59682 27374 18254 26606 71477 4452 16983 21605 35402 62328 32658 68125 87529 48335
69951 44218 37999 59823 90377 7196 21289 45149 40720 46368 79700 62009 39754 33793 35515 108
10534 29458 21938 43325 66795 34429 25534 37914 78812 80598 16027 46121 20637 68721 88292 65815
27381 68792 76087 66641 92500 12199 7722 80340 41876 63528 57259 15855 60351 20231 81725 22771
43899 57749 37762 50491 53472 23374 64023 16666 47381 43158 76720 53715 34173 71426 52034 86369
57382 80809 19691 9457 29636 88656 17270 95638 94962 23268 42127 4785 52866 44339 43753 74206
78651 21983 58586 60895 42061 31091 9574 74661 7132 57089 64550 34017 17008 55321 31540 70313
47006 42642 30057 56149 10519 196669 73918 34013 37393 40613 52385 35620 76186 33314 45607 14318
43534 36480 36980 58145 28158 32931 82056 87023 26910 211666 95233 75022 21115 18234 49317 159553
34916 72602 20267 29344 83628 93295 55803 5005 56968 70696 67789 87036 24141 60786 60651 46480
65782 51456 91554 1972 161253 37316 37476 41457 46864 46493 49303 70951 41501 43401 17853 33591
47016 27438 6652 74926 4256 58958 219229 49754 92292 63317 55582 24375 90602 40879 89020 36795
29963 28151 69253 60083 28174 23058 28536 29424 18489 28569 15941 56464 14127 56320 5466 67210
12848 31007 21009 67300 28008 59618 22809 17640 41594 37112 79089 10552 17950 18467 21422 47778
26290 76036 38827 74487 11516 48943 25264 17385 26599 31542 62411 85885 92631 38491 58027 95779
74105 38481 52151 28507 93299 70471 57177 26266 170103 25100 90407 61008 21775 92285 59617 188391
10869 72060 80322 37820 29171 67214 33739 34404 46668 26440 23369 35422 88341 35614 15090 56732
16053 218952 38685 74563 29088 89342 22465 28227 2247 195936 66962 54051 68420 39516 121 33440
60039 59092 9063 63486 29912 5159 69879 31253 21044 24116 45190 19548 48927 42948 61492 51286
25878 34356 73158 31042 44254 23133 82529 66252 49769 48978 22183 12593 60999 49500 74011 55868
78195 21877 19814 35970 76170 62589 50623 64829 81009 83449 38913 58193 78454 26039 22021 31219
17810 49977 12612 62075 64481 64282 30323 14760 30124 18840 21632 41360 53179 12980 25795 43978
10308 25229 42378 60805 63703 88153 60961 36129 2514 90320 23799 40905 8907 42778 42016 169615
91188 17134 80725 50892 50190 67034 66044 28760 41883 9769 26074 45994 76256 35848 90670 58013
33147 31651 80391 29819 27844 77398 81637 80253 89284 34389 36328 51779 81846 77665 68643 35642
69089 43950 5398 41069 8533 52727 15707 34606 28876 56966 55122 47503 32294 48924 34904 9449
17395 82204 29296 30495 89006 25626 58865 22893 45630 61284 56017 51043 43595 24738 23831 18046
59225 73727 35152 4525 758 184621 35299 13454 51398 62449 54622 93261 80439 92386 70374 94549
7771 29265 52500 53541 44448 21049 79170 36803 26207 35481 47354 28756 61696 76954 56845 53400
20233 76950 78312 43254 68732 45954 38522 75566 47123 41755 62169 56767 239094 22908 38406 64633
84810 1949 69275 174426 27971 34539 56284 26515 2749 48434 71495 28575 91887 28224 47253 40525
49044 78472 12731 69278 88913 36809 53486 216292 65974 44798 50906 35700 60545 17589 37099 46050
31648 23485 2269 40987 68957 61355 82705 77428 20454 21730 77078 93532 57361 57955 54571 35003
85174 17873 21744 7466 66361 89301 26950 81065 198611 2710 22573 63679 78452 35774 24332 49258
24799 91947 49772 84811 62953 50920 44001 5782 62526 5567 1884 39563 40922 50768 68051 78247
4008 4654 62443 49431 33940 7611 69389 44942 65876 136 94612 66714 54365 67453 31548 43261
44086 7229 71604 52379 230461 74031 35811 27005 72553 49325 44104 79466 38333 45309 16348 27107
37909 6168 78354 19366 14182 93484 35510 200985 42374 18427 81295 48148 54034 23843 19275 86630
45746 23326 68499 67217 187090 4033 77604 9004 7325 20239 13970 78856 40733 66933 44324 242261
50691 4476 11422 1222 92213 82788 46825 50151 86958 182029 47009 72400 65581 29517 70541 2012
44693 64651 90136 6161 33089 32646 4167 12738 67559 21936 67638 45776 78078 12844 19797 62697
60980 188539 35490 33594 48827 53317 93177 61667 84200 50341 195176 28245 210623 28640 44610 40799
62970 53067 5308 56395 34886 77819 12002 42699 26738 38248 45368 68049 39928 95711 85923 48162
36560 53312 242406 2606 2750 85642 20790 13443 31612 94988 72677 83223 64463 19012 56535 150264
92468 75466 64706 13310 66875 19699 2277 32754 81288 71868 42162 67708 10491 29422 82062 17576
62413 166152 50688 62437 4575 13899 54315 235920 82721 92466 54667 152900 213145 84486 71219 40568
94898 82813 9992 194434 70463 148498 148519 30917 74319 89120 44718 17190 20694 31741 49461 13867
24852 78263 36906 71015 86120 66254 21121 71141 59466 51703 37271 18443 40092 61205 38454 69574
58883 86853 31251 91546 66862 40007 61643 53722 79241 19598 37980 4960 64882 15233 37183 34858
2769 28013 59322 13023 70069 29261 89622 54065 64251 34643 47774 86997 35126 93388 35252 25757
705 6196 14626 63196 94946 6189 5237 15991 11648 57838 47650 51118 53102 5366 71786 9119
26197 19197 127 59480 95559 84582 37388 34500 44845 56183 18871 45477 48570 21513 65358 13290
20441 4890 82505 71381 45696 38832 56860 35157 45304 54307 7407 69047 41902 2288 14668 47628
63736 39064 79506 3287 90609 58917 40104 73956 50572 4933 76696 50445 40598 27398 62332 33848
23676 49148 91779 30529 78711 34034 89506 63453 59952 51215 40909 56552 3675 30292 87313 78560
45294 39476 16839 66605 14308 24311 82127 35662 74860 35482 15329 88643 18014 84536 74939 6950
4253 15792 50107 5455 30959 54241 42857 79837 21813 31360 55917 54703 77114 20762 83524 76751
36889 53927 45049 28986 36765 69137 6566 24222 57273 10699 11855 29491 59709 29048 32201 43702
33902 69615 184824 28172 56801 68411 43528 60132 70375 62862 31498 71323 65402 52062 39566 41088
23794 45495 89079 32176 70567 76893 7377 88975 31725 51774 46464 64625 84079 46521 57951 63649
21420 50932 42935 172118 63893 89387 77379 64060 7259 34674 4683 81175 49875 59307 52680 40835
12435 31886 92506 38488 17047 65792 32765 19661 30279 30042 34461 55640 60327 15298 13186 79596
73150 30571 57173 20849 83230 79635 22507 23925 29278 36022 69350 14726 38837 7310 70674 38661
75420 26512 31456 9418 9509 39480 64070 52591 43196 77544 16154 33957 72320 53527 36594 78347
40497 33508 27171 27453 24356 82112 29038 13220 65592 43941 94956 38171 62304 58420 26909 18164
20711 17436 40548 85163 46309 21436 62932 28033 44204 95521 49069 20978 20296 66396 19795 59069
82712 38915 61036 82397 23200 35547 4350 9772 45771 53824 9200 11861 67940 21792 54633 59239
15547 78034 77796 71570 93832 3549 41497 62109 44484 33058 46838 91045 37658 9034 38158 45605
78952 45562 12045 34055 55426 42897 21774 18221 61476 25868 35079 9131 94884 14409 62329 21553
22761 19116 40610 42602 63139 35707 20123 34705 14288 14404 51723 163834 177209 6242 53163 30127
59055 47750 61686 34184 18024 19959 93302 65278 33083 74140 22775 26094 70244 16752 40112 58542
29711 37121 29821 78342 13154 23324 60172 62297 69164 57467 67495 39673 88222 89712 59700 15465
63862 4018 35936 90150 25570 86353 61725 95671 58114 41536 32223 71318 18898 22598 70454 27155
28314 54433 78091 78686 88252 88972 20984 38776 21698 48879 16012 12795 32418 32989 52359 32097
35916 63805 62064 89485 36113 77118 16232 60476 69542 50020 58815 3987 73317 34256 23229 35034
45192 78565 65606 54348 8674 65041 29856 31948 79293 30626 22088 61983 59132 23847 84570 40138
94075 10972 42007 88429 9433 46367 69098 72345 80162 56603 30850 42169 66785 19815 58603 16353
237 49963 62084 76245 67312 13331 79100 13202 24804 16716 36140 242440 40793 17793 93752 18593
47958 65043 26131 20421 73635 61995 90545 43163 58562 71033 80592 14700 177955 227953 40332 163864
57728 75124 11382 72239 31039 88680 75237 7243 53968 25363 66800 3570 26025 35175 244191 234149
49773 84699 34961 94567 73552 75818 39388 49993 66519 57885 1279 25293 58307 65007 71816 3007
23004 69963 41144 25446 51111 29581 39164 75345 67642 41433 35455 2033 37216 86029 94723 78557
18457 41382 84064 35844 63740 30078 58179 28250 32417 10520 60544 87051 91223 92268 52713 59917
36964 21268 44303 48509 78645 33655 91303 36490 232514 25281 83107 20612 57271 31693 35842 36468
170728 20573 26306 40358 54206 78477 23050 86316 2389 4733 88892 13326 84734 13732 47609 16440
184274 237459 35342 88371 35234 77718 33983 15331 74517 42499 66814 13911 71256 38041 65232 24096
56393 30296 49472 12968 39254 56398 61746 32476 48230 74735 51000 35408 33351 91945 50539 54631
82829 65357 24081 30411 91427 58219 23669 84039 21184 61663 50774 56897 47280 50469 42721 77411
209017 55717 13373 20491 69417 20784 39781 53840 67244 79951 42975 35224 190899 28488 59833 40687
32909 58373 21840 76722 51711 40392 14946 17090 51519 48765 54270 49544 19048 35880 64415 16819
50609 162808 54865 69479 55851 25839 32317 9279 69295 21660 46038 26441 75389 55188 73762 36157
76622 48295 15960 46299 12752 25850 47002 33836 23752 81330 2618 69162 39326 75914 39577 95182
76248 30569 57932 27607 56913 63102 93587 17225 58664 74003 85558 69031 80385 94561 67309 58063
38498 58246 68481 65692 64825 52676 70882 22423 30658 18752 89793 34288 53838 40374 50779 13771
55991 57611 69142 70655 27163 75307 2588 31717 75106 70941 79997 25182 11517 42220 11492 69840
28868 18734 59112 33049 42978 36983 7064 59343 73959 48889 18307 36841 33473 30475 22105 207853
41867 63973 35589 39553 94955 35119 59388 14454 10523 11725 72242 69104 29446 88408 26409 51747
55478 34294 44802 36715 84100 18080 89833 59090 32680 166945 43369 1282 61147 46361 51388 71728
46466 3205 10857 42521 53175 39472 51190 49916 15906 76540 66027 90717 76148 46373 48559 84603
65311 22706 49264 89831 84700 66103 49666 49327 22347 23675 34267 81059 41511 19494 41957 23730
220838 43530 42970 69552 73977 52226 28946 77859 7213 80134 86616 20220 77981 56950 43442 65937
31874 84335 63433 29847 33110 52112 84685 57020 56076 35959 64034 18957 235193 40701 34907 71017
21538 42980 71891 26346 77875 2469 95227 63712 84019 182248 64618 67832 8146 67714 73310 27744
31108 229346 22866 12758 32911 40856 56564 70905 64143 34787 75430 94937 86417 52473 36949 38998
52398 79288 15380 54048 62231 45823 44696 86590 94827 19574 69125 30782 50827 27546 62305 9698
18723 82546 56617 28393 74715 46485 40090 71835 80849 16641 73347 90382 26994 831 80681 29208
37019 42533 63010 18402 28421 38650 48429 64239 43493 5341 59331 37912 16238 14891 89692 28808
3657 49272 85340 27446 42461 30616 67907 76908 42143 70813 66782 81487 42086 28510 30071 55673
72303 15607 230746 36320 38146 91184 76501 54325 80388 27070 39323 37459 80069 59827 171454 66552
215233 52180 51599 91691 243693 65394 24791 24438 10784 9445 48346 79498 87384 12793 45421 17936
71357 42675 53817 83270 79669 34097 68336 22397 76459 69489 180473 6138 73467 44989 230694 227276
51609 51561 59504 47629 58085 26405 77748 29787 17517 77426 80506 34130 46143 30092 87158 60261
89343 29687 2930 17363 53275 31310 14818 42895 44661 95640 51663 79744 16131 29375 61944 30192
65408 20739 52682 72676 71488 30870 17564 36617 82764 75741 18409 44893 26226 4347 207433 44752
67953 64532 36563 66073 6143 51334 18203 8703 51287 60785 94045 52962 38985 77866 79459 67894
83918 28622 78456 93186 43783 56475 69112 87618 23269 35532 24977 62828 237616 69707 76412 52946
47673 53747 28904 40829 85217 91679 47078 46925 74294 92773 63429 67251 64885 25605 57863 65626
67927 78479 63641 87453 83334 52202 85545 83665 20219 72560 4068 21358 52400 72437 84617 30214
34540 26166 46476 88802 235120 199639 45112 56604 43637 90178 66303 80124 42311 23938 51637 50534
42496 23226 32323 65463 20779 22041 3656 73906 1584 58672 55172 69822 66895 16814 17711 62753
27768 42351 30761 38583 76247 12335 76076 49838 24064 38098 65588 86578 7751 46937 60726 38081
44315 204804 229116 33805 42991 50951 79201 10678 63241 26061 14290 87478 72033 27535 48501 28873
35523 64678 60184 79822 56496 31724 21123 89269 30835 63417 46293 8140 38688 37946 70665 56540
242850 41050 49948 45217 76976 84118 65128 69107 64755 27217 30628 91863 7055 33353 40749 16297
53712 44668 41166 90218 27139 49048 1567 25644 74050 67755 20094 9776 19559 43066 91101 27935
53820 30513 3259 26566 7238 76764 67602 36678 77532 65726 39110 74424 38961 24464 33474 17495
52584 4529 38563 46290 235777 35978 83441 37201 50756 24860 25933 90255 53466 36144 56731 42027
46111 89160 44767 67793 28794 82262 81937 59513 61806 40640 25726 59639 49428 68488 33213 64738
43407 61951 67895 30039 87824 86234 2208 28909 49922 59753 67615 53106 21992 42953 12169 79827
51863 28994 197792 213937 16197 198380 17530 83651 32613 40712 214744 15289 80685 20121 45863 27945
90946 29761 10710 60216 34621 32435 72599 44779 78128 54788 44971 33742 23341 56209 225237 221760
67274 39234 37029 58304 36748 61329 75647 33814 55404 35652 36686 72228 54488 57648 49959 8595
23155 29778 27243 89236 39831 79941 60845 14499 55034 52833 60173 87979 69379 8776 55271 9958
58126 216277 84376 82515 70358 55654 198437 44458 23786 90180 39599 11566 14019 41020 10619 60908
47914 57895 18606 64998 15981 88301 63725 26930 79474 38679 94854 38643 27995 18145 194437 94320
231832 89689 81859 69049 17779 70966 53090 94178 50029 59157 94164 71160 59209 85176 57643 37728
37828 15723 41564 91611 91730 68099 52970 38214 52453 84701 75674 45893 29025 17285 81472 2917
89468 89181 15529 19667 36312 61029 70232 37169 62572 15451 89111 234599 50067 239575 30104 85216
83674 33025 91056 38520 60224 34615 161153 70449 39716 68397 49002 85047 39623 51379 95041 6167
52870 42071 52788 12304 7499 77574 70298 70006 42479 36810 23871 14770 233677 15747 7613 41569
10965 231763 63276 243819 84593 77892 52307 65501 44044 39193 14265 80971 72029 94905 56332 20933
61578 10320 73312 212066 239646 29622 79568 58836 73306 47140 50736 11475 82808 50509 38585 20505
137 28265 14782 7985 66849 67459 164165 18086 35282 91849 90439 10936 64872 50257 221758 58744
70854 96405 71743 220939 76531 68516 72166 231865 169489 10824 60783 42809 215949 33431 84282 76788
64180 68329 24514 79103 200932 109 99 27007 64891 2704 63090 171893 53705 51527 35246 199385
10559 26237 13505 62683 71501 49801 76149 89432 36151 70141 28592 77258 17848 238616 39470 11880
34786 55531 50986 77303 62095 78547 47920 51368 51140 246 95744 3293 20630 57844 72710 24226
20011 66809 20034 8299 48452 89679 45509 92361 19055 12153 30837 71261 36844 75401 82819 49388
43997 205774 46408 16472 5619 84433 77122 13083 29410 93870 9062 27113 24842 92441 2908 36425
15835 65604 72398 29316 25663 33010 77405 22221 45991 23295 82602 20124 82816 54588 8695 59326
68831 53050 63521 46744 10425 41717 9219 31363 88034 17006 32619 34277 17805 61698 14785 16873
67710 53898 51644 49863 8657 16518 75372 12216 18733 43333 26442 21193 22072 38369 48935 70116
34435 73598 53863 39293 68641 35308 6305 73054 8757 5320 26667 51891 13559 63727 16188 12218
16163 44975 42661 87066 36982 77149 18590 22040 60176 72960 29103 2865 18927 43612 78407 28049
57870 23241 39886 76536 6867 21343 20981 54497 39289 14676 24751 35054 42288 55689 20990 7280
33244 10684 14950 20189 12255 58347 49329 79526 27604 40074 67491 52823 77091 38756 1545 19522
24573 48928 85252 18179 85864 9083 74336 64445 40830 30525 80823 57707 8849 65145 59566 76679
79881 34905 72755 32717 45345 22728 7946 44035 43320 49540 17919 69277 38236 46490 30826 6033
78111 20678 86153 15150 64990 32659 69720 75549 52805 76713 20062 52767 2815 23361 15300 20178
53966 5161 9371 66052 19630 10893 78355 52494 57559 15661 21804 62002 7907 47079 29493 36664
60426 93181 69756 91888 56097 59615 15887 53271 53815 33578 17277 16059 29910 47419 232848 64362
43487 25702 34828 50247 18844 74909 40214 16614 9036 44192 22379 17401 75465 67467 73279 19807
2877 26182 16293 71963 24346 7976 40068 79077 33950 1359 35061 9107 40397 26194 12388 89763
76339 88278 9153 56262 27512 82038 49405 73377 51355 45961 20999 41346 84650 18853 64951 9617
46692 72141 74243 46880 230908 23256 59574 43318 38953 24930 20390 65054 43649 37986 71931 32923
5903 12561 79536 8172 81519 78249 220497 9912 37363 31243 9205 18783 95224 28230 84788 39761
6169 68962 11284 21573 23028 51269 36746 31871 20886 72464 34810 89482 40130 19651 8324 25583
16516 84762 4456 82160 59946 27203 10347 67680 60197 40698 53598 8275 77143 22631 14189 93868
65757 61689 88842 53065 60854 22487 29986 36429 45670 30594 59786 80798 62327 21214 69088 51101
46041 2035 82898 154892 40098 93583 44588 48631 42739 16309 46590 26941 51241 20087 23336 21341
61442 60391 12648 28655 53888 5549 9879 90446 44717 44022 51276 85410 77573 95088 86883 54687
65322 51729 13066 29929 53532 13568 42188 33524 75471 47294 23165 38447 74713 69430 7981 13677
21226 24158 29193 86615 44501 32017 44748 62357 20943 10314 11127 36483 13929 10706 52145 6424
50665 48039 53356 47146 80663 44875 1695 28412 36307 67195 79306 54399 40672 69296 50399 37273
32671 9926 46171 28268 91271 2242 74167 81949 57518 45104 2765 71825 87809 48999 70474 48772
82148 78361 81640 32927 65967 58814 40417 20348 95295 41039 41076 22948 71489 16101 81158 203127
24581 210058 83271 85550 18766 39788 30925 16444 64683 85314 70984 12833 35283 11130 75772 47205
93478 22867 22383 55747 165298 32495 45548 33990 79418 54044 79533 95049 227220 93987 91169 34595
40858 50557 21479 55881 15724 6284 84066 81213 62978 47792 38345 60828 39029 25134 15105 81271
55477 80634 25517 43563 58635 26704 22084 68386 67440 26231 59285 31119 57448 35052 77412 91917
5473 29078 4813 72757 183094 67542 52023 48829 78922 69321 64120 46951 27106 29039 30370 76665
2689 84312 62790 47625 24224 89119 66640 56729 61249 42622 65542 35917 90809 39597 73359 16731
55796 43330 27879 48154 94044 94565 91597 10766 12807 45807 17991 32115 30410 220554 25227 89517
20781 55039 67528 46157 43060 234268 74017 14844 22176 26115 45862 27652 41561 69281 51968 13801
78142 41029 61390 28097 37307 73339 89363 13680 33969 46203 87324 66952 22533 40116 36131 71326
44055 70576 93159 70402 95535 91187 82949 75885 70469 51247 85718 21434 238969 4141 15886 8877
53673 30894 38566 83306 15202 14680 49130 35551 34906 21634 52854 29575 36462 83109 81002 70687
50863 34101 3904 7667 35877 83749 27825 33121 14642 56254 22492 20415 77926 64708 2039 59887
74730 91437 69414 75789 62715 16521 52075 52285 35476 60146 86893 36137 62653 51137 66746 63865
92636 24505 77174 10653 94238 85342 9439 7286 39646 10282 33458 39530 205154 18413 60807 46919
30750 19784 67697 50158 67172 10348 24980 40429 49390 3538 43195 51185 82344 19308 44269 92120
79486 47346 42122 74388 46008 69675 2314 62082 80786 19760 33849 71006 214531 18115 61614 3961
26706 929 92004 57179 54469 7719 81309 21776 59207 22062 62358 60509 66128 45320 227156 91068
71455 49217 32480 49971 45718 94060 60697 9010 65137 75039 2178 12326 73364 8891 36556 22581
82064 56912 54624 56268 65857 75635 27035 29409 68497 53240 59994 71772 195508 41643 33283 24434
87474 66634 75315 33264 32847 56980 8174 52832 70998 34577 28078 40760 37024 30711 27895 73652
46454 62768 64494 72861 88754 38012 5295 24576 44126 16538 9540 42468 160014 85091 89227 80193
22973 61345 71436 39766 68915 42680 71890 36529 38391 35639 83057 47966 44562 65912 14345 172706
62817 11818 3304 59486 91479 20947 23442 34346 73610 41738 85094 175152 10529 18374 30260 33285
47157 26857 36741 6519 55866 220311 43069 68889 37260 86786 44062 59932 68117 91434 83506 39011
15244 4488 51219 37963 2498 80903 35360 244124 20797 63550 59334 11643 43399 35625 49340 85635
47109 48428 29569 25097 53295 72247 53438 44080 20273 53198 41423 224008 79192 90886 87095 28651
55983 85575 78443 32551 66799 75167 22392 32120 48841 91896 44648 66029 5185 43567 86880 30543
16277 198280 54353 68870 39430 51336 37203 21164 78839 88934 56566 54678 74740 85751 78640 45462
50136 64388 37033 86922 61869 41525 36064 9878 26652 58885 14025 68833 52750 67124 29439 53001
43883 69639 90371 42348 36959 74890 50990 85092 28244 84995 27002 32961 220850 69377 92395 23820
40502 20414 49123 76535 55217 53904 47590 12914 82582 74298 28979 1625 52117 15468 53153 92399
30656 79136 27344 65264 19636 82745 88801 8435 35324 63200 29368 67847 80312 35556 90227 67102
55171 66595 81152 54504 68466 92482 35343 7115 62699 42312 4112 38082 79458 56848 32718 25817
56570 16182 37217 29445 50360 69101 79972 52798 57680 82013 36366 44955 33040 73499 51016 59676
185936 45075 50831 56937 26634 7541 50891 13179 79897 20138 48193 47979 68356 49994 33997 30921
39301 59372 55284 63327 37686 95125 39136 56900 37075 22765 22858 231166 74404 44491 19051 59023
53518 17596 34498 35163 73008 70315 10591 78168 71898 46712 63613 70992 80258 8904 93268 66188
39846 59654 73396 8620 78830 31169 90712 70614 74406 17318 26432 57235 33268 52237 27286 53528
70261 93121 221369 29259 68174 44941 77682 24239 65999 69271 19227 14790 39983 59142 46708 21876
33676 43517 46094 44242 45418 78656 83825 63737 60812 73832 9414 40702 21511 30605 36235 92253
17416 6495 23466 26099 47743 202187 45619 72054 45730 37640 22871 63456 61113 3031 179896 202537
31504 50823 47275 88668 26514 66764 37982 58540 17368 54129 20207 3137 7575 30785 48881 14737
16985 54738 59465 38207 15575 26926 31996 92274 90385 58141 17221 17173 73711 62583 44917 78619
28941 11651 26577 34300 14363 43782 29144 2598 54683 6848 75798 41505 57062 33499 66722 51838
75743 25108 69644 77946 10210 86315 93141 33107 97 9718 37176 91410 69830 22413 95006 82000
76778 20844 63270 77976 32595 5905 29245 182264 50203 72674 80239 84979 1051 68315 45992 13936
59552 92218 53768 36148 51071 16920 77770 92226 39929 244999 58591 50189 33681 94016 28522 73229
89577 30590 49331 210905 61038 56195 65735 80249 90151 70661 65497 8745 45229 36277 26886 42536
32818 51085 59929 26475 46824 82857 23991 232590 28051 8480 5127 15391 43216 8438 58804 25259
27610 46396 24891 74874 60369 7885 37664 78627 90734 62787 46967 66711 5034 88845 35448 61607
72555 5056 91640 85214 65562 63385 36290 31005 65548 69152 37452 23254 85017 164891 44579 48159
44656 3557 81053 82494 10602 60971 42828 28807 184536 67551 29854 41512 168552 28105 162148 92391
60643 26588 219805 37614 52622 34244 4412 67091 52934 80183 60445 43841 17908 28342 84586 93744
42570 43274 4861 67622 38318 54354 54682 60457 14709 19553 53783 39510 11310 44275 92886 90759
42294 31257 15532 16365 46489 59523 32560 3003 34207 50336 27830 79801 46947 33935 26148 24568
38826 34139 229577 26804 23600 76737 31694 39328 242907 28722 46040 52470 64302 58356 63833 51393
24296 20111 70003 42281 67350 95083 46154 13921 83536 40384 56422 88018 46617 27201 188586 89725
92390 75537 42884 63332 77600 86638 39706 75302 31594 28052 46197 65651 88347 93833 41260 13571
64506 87655 17959 34308 59028 56976 44525 21616 83123 85663 93544 31448 62798 71291 76739 19956
80207 72708 68316 86793 41119 18043 31927 41863 90188 43900 72880 39604 203972 80468 65858 38921
29496 54254 9318 70827 35059 18258 31335 92549 66198 69252 67884 39857 43362 51919 33534 45287
48743 50160 59855 64911 80945 27958 21095 9814 17471 41146 3540 170834 28482 82097 81407 74032
78236 80159 55151 164295 51797 56973 23219 30054 27699 47045 79717 53844 87772 2248 82584 19447
26030 70732 9266 64162 53550 74901 18691 64940 15232 9612 2202 90509 32150 25689 53121 221083
60591 91179 76344 63812 49718 12137 38956 96292 37428 48875 37023 18048 51192 37343 75211 94570
73825 67955 87484 46103 193335 55691 61203 31877 25536 66224 55767 38749 67984 37421 19503 51895
10079 12432 81168 41729 4297 53847 95146 56169 71389 217367 167319 39689 87910 86483 91797 35997
92695 55602 162856 178590 18670 80466 74650 41659 208472 86482 84522 93806 34909 19730 62765 35686
46491 81274 64760 25599 22835 44255 7943 63826 11788 92195 66549 64901 20850 88848 10011 70571
225943 52493 88493 32433 23450 36403 90190 45430 63686 87194 67771 30580 56546 8192 105 49942
46509 90917 78438 51591 61296 43823 39070 21556 52744 42434 72888 15308 57345 186662 21600 39424
39221 83515 91438 55750 40599 80878 68439 20086 81830 18642 93422 51808 92748 39771 52142 38090
51054 63072 68011 43033 83626 58490 93642 59511 71828 41530 80877 70360 29345 31187 92446 54292
4755 21750 192129 14179 41589 44853 93150 92853 9255 207447 54789 61163 194817 168024 52179 46194
10659 66002 88154 28319 1180 34027 89835 46977 65138 51588 22358 63248 208268 199072 33765 95102
39435 160474 42756 16509 43256 88140 33830 49000 29413 18518 51735 30473 56633 68939 59454 24843
23897 35166 32714 69777 29801 59282 8527 75009 163861 49487 83080 12249 64914 182501 174938 73259
240694 61601 234300 28459 33451 45330 59144 17787 71005 239783 22250 47409 75972 62273 37038 92627
17358 54126 33276 85279 46717 58721 92016 16999 92663 19234 35225 26180 3303 24307 78503 160597
13432 15471 24523 17986 32130 91937 70848 19588 59309 79716 21171 194512 72811 94454 21977 22668
20152 241474 56768 92362 50204 21844 171237 84583 52821 73706 79684 36193 82402 41476 21475 162993
6292 20110 16443 86159 216213 94361 41542 182616 218854 58725 64844 115 68417 18370 24507 96416
106 50786 73482 30015 52635 32975 35698 66651 15396 58459 1011 25830 49703 6975 16548 9147
92431 50819 65464 10533 12365 152318 194290 34123 112 215642 186964 92926 40628 31013 66767 62721
63358 20792 73560 31212 66007 40310 37205 45173 61145 38649 17086 19650 48205 34150 56024 19126
73900 20509 15069 71959 59007 28044 20240 7040 77047 83290 90696 252 18746 92737 56147 18873
19100 59460 27922 32447 50340 81116 22207 22080 70664 71836 44948 87582 17609 19136 67521 67537
25209 46135 68652 50337 92838 45134 53244 51268 55687 27698 228520 79517 12089 7990 94710 54563
48575 45427 24960 36627 14220 94740 69884 43853 44507 49991 53740 73442 74238 70809 24136 16658
29100 62746 30211 21647 32162 79259 25030 74734 18763 24363 61913 65496 47808 24462 65848 78012
80640 208861 76457 69355 8750 74751 88182 55925 42685 31074 29591 69725 25481 83477 75125 80086
89681 45643 53004 34367 79152 42876 17298 65141 28997 55226 28625 63669 41808 86055 92223 40403
4199 69847 42295 25573 27928 22553 16001 89015 22965 38613 8594 39587 7127 81347 48020 78296
26147 59529 17566 43138 28471 47124 50606 25252 61383 38045 51277 90889 12662 21812 32137 23001
43726 49339 167534 42773 32009 46526 83750 37172 68631 45697 35585 27933 61878 34112 56214 37696
7918 52305 9863 70755 23559 12179 18710 72630 14824 16675 77626 38812 48529 50667 57417 78901
4955 15098 3840 25827 70768 62689 75305 38645 12629 12827 58146 83099 37896 64422 35000 44810
37490 34519 43889 79816 46571 20579 12745 27767 38754 18859 18030 77423 46703 73314 53416 24122
9538 29081 43913 22762 68096 7581 17396 12958 7579 89748 88989 49868 31565 27686 61232 75230
58533 38074 72198 11986 63256 83593 30760 18837 25917 19727 21822 88478 38843 53564 39237 26863
48409 66282 12195 11899 16549 36165 23448 31264 1197 88953 73957 6812 6142 24993 60433 40518
20748 3488 7024 18044 77062 84456 80470 53674 5290 45677 63792 43153 23281 5420 92649 75964
15585 16275 21888 82029 5740 89710 59341 5643 21050 1780 56227 38026 86124 67854 70078 43204
82989 24312 54978 18392 25213 5818 7192 31409 45361 21672 36301 20498 19570 37153 84481 4853
67885 4481 90660 8679 51598 11279 15646 62238 50947 87275 33740 18216 5115 36491 78535 31157
8681 36384 73206 23315 31995 83445 5011 21273 11760 36499 41213 81329 75944 53936 24988 73705
1409 95509 59205 36598 2711 32251 8723 22170 29950 32748 14877 188807 76659 44469 17371 15136
61126 30923 45684 49856 24472 75041 65919 81816 86329 66855 35434 50227 11667 18162 6218 7682
38314 33011 82563 32421 31037 90502 86771 23506 68015 55436 47580 12008 13586 28504 85806 12913
55025 46230 48215 21592 16040 12898 45440 95328 159029 23849 59327 54616 8956 21061 83974 57024
159034 1596 52514 4848 74794 4888 12722 14407 18955 59905 65993 13007 22933 17824 46598 47476
33917 3797 72577 36924 4555 71516 27166 94904 78589 18222 93098 6771 4703 93684 51742 43511
15736 29392 30251 76050 62865 26955 44473 197201 35995 62197 42689 49310 64691 47399 82938 18656
60861 20216 89728 63990 17770 88379 4378 91212 53075 28717 24881 62254 95017 43164 39268 32554
21726 38569 18680 39073 27974 17542 65426 52458 35286 29641 22436 25993 50511 55694 41578 37179
238473 39965 41614 61274 81456 77249 74558 71188 26649 37993 62390 93880 25856 13034 91431 11053
31734 192638 92832 30650 18465 45414 29965 29859 93844 23215 72978 43850 83965 54097 79625 17352
44634 42641 85443 38884 71437 65956 19922 61540 40675 41545 41966 46804 70753 66872 23449 25388
74208 61565 34848 53662 36045 80198 37635 36971 25194 50254 24091 47526 73677 87055 23419 41363
22830 16635 79249 1641 69053 52148 35670 46995 80427 35479 78800 6071 68510 48166 95254 36272
238813 70218 67336 85646 20892 58705 13890 199342 78233 64850 54447 66874 72582 53914 93451 43819
93051 215159 94323 57480 57390 53525 6117 6674 82517 49057 83429 75414 70605 63503 79699 69514
65837 44694 230448 95539 73847 39742 47584 69849 26146 13407 3963 21046 51883 79799 46099 55424
62041 61280 50452 62060 59562 41078 81083 85535 81682 12712 42249 49411 54770 49698 36336 50334
16032 52482 66745 171908 33323 3247 57686 16147 53322 17393 39559 45595 51981 49955 39062 17444
35859 43220 15817 40791 71688 43315 84157 79338 24710 38157 27788 39399 183585 77907 64229 67926
215386 29620 60566 3707 25396 49424 26092 54258 44816 2825 44839 75571 49941 33757 3770 47698
11085 63620 61403 45732 14576 26963 68131 48150 88476 30882 223443 25821 31301 194356 25620 65955
6293 85595 48381 12962 68818 58762 24715 8812 54946 44680 16789 80922 47433 229676 19631 31947
18524 78806 91894 31281 59076 69532 10589 66902 66463 29329 47921 86020 45401 84091 42058 44425
39512 62629 94416 7809 61873 44926 86918 57306 66577 35772 7373 35950 66080 65144 9556 64621
54593 35825 62235 45198 22164 77778 39888 31676 88675 65883 72536 35890 60780 13450 72643 34393
601 45339 93275 222254 58064 81880 16105 55429 79904 85264 222034 39176 66326 95716 53379 58543
58691 83075 68529 80571 64819 216504 62520 75585 3881 21607 70939 36156 73759 20284 49499 35932
85692 45348 59394 69433 58893 90656 52848 23205 36296 78870 34632 76762 33531 54237 34917 39984
29214 89043 49859 66965 53280 49790 73933 92043 12770 37092 64974 39753 28031 69614 75728 241316
60975 57290 14657 84677 13144 62452 53866 15315 88485 179508 39352 70912 41407 9771 206615 22944
21232 79626 46805 230237 24275 38668 62649 86628 50353 57521 93338 44009 75587 29285 15087 44532
47413 14008 14672 27012 18946 13887 59073 74887 81756 199119 51935 62056 71849 62966 45269 36877
73394 20617 66938 51389 40671 65824 46809 81998 58944 37646 57733 35326 29793 84255 6752 58156
28367 48302 35459 84679 29686 71268 52041 45970 38242 27889 79226 39220 8970 58525 61539 233914
25797 198296 69453 55400 82183 87943 32420 48720 58765 37856 62228 55842 80015 48367 32414 63123
58996 41183 39513 47081 37751 41251 64001 57190 22522 15293 40853 7226 29037 170247 24978 21090
65660 64847 60468 36421 57047 47504 61165 62531 77688 50389 75212 43669 48716 84233 32366 57431
70645 28971 54651 60366 77932 44888 76934 48893 89886 81751 68471 222252 59750 64584 37995 57601
89110 55985 17877 230284 49171 57908 152942 38622 31969 33309 84442 82990 61449 19047 17645 53601
8027 32589 69052 32166 35477 203778 30488 51718 32894 40786 17099 78011 90242 92868 44265 21204
15254 11599 92094 50036 90536 66842 78911 71306 73708 87032 60495 90699 82351 12130 30060 37670
167116 65263 19915 36090 25183 67337 53020 40064 94774 70691 70946 1522 75356 45073 14092 243
68065 40341 25245 66163 1087 75710 89375 246389 23695 85833 65512 44362 28711 41964 25923 27412
1915 77275 50692 77992 89776 32653 79151 25507 78666 91841 26005 34605 86094 70198 57775 41919
2365 8332 51057 9589 34709 32183 54688 188256 4718 64459 38731 22696 20798 65786 69113 19276
44938 10715 227635 225762 73052 61785 40480 57859 63371 31718 29666 54035 164014 75423 77476 88620
53685 45318 46410 30408 14711 77846 69759 58983 92436 53155 92927 49457 22999 71605 33949 90017
67295 39415 94234 2567 25883 156254 84905 3876 59867 51631 64688 56197 24756 55601 50653 85008
39056 18334 86925 30433 49396 20941 68227 77691 56441 81162 79915 88094 58794 86489 76633 72256
49362 7841 47214 54263 18967 57331 39410 51601 23413 69855 71525 41809 240752 53423 182287 86320
25352 83014 37354 74247 91420 84591 63512 46840 43309 71580 58170 66243 88665 236802 38802 31730
32024 1843 74824 58001 70824 32034 82395 42324 40454 37970 82533 5151 80118 229225 90934 59809
69738 29913 65294 55472 63815 3633 32460 70196 35191 55353 53245 23021 4376 56458 9340 48782
41115 32517 50386 24666 90790 93289 73402 70884 77036 27530 84243 82339 55512 44604 84156 25598
55140 15837 42945 72086 48816 60729 54674 11286 10338 26974 34898 51201 42125 28124 61050 35557
77826 38003 37310 44368 64627 44340 43701 15252 31803 27283 70531 22290 75755 11451 33064 66869
43192 33680 37709 66334 82827 40345 35109 25156 200904 68843 87254 61645 67173 47201 46060 70438
70706 59431 90479 6719 44464 38672 28323 90844 43923 4436 57498 53485 74448 17168 51773 44246
21789 189403 82290 62083 65019 80732 44900 202514 37699 92069 93968 39052 14679 76827 48480 88410
89901 45441 18575 38694 47236 32898 68544 51984 50749 28573 231513 75752 21398 24691 34579 77684
46523 89786 41507 17158 7416 27371 12308 49784 74506 66107 29095 94372 77754 32066 10297 64136
54078 45298 20341 207622 44201 20758 47744 74737 85072 62507 11333 70453 67356 52501 31218 27150
22107 60912 166305 42141 6455 33189 80099 6841 70484 53235 85439 8188 29775 42904 84353 42326
88302 5660 27373 38667 51228 67858 1614 75459 78676 19704 7627 50093 7970 36775 49410 27303
50284 40764 25761 25261 43009 92423 64125 40311 18388 8506 20501 10050 31911 2028 92313 85129
45774 55126 46222 27517 72912 78675 40632 63522 84534 11975 64750 45270 224726 52902 3424 25617
14909 160836 90499 75567 57634 71853 79298 54599 13479 33771 12871 3585 29858 40589 66064 52039
84063 83195 41318 71088 18284 58066 65482 17394 42304 59724 54248 35712 6448 214557 41790 33125
92690 58963 23070 23800 39844 22212 89007 35939 33759 86471 54284 81064 61786 91064 62751 60478
57146 44274 26969 94094 48819 82564 12930 63282 78423 76879 59526 92435 77387 76637 79133 66754
8510 62244 52840 37012 15418 60889 39350 72113 30790 70550 16727 20143 77931 49009 73354 37242
45074 53221 68281 71545 23204 60759 76242 60966 38195 91536 74214 61779 14627 60141 190731 52037
7206 86017 45898 76761 28641 11968 78622 71265 28154 38586 45775 86223 36531 64416 65071 45445
18498 95430 29223 49970 25652 58410 58087 18715 12085 79039 72258 8291 56251 15023 50400 68859
32336 41933 59903 34659 81127 29873 58832 30575 24775 15683 36092 10882 64140 66968 48023 39492
93465 59149 52467 74574 45411 89179 73340 34054 11298 24175 22646 17049 86065 56018 82865 53270
77879 49083 80863 45412 207775 61788 42674 66944 44543 28067 241819 51474 91720 27822 40848 63910
42411 35658 14422 60139 60614 35961 42057 69011 18150 66311 12112 63337 23929 48245 65481 66433
35340 49113 24322 64823 10045 17488 54654 11349 52830 23426 46566 45228 62621 79475 86762 49738
81130 58230 53876 93835 72700 20194 27634 70618 208395 57982 214019 55071 18729 20757 7610 1468
49403 39615 69405 44483 80518 46737 77959 89388 6341 49597 18974 87551 17981 94403 51270 89465
22670 23172 46357 84584 83713 181404 242402 50202 78910 55000 29733 39905 51119 61364 81743 28900
44003 64334 66152 58190 18765 8784 63901 66617 233547 89409 85276 86914 63659 70446 20391 36189
91497 9379 76276 64330 25350 89037 53108 15416 40643 63779 14405 72405 94018 73126 11219 11628
68995 21062 30113 59940 58047 42078 3539 68929 20147 9096 8517 75612 5352 25962 43406 34601
54461 53983 30797 50255 82508 44873 24764 73568 63254 6005 29412 82478 9601 55131 34044 83968
89814 67476 30514 75296 47802 59087 28198 10196 55639 5992 83769 212866 54750 38198 62001 77714
47439 64291 31655 63174 41664 177156 72808 56911 81196 74534 33386 51494 42452 70178 81186 21590
29586 82302 16009 52000 69242 76147 82255 12874 53979 42684 63019 35219 29430 93040 20590 195847
25076 39035 46628 31613 70325 64596 29551 37197 78551 5006 75154 44720 59024 58631 62929 49435
3344 46346 37540 81765 86589 12066 37154 3887 72769 28660 38423 75382 77629 47110 89668 76397
70725 47594 41313 71016 23381 61533 69794 15059 45275 58877 38293 34416 29991 86873 88390 48992
12865 82516 27745 15996 54596 42759 45560 36409 39502 39655 203072 56724 55871 61658 83643 29895
76456 42331 7079 34501 33732 23653 30147 90199 54526 4360 28838 36284 7093 19597 63921 47612
32569 186167 235441 17338 195978 27876 235668 224006 75888 11552 154516 75055 69269 57878 90729 251
95 40370 93228 45996 85617 37831 57458 6706 7953 87149 75861 47906 70018 162762 40813 64676
25531 83342 192709 82360 16604 201293 19288 75279 230083 95115 22384 84338 82620 51051 38321 82132
60635 23260 46685 53257 186423 74684 29776 82937 91428 42230 57050 13197 85867 11262 57664 63980
220348 89291 49557 48342 33248 28707 56277 74765 185451 8045 91951 59948 11645 174338 40485 77961
5683 93635 31888 32167 72622 34646 21534 94306 75376 10380 51937 81925 92041 45265 64151 16088
37781 69105 188941 29334 71803 65441 59241 95451 83822 206750 36149 22336 41010 84313 82629 10525
39226 28797 48109 30745 40201 74566 27221 26758 79996 39639 42834 90534 83451 74503 87681 1348
8468 55571 91048 94394 64472 59140 10470 237719 27904 85249 44132 74579 44333 46446 50500 65928
75689 198883 1427 239153 30503 52876 71072 93432 9914 90912 58582 56124 28130 26395 33467 9580
63949 160227 49913 3185 58607 76947 41291 51492 81055 53100 5779 18760 47292 72019 54005 46620
26375 40157 17551 49787 57420 77982 30040 73342 185117 16953 49267 39570 70270 46217 60477 56750
92713 12184 90119 7496 33852 46035 49126 8682 212862 19471 51260 62893 30197 35085 31401 180664
191584 61948 75919 199564 60012 36370 5025 22937 54004 181546 235779 172988 217453 6577 36890 191229
226922 37543 58424 72293 88129 49125 51692 67219 53953 25340 14552 82910 63506 101164 51102 75130
27659 97054 247059 97060 96921 98375 75926 230697 8600 157152 83511 6003 46815 14110 16709 64289
183163 15201 37715 29908 35571 61569 88546 54766 22259 39040 46333 69024 1383 67046 56363 194911
233 62754 19542 76717 77052 154874 243422 195774 49382 67347 23740 183397 85993 75323 93023 42068
82015 54929 56053 66074 90581 32488 60748 92794 68569 218644 13800 95305 60607 6428 37063 33291
62991 41982 29792 37202 93933 46570 80625 41403 67915 22845 171 2110 78695 73387 83848 22657
56518 42723 15627 54033 13951 66558 60629 94699 18653 37681 24822 27679 44344 81558 91052 59964
19156 89635 46952 78515 14793 35156 59841 13503 11466 93827 45279 41111 10234 28999 24755 39922
19771 16579 75429 66264 14660 26048 93160 65286 78572 46749 45091 38511 73661 65058 54132 27563
90370 34327 241858 28295 23638 15314 31699 61384 61501 10693 86201 47543 73178 88461 30258 27702
8262 29730 19209 32143 7341 49245 59549 1597 24812 58593 22377 27756 57607 31199 7092 19458
20144 34459 15141 15824 39405 240647 2988 13451 91480 56538 81665 65941 54140 30624 51923 30810
75330 35260 22582 27741 69772 79750 70921 48393 13655 8458 80946 15540 24512 35867 81269 37234
7640 73078 50841 86261 72046 69382 29487 39105 51671 40027 67209 85975 72221 61325 58722 73416
63478 10260 57151 45417 93000 27022 18817 36350 56392 75855 82680 29812 49146 63099 4845 83902
48775 59446 32434 42431 53159 90147 93655 30582 37115 57139 19584 65973 70879 70684 8459 56822
51070 9134 23425 69702 2095 78537 91277 51317 33337 64818 9088 44590 41955 63749 2764 43892
94613 68486 65681 47421 43960 12296 52754 16294 14622 14147 86777 28255 73589 20682 56405 29009
36884 56808 36895 88866 21035 20389 19285 78397 87007 77271 26487 31943 28726 59970 51934 59653
87828 57215 47766 32882 91035 66877 71566 26419 73948 84114 55292 50123 10957 62465 24582 53365
34865 12785 52488 40351 86635 34555 76297 22986 10962 92984 14565 85774 25256 13079 13662 46798
58120 93882 20183 23566 27038 29311 62609 93983 42343 88770 8230 56948 15611 65940 69861 94110
37886 89471 10585 5160 2807 36960 18587 41980 28216 15677 32508 47013 76387 31992 93021 49995
37337 52939 14371 33385 83245 30179 19655 36553 41399 44193 63878 33331 40365 16828 52256 41751
82685 34936 52634 92560 160289 55033 72248 163380 27351 3466 71901 29359 21653 21221 58494 64835
71433 7477 16016 21820 36569 47756 19688 43992 26520 3783 34718 53825 23515 29217 30523 87849
47038 24056 87203 31706 34733 76606 58340 30291 92119 13223 55790 20831 16733 43215 37981 66890
57724 12100 8846 71187 49079 79285 22570 71741 27655 55812 41515 32364 68473 77064 50747 72809
224268 22334 12110 38800 67572 16590 53583 57625 48754 74907 47729 24732 49697 53022 60355 79594
17586 20987 36628 32949 34716 14927 44228 39558 22526 33271 28740 11311 4544 73486 10149 4485
37656 38203 32304 9874 54072 39809 46695 22755 79710 54388 11803 19879 79920 69634 6262 71142
64838 73140 14747 45680 70085 15044 62618 170902 94979 22931 35438 39485 80737 14011 57717 68829
10988 34768 15345 26050 37691 91993 17663 65761 16268 18926 58016 13738 27253 48135 13444 64773
8348 38690 9073 91070 88064 3733 37405 92150 54378 71408 14477 67307 21159 62195 61939 1311
10883 2108 77013 55955 77043 55549 20969 31713 80722 31483 71152 38631 69592 15666 27296 73173
6530 28708 46100 85597 31547 21618 65886 23796 42988 21377 20733 60493 201252 63069 45557 10492
38013 34003 60922 71508 78951 16400 43427 24030 13777 25677 158855 169130 40692 52871 13118 28221
15968 6008 5338 19693 49035 54079 62158 55092 70410 36450 72657 5877 171098 28048 19768 27195
30492 35090 53237 39202 15903 36008 60344 34085 33343 70097 57997 24968 49008 89124 84625 87791
8957 75848 26671 20266 8667 59049 60280 78341 6431 87619 17792 61604 14153 44850 49582 25970
83322 74626 77309 23026 32834 187112 19547 49527 53160 59912 12352 16833 39876 66265 30097 91278
23509 50697 43423 28789 5482 41304 2052 92429 25811 78197 200427 29574 91625 47424 26614 69343
51581 61613 50703 23248 4905 28001 56383 90657 15134 246811 65180 45867 39263 60227 78575 40181
36797 28242 64249 41500 58351 61720 48061 45154 3103 54477 12702 36881 17271 22757 35107 21334
30129 38032 30330 1800 44719 16686 4012 73969 39954 64932 88315 52149 45180 23279 86014 89737
37221 84573 79223 94401 68770 83015 75948 22777 52372 8342 63356 75177 182141 26521 16349 91324
227680 224452 66726 45143 90252 35539 53185 54259 65734 85369 69195 53282 72112 50538 72525 49654
53478 161687 71266 195870 74356 30106 34671 51898 49870 34580 43798 68587 48406 68635 61333 12713
159050 94650 33971 83185 20518 42483 46767 74880 49114 66287 82659 17733 17826 36139 46784 78209
62834 87030 35672 40344 86125 32709 31719 24776 48946 55668 52044 23082 84280 18397 242545 50039
74450 160857 62761 88814 233700 5349 31701 14958 80630 43070 58004 81410 86623 210734 91253 32666
95464 11500 66664 56627 75679 19530 76592 5430 191518 32289 58076 76027 45322 32889 57773 46661
64962 33972 184140 37564 36364 70839 40562 85704 86396 858 83541 25410 30254 82776 40491 53858
32977 54908 75785 86879 9090 93829 66219 45212 82198 54922 92131 86371 42233 31195 27023 4512
94564 55434 83702 78294 190183 41272 61887 38124 61499 65844 58609 26111 55372 38677 67386 78566
91229 8178 5380 63366 63003 79518 4467 77522 36799 47635 25066 81234 47106 78357 74021 29921
20726 73274 14841 61622 219001 44039 71340 83021 24393 27277 236497 67235 32791 86492 16504 65599
51784 64864 51172 62905 2398 25619 20664 59933 68701 71193 55903 52886 2744 86788 82666 46325
56754 68465 37471 52040 24882 56467 73545 27291 166621 48095 61700 7671 53218 62833 50427 55347
45258 23274 95247 90129 42584 69638 30455 59544 73592 6174 94828 35974 85357 94409 61327 59517
60387 86605 29286 55762 58510 36811 50283 20976 75996 86903 29131 24373 30861 83976 51203 22834
51746 95240 57861 41463 85378 10701 53769 35699 60157 7126 36228 56859 64255 31378 83360 38558
38186 55737 23914 12823 46113 32749 38434 31808 44692 2439 237494 46370 86692 84548 48271 11764
40225 25351 47558 58210 81838 44317 61319 66127 29057 245658 71946 24949 40627 93107 211627 30163
65210 83125 77747 66609 40953 59352 50350 1166 61536 88823 89561 23102 10787 43135 76899 4835
61931 92325 57710 31810 55705 69682 17849 3671 77880 41341 88654 49622 55941 72204 68896 36224
72868 42775 72876 32645 18235 36510 89822 45714 76418 18116 74287 27264 92254 33195 21429 87070
80241 66008 84049 78272 45864 89579 86224 47932 187171 86359 5630 73544 42891 74827 64453 92676
43017 56174 22286 31999 51239 63915 66320 40961 79325 13135 81591 64699 57135 66465 45292 65130
88417 39132 22476 54531 40016 41455 33939 7348 88128 63536 82503 39402 84620 67211 78192 83020
52243 76269 69153 84351 64051 39816 35327 47737 83339 41090 94836 70566 87006 28896 79384 91843
58133 71044 84235 41155 36624 52943 41791 76161 24597 45088 60905 93591 45688 2219 61482 89279
61135 43193 71458 212636 73372 36472 43127 89192 51764 12284 70765 61103 71759 32483 58140 81252
71767 55377 52061 29959 56367 46866 48347 71192 79900 24521 61902 29231 33142 56923 88380 88895
65594 53364 65325 167381 55977 175435 9248 40656 77474 43873 212440 43354 53811 202847 8624 45182
5809 66833 57709 38757 65789 46770 50217 84459 78828 54880 62514 43521 63897 53695 50137 42337
61393 75543 59797 83358 50301 40814 63933 50949 67782 19338 4348 87843 41508 60979 18052 77638
88749 68744 29707 75911 34385 34776 48078 85699 60320 36632 39627 61892 29433 92994 7672 28501
23301 32358 67900 51358 35815 59737 52614 68967 74770 86652 61933 47060 70120 24318 35747 76467
24632 71037 32359 65752 44731 57905 67678 72762 231442 230797 36845 51123 78784 54060 37922 21808
75332 40226 33290 4423 76675 33078 81611 35979 83366 179587 74891 49946 86156 29010 50715 60358
82024 19094 65827 23025 74129 25506 31028 31683 4032 57148 29280 69827 70523 52308 42717 58773
11509 153376 30994 23862 43110 93335 22984 73622 46484 66078 62946 51974 50305 3853 49795 24954
67288 74379 48950 67170 83745 41653 51516 50095 52394 38436 18605 90482 95374 48885 15844 80492
19167 29900 10193 45260 46352 75029 214818 89698 28595 206525 194956 24395 70370 35144 55942 84747
31073 50568 12773 38224 35882 35878 88427 36319 216990 18738 44436 51575 81270 63074 41730 45463
83437 57675 55699 9689 29573 49399 30016 70923 196639 73296 34479 94805 56890 48842 79588 45890
65369 56643 38540 60850 43294 8886 67385 21528 65353 52926 53253 83611 27697 75238 62898 202117
30142 57335 83024 58652 10432 16007 63029 34418 32001 72869 74519 89964 44429 80831 88223 79001
66431 199545 214103 95191 77315 67299 46760 41217 87643 53048 49479 31811 18375 69449 51560 40646
44101 91044 82399 4432 30714 57052 61394 25483 92467 208159 72454 38005 82244 73385 83869 35685
73597 52836 18289 96384 17356 77374 11634 80338 53340 48316 38371 41016 39043 18263 22103 98738
67118 27256 61742 61463 69909 39525 49932 65634 14245 16354 22519 69273 196005 38181 88473 50632
67501 59462 67487 90197 2494 16742 83817 164022 187423 66957 68897 219345 194618 76211 92258 38704
80853 87097 63582 28292 43159 244205 27314 38507 236966 74285 27553 2613 12311 36623 59036 81747
52392 46989 83436 20911 54369 26078 33510 57176 27338 77430 36452 32746 64942 64106 36442 13910
28691 24773 213889 62421 41669 49392 63379 49227 26846 25893 92960 58578 61477 69793 43614 51505
22686 62261 78654 40428 71751 87522 92345 50087 94872 65266 68866 14486 74190 47823 45141 68812
21727 22636 25645 72387 75590 88784 55546 28543 40954 6084 24635 73826 47512 68360 43998 78112
68079 78422 78246 32080 59042 18790 35081 38671 11460 47344 10826 43051 15988 11216 58872 81664
92899 31461 79784 84740 5923 40942 94971 74546 46814 91811 67229 33951 31847 34958 59313 30538
42568 65451 77159 52783 70233 81578 22870 46253 77135 41584 58160 65860 78331 3617 239811 72251
16740 181872 86773 37573 82187 55911 23383 61446 67171 35891 9354 51924 53845 34180 51558 82751
83837 75119 54713 68239 55438 60458 41689 28098 11055 18945 3806 11707 51633 58220 42257 92955
9931 44555 86235 83641 8423 86977 5293 60746 41872 69748 46219 16777 53488 47952 2907 17927
69969 31597 39021 32274 36359 47836 1878 81440 8201 6360 26021 210140 36781 94555 15565 14987
29827 53096 72143 28262 11708 233913 15859 86679 24587 39033 205788 29363 28503 81286 226817 16802
21900 53791 63840 15596 55088 77069 65345 55152 84438 70549 80426 170859 54090 64548 63674 245587
15129 72499 73471 32287 6869 85715 28741 63132 27123 197819 44954 59250 91525 32041 236296 17907
38696 40192 8419 40369 28293 28587 61552 86377 23513 80875 4913 42098 43865 29264 45989 46499
69628 81420 69061 35222 76371 3396 69650 43767 64386 9408 16771 78024 42261 70168 65790 61432
43661 55266 75663 14767 68019 57659 38470 52383 84215 52011 77384 91648 161340 81651 57966 39574
64200 94027 57960 891 65743 76119 58760 11703 63219 81906 35736 70828 76304 67920 73982 32566
26000 2363 41081 173392 38202 90821 86985 59918 67990 44213 75384 18174 25077 75758 95366 65722
88290 35387 84983 192328 246147 93188 57687 33781 36271 45040 94370 72216 76755 10376 67604 202344
222636 46088 57302 21991 60692 90813 83950 55304 50173 89240 46525 94213 12829 30420 38873 70229
77333 52132 59075 44142 2114 57114 43948 62586 56715 65720 95086 26609 63733 64997 94647 28359
22906 92795 12971 60292 63049 69183 54326 77018 66341 73133 94869 19061 71995 57363 47259 93055
15192 28460 48188 75333 68952 32110 36690 4269 32902 33233 14495 50791 10541 94997 44664 8792
48133 41228 89158 75560 34431 79383 91729 43029 7889 40634 237766 45359 77041 38303 92502 14845
66836 67441 34318 88100 92824 43779 82449 31384 44791 22776 9591 33999 25052 40073 52051 87562
46599 35562 34225 60666 50235 67409 50607 79745 89861 50459 61434 26156 66924 51714 88244 10188
19046 47243 1499 33825 48169 2461 12144 43776 78636 17977 25567 92509 61239 70211 57074 81400
48525 92203 74178 86405 7214 51142 40401 38107 14753 37442 87401 78766 85326 86539 35164 57934
26557 45432 93570 22114 85225 223573 73176 56468 82913 86855 18943 71893 34292 11896 92049 79998
71222 77397 42532 74590 181352 12470 34672 52008 3385 35452 88558 76249 77356 71626 37445 36325
46769 78872 31158 68289 90515 30939 22308 91651 1493 71674 94423 218021 58399 44398 28732 11430
16628 79427 85905 74245 64154 32970 59017 88575 81954 63162 67418 55361 20939 62518 7572 57478
18068 93114 48220 48349 9594 49016 62014 171270 86191 66791 42157 46481 187616 55703 57244 89687
27300 31856 90710 63658 47734 25331 72653 198565 180476 185301 81133 55143 54390 172178 76558 37557
25028 66662 61287 22824 75682 50983 9818 69834 35896 19891 18134 7850 47075 37223 71116 77702
69138 31861 46683 23560 29509 55422 23686 222868 13207 50988 87847 17377 61546 94397 60634 75311
57131 22050 50014 46652 51416 1278 49448 85596 44487 57080 52346 74348 83678 5561 39065 5191
32371 187060 84297 89842 48993 61112 73048 84287 61590 80550 66055 227628 7464 18421 225848 63011
73797 66728 54733 67232 39758 56163 1285 39313 43888 195057 39642 42115 64204 40528 193699 25566
92981 159931 41036 234218 196233 59401 61500 26034 57042 42477 62964 19066 188822 209062 212243 82587
32284 79227 15035 30606 76855 87637 36379 85679 50106 228625 41674 39431 38795 3828 12270 87310
60973 29537 37684 64320 51701 228594 51439 79654 59875 52446 236200 44168 63856 30143 32549 47276
40957 64687 37675 25672 4438 14394 46314 35416 79979 92230 21623 50492 84629 246136 79639 86423
79012 63976 16415 34869 94623 8485 19092 24829 19890 32158 36023 86385 181474 58447 95466 9840
93448 29072 61624 69244 47212 57977 151600 32216 16751 82642 45080 82297 86243 59993 32962 37443
55030 19282 6215 59657 55490 83153 71932 177376 66364 73187 185362 84745 18251 91143 62887 63421
245002 68154 85798 47095 27271 9649 67525 52478 49135 50369 71470 88983 7725 85841 33788 50027
59805 3030 37792 52736 39241 2757 94912 215326 66439 29971 66564 34774 45044 85099 54136 74961
80291 83269 69603 34622 62325 39482 14342 186162 193511 86732 49073 84354 6377 38070 94002 68233
70253 5795 40501 14501 90750 27025 207860 46453 77733 69755 187350 63001 82698 51544 50058 30059
185090 5439 87321 67803 72548 54445 27599 184431 85992 63203 57026 85959 68342 31495 182323 44157
93643 9760 31711 82961 50225 55208 242537 37515 28484 2883 9624 66271 11288 51063 75277 25167
35149 76822 27620 56978 13075 16393 11502 51032 75159 46649 25908 80233 176010 68083 58097 3596
19124 50100 53571 42269 86668 48790 89903 178442 243444 3576 5649 79619 29507 84971 88335 76286
61503 24502 57871 14169 84792 44632 45344 90701 30565 4830 5791 38380 44761 92630 162163 51207
56298 63710 82319 40328 78814 42946 37771 15424 6288 54583 59050 29069 181452 178959 93630 58999
68088 45815 22815 34835 7207 48172 92328 30995 71105 32968 27212 201736 49553 6550 48926 179470
173985 171579 61028 41122 57060 15966 54891 79062 25724 65290 43395 92935 25490 44179 205846 149837
69723 63547 54799 84487 61346 69386 173279 54338 11497 61013 70850 94037 44357 66532 48129 15551
27748 28024 18862 11737 30423 10648 7119 1706 40302 45924 78257 35032 92019 170162 18141 167967
161304 62442 10925 51278 68658 95772 95926 34657 51164 79798 26784 214142 19833 17904 87738 73123
41343 12292 7706 87060 39547 21502 67897 60418 208739 71190 178954 47768 21751 74686 43343 37028
42340 156096 240011 24254 63982 42754 62643 63258 55878 54279 170074 50646 76553 79470 173448 9263
157405 28469 221411 153521 244 75151 65001 23227 48127 54685 79056 35794 5767 32226 47134 44644
23647 204023 81448 238694 61925 51514 47894 78334 57316 39552 83757 26821 39232 29420 47655 67931
73875 153065 27960 18761 22307 57520 25164 21132 42676 60514 7676 9069 9991 74402 191280 56613
41538 32261 24690 17786 78286 42583 20565 96339 37252 33898 27629 28738 51089 151346 11195 89077
51673 58658 22254 3308 42427 49891 32511 30351 2412 83765 76385 46443 233737 52067 70960 38619
6871 75115 51292 56374 65491 6221 22019 20693 74034 31846 73660 84833 70204 21512 33603 72873
15390 45838 18876 27578 64802 2975 17764 60126 39381 14252 19185 87990 55307 34521 10469 13151
84954 48796 20776 32412 37908 199841 41615 63051 94109 199348 48455 85366 37488 29618 94175 83113
43095 59828 17389 34821 59177 54509 82687 32331 55374 19950 30107 13107 44374 85759 17948 93764
20209 6555 27997 21782 64127 84717 74708 41195 17398 35944 29844 58305 6148 15507 46133 74163
92844 72249 58449 33550 36572 25730 65406 13923 58477 89967 12545 40400 82431 65319 19515 36648
45817 29526 68891 42711 28372 25353 44183 63265 27305 15229 80952 14069 58599 13651 7720 39280
31443 21963 67464 62256 78370 10118 24893 27162 70821 66569 78827 20920 32819 1979 70059 63636
23259 52847 64561 83131 8200 57556 45531 21910 40941 52191 54559 21922 8985 19654 52907 18932
32332 47219 67212 14443 51339 73481 68681 63026 19930 14233 73294 76548 56130 25141 61478 16500
61448 8449 32376 15660 25073 14796 22659 35194 76991 87965 88827 5535 67315 35397 15708 85384
62579 16690 7270 50808 70157 50385 48034 58594 72244 17918 65184 59301 37014 68434 8988 95179
38175 25711 93244 73220 82977 87477 65932 73355 14893 22045 95396 94832 16734 62791 24084 37542
22587 10460 19309 22121 20572 53709 89991 26189 62829 8508 31355 71443 77785 53901 13862 25662
83949 74804 26911 79658 85482 76854 31915 66309 87245 35276 74224 47975 63579 38989 15360 56992
32873 86307 44690 85632 70340 21661 79918 58699 25393 45438 19933 55804 14196 52278 7625 82398
52195 29571 53380 18267 9779 2522 25869 19604 27459 61928 10301 27537 18010 19741 50889 78526
65637 82984 76084 68654 48117 23909 92924 18525 75415 228116 16942 63250 28498 80851 63280 28684
66350 12997 48055 62672 55141 19863 67802 91938 46731 57246 59457 8589 42495 38085 65444 4910
66225 80667 79786 22711 62549 88381 22624 43917 86335 71038 51967 32987 83514 21127 16038 12498
15619 7685 12377 16191 16875 17121 16622 17260 17028 23257 69035 58584 64753 18493 15304 53359
74250 95457 157243 38516 42100 44446 25818 20937 79706 92046 30114 45124 46270 75907 37941 5991
46705 64173 19413 68144 58558 26062 39095 82018 35136 15438 24722 76711 21908 80071 16634 55471
81963 26561 27991 51541 3477 13957 77033 25083 19806 8425 28631 47355 32309 90989 67126 46759
22956 23971 6261 68565 18381 15741 55375 34741 27047 66744 10881 47999 11499 23046 21366 1239
92607 50586 28235 23092 29192 12934 30094 12191 77267 31490 47441 80702 55408 18346 70542 29941
31705 60162 79245 54313 33320 92732 75103 55116 48956 40155 36424 25621 63971 51861 34548 89665
238942 60789 40775 213161 4516 27255 33031 90800 57122 39417 28556 59622 74383 54883 18551 5872
62543 13012 55431 73464 15710 54723 70577 28709 75461 23989 15093 79947 5661 39042 95567 7767
28072 48810 18173 19178 93715 48553 14177 20819 72631 26723 45006 12412 25306 75328 48008 75693
44887 8921 16345 9308 83186 82756 27140 31968 80278 27370 44916 46580 80131 37849 56341 8441
26384 48957 2661 245449 67775 46478 73033 36554 27586 60108 92961 170286 3005 73493 42540 12225
42668 22843 18564 4017 84640 49939 203709 50877 51342 32300 70212 57129 71715 16955 21881 48872
12325 13475 65796 14468 83964 51365 35862 89370 40958 78382 23531 92341 24105 53679 15794 91788
33342 14285 48200 20666 31991 38261 18770 64785 28180 3465 80776 63330 93128 36859 13132 65373
10076 8150 44521 60983 83565 34376 25746 10280 30498 63117 26443 3104 245206 76201 76427 52188
19038 55298 56555 70278 36121 57957 40838 6153 69063 33067 57160 43884 27596 17331 28021 41445
14106 65413 37730 35133 16559 46168 50743 42827 89187 52477 79484 28624 48339 56769 57312 79869
68457 32093 46083 48263 38793 55949 64624 21879 25748 22509 75958 8320 94909 34328 35659 51831
39452 30747 84571 23917 21258 63244 65100 43906 78549 65878 30510 43013 46629 71029 61234 14513
72066 32367 32777 70032 75477 39588 17752 33376 41132 72442 64005 29282 32429 80154 78074 4006
15812 16986 43049 65112 186427 184676 156333 149877 68245 32990 8216 58320 165691 62365 73218 36400
10863 80962 52663 45914 86231 96183 83426 24654 57530 80828 55957 33622 65920 4208 50076 61031
37142 82543 72048 243332 24231 76118 235192 28766 56628 6390 18439 67769 79434 81170 13249 79477
70979 12378 49220 62287 65616 86572 5017 53429 5959 78673 46923 68991 48647 74845 65892 23886
21995 160686 77096 35082 87887 64790 47114 46355 5577 79691 76594 60569 28692 70510 65152 79501
66321 70156 72032 94667 9869 19107 43187 62166 78957 38103 18077 50945 26932 44728 69370 31776
22596 52593 157115 64442 2527 69942 81132 8477 234200 62637 69927 81844 72572 62955 79552 188237
95417 6940 45486 47527 51030 35148 54917 21410 16172 22421 74316 175834 79823 30264 44463 13805
90727 16684 42667 47763 49606 61198 9532 225035 198127 55089 161213 34746 41854 64610 22707 75375
66781 36813 54731 73129 55735 69274 236706 30304 69869 46648 83076 80248 47621 163935 190441 19350
64856 35605 20395 10594 33907 13726 73278 15678 187183 67489 34684 59692 33573 73401 58293 26956
60870 73273 83946 61144 203506 27911 35466 59609 38662 2227 218167 222839 8426 72064 242685 75419
182923 41388 212217 85880 61934 72335 46266 90580 181583 68170 60372 84563 46006 85275 42765 167115
94193 91944 45378 57765 74883 6665 53718 79075 47077 58497 62830 59601 86791 74862 59868 34927
66597 37935 30452 22399 56568 15046 63581 67774 12136 62949 82261 71666 86646 25157 69699 79029
75607 16306 20715 85220 26228 31079 48912 64287 95508 19049 65738 14597 34360 50466 39755 18767
90056 37884 65591 53230 60006 38073 74564 165644 76892 209935 91676 73607 69342 72817 57928 52979
72077 20657 39986 170127 76824 88373 16375 76964 39340 57500 37389 88495 79844 18316 86672 34022
7076 33521 45621 38063 36561 64301 50240 50856 244411 93131 83479 226038 239748 176892 184645 69506
31732 27332 195564 76142 186314 80519 73465 89655 67599 44800 182262 77697 89220 35766 45602 94174
33068 58679 85515 51553 45133 77530 67941 45533 59037 20014 46697 39626 15260 33087 94975 85401
82359 85792 91605 71614 9855 66360 93424 62036 92913 46448 55068 207988 77789 47177 54462 178393
191693 25065 70252 67716 69979 51444 42128 20866 52291 42807 42994 9603 66370 46178 51211 52092
54221 85988 64549 16560 2395 28667 22150 63083 207862 234590 48460 58239 41400 83262 26293 8999
34192 34826 14930 52311 94751 56816 88585 78668 65420 44499 60260 53005 61557 70466 222701 216841
79593 88333 28508 44402 191162 80164 33754 61631 4675 62560 27750 22575 35671 73551 92322 61687
17391 66679 67394 17695 15924 28106 20090 82869 67318 84507 36361 31185 51731 189529 164711 52085
64831 12472 94770 30907 78190 73672 83842 87235 71855 14825 55330 232007 55073 71273 50237 11266
54081 148940 14742 78967 9810 68032 48797 51404 33265 72162 54320 66281 84018 91988 203568 55066
88554 18949 13060 39478 59450 16004 83048 85729 18233 63638 92305 81438 34145 20232 51554 59712
69432 188471 64373 28535 60821 64821 37938 84549 215435 50937 18622 92148 92416 46427 81206 68498
65002 51155 19934 8539 80913 30593 25467 24268 12720 75767 49531 11405 86035 47222 29304 49831
47416 34846 66157 58349 73722 72681 18220 28057 79310 53907 65068 19765 8562 64666 60733 24198
59752 62458 39317 93080 37335 35734 74437 87557 50922 47599 50474 28234 69745 73177 67570 64616
91893 62546 74578 95263 83747 7487 88084 54323 53868 187375 21696 60500 83812 71387 43291 44899
68917 14091 180035 57369 75208 128 51866 92245 21137 157997 191011 65641 78266 74123 90089 81033
80307 48050 85565 240245 6959 74072 5424 39567 33334 87162 49678 63519 54339 78371 33948 88533
87842 5584 20755 72889 45713 28620 54377 42428 92475 69880 44450 241212 70199 71119 90719 6967
49834 94410 12099 27583 84181 51690 4073 10860 53942 48352 78146 23351 51538 91503 189451 45127
59098 69203 29758 61972 45888 16804 35588 220597 40289 51727 72375 71698 29437 68042 31415 46944
51323 71523 32089 240030 47176 63885 94362 67079 91094 94270 6770 226706 91775 72975 75206 66986
50965 67830 30742 87459 28413 57224 81897 67358 69200 241686 204498 216780 84769 84659 74004 28248
29516 13040 35228 74026 32796 10303 69737 38072 31113 169622 94972 81904 77731 42734 63197 82045
44571 34065 40065 39739 33179 83646 27815 43520 56143 80430 80754 87833 74954 49326 2455 24779
43293 75223 82469 49704 89147 34520 37064 57128 19785 50185 54782 53776 21576 78416 42972 23604
65633 72476 35533 60138 43886 62824 43934 81192 74603 31245 230435 66860 70764 40425 47393 5507
78858 69494 62951 39488 67355 37077 62975 64242 91144 44163 65309 25127 85779 45842 75093 29889
198120 13649 29746 50245 79931 58232 38226 91575 70528 72252 78303 10086 55834 77471 87720 92654
94677 38385 23356 92517 1704 76640 69248 28103 92481 70609 50934 56303 81621 37385 56129 59894
42709 62623 92798 45740 36688 18114 70580 18108 67469 43603 83827 67267 21284 45845 87476 216136
217452 93133 27923 91770 1561 32841 72384 181111 59452 41095 208665 62355 93960 90922 45148 43515
43389 245083 47817 72354 68184 89437 61553 41269 93698 50180 57692 94138 56545 90722 41368 71860
70371 11131 49401 30023 28679 34057 27636 76182 82718 42449 29972 46411 71372 34653 29505 95944
95846 84009 36615 54810 82210 181368 47642 43696 40532 97524 95127 17051 82305 70435 107697 27771
96865 43378 58554 89871 177437 57558 197271 45766 52625 3324 83545 68009 44972 39445 88059 62997
162248 70457 67236 53837 131 37920 49422 86203 26174 171613 73817 179418 76837 86954 86735 41642
52786 195177 50293 167684 93542 67673 34900 22628 83601 54006 228946 22693 196864 25666 16696 65575
6194 207784 4828 41722 64888 68008 23692 49494 84674 45052 15445 88821 89112 77622 85781 25854
61677 57284 56738 50101 87426 48463 68815 16998 28943 92954 80072 68059 94102 80568 53501 27642
72721 35998 61466 242512 56139 33745 64035 74038 56435 33423 24810 64115 84006 31420 2727 84890
76314 211680 65120 58976 49098 15647 71060 66765 82323 43057 212691 3473 84392 75343 27725 39531
63410 46175 184203 75859 5739 9399 75660 54648 54882 90774 38456 51654 35012 71143 7870 57515
9573 50858 62108 54408 35740 45009 61651 88569 65927 186095 51411 245286 66593 71087 77724 58435
28201 88453 57507 94990 64562 84206 77567 34690 52331 68607 5539 95645 32651 87603 91967 79178
62241 48156 52860 53194 60693 42835 40237 150988 195613 56902 63601 10126 32801 38220 82945 94750
55026 81991 86361 195290 33408 72475 33079 56001 63887 48730 56238 30517 66150 81081 72612 34878
92576 60156 37525 73509 202405 6085 77996 80085 32281 11928 28895 57288 43191 43640 12254 172800
72942 74983 79265 71405 35576 79396 79267 85080 23501 94062 89782 3901 65127 82948 38267 27302
83780 3426 84722 31976 228350 32795 55805 25466 88966 32652 19752 69572 24075 60165 76528 16898
53041 87156 55456 45152 79480 37694 13696 245727 56894 42443 184196 71464 157744 47912 77686 45625
78631 9498 60212 30792 16670 230856 70272 65214 48547 47468 40202 62391 90493 75940 66715 49105
71568 51399 30033 69392 61819 94690 64495 66117 212414 69781 60333 29596 69930 42079 166354 92480
60364 193879 83357 54896 74925 53347 86875 50209 229617 182848 11441 13170 38957 84675 20180 84681
30991 74555 42264 35809 49990 29861 34218 84735 82697 14792 64736 95704 24076 84688 67934 43316
46051 83752 157365 152826 33716 78874 26138 69374 59088 70702 86561 3833 44611 61810 54176 42854
68484 67709 68990 58216 94222 72432 44566 157057 60577 198525 44804 92400 24639 51816 62930 22231
35075 19181 73895 80341 94641 54761 61366 72991 37837 23774 73834 79880 29403 80547 73192 186121
43951 39787 75528 57313 91991 57935 49408 81416 43988 47262 33453 77899 66880 41031 12135 46086
82744 52046 15110 21503 6854 57881 90327 51083 74855 63226 33367 52776 89369 8971 89810 94071
53579 60422 83404 203204 47232 15310 12392 1342 75010 48084 68279 92669 88255 44465 35444 8104
60222 18464 86070 91275 18083 76631 36414 41820 88356 36221 9137 67019 24583 73795 16453 197935
82750 61915 73403 64746 62174 57892 70771 93146 40769 35355 28702 37162 70891 53039 66476 26224
14707 34534 61240 41427 72372 87137 29898 51345 90522 41789 52592 17964 22673 50344 92872 38831
94125 56132 32413 32941 30539 27416 55320 40412 4689 92970 88281 69769 93209 67084 25123 764
39895 34597 56154 78680 45712 76402 183231 58905 26340 81583 208089 48330 37975 93613 85540 90702
74611 35366 39961 57726 82628 43796 26687 32757 63472 62142 58904 62911 24397 56519 44504 84939
37680 47451 90743 39935 54763 93220 63565 36388 84300 53732 42630 28494 23750 42808 49089 70543
75142 52063 74345 185023 63430 28107 41434 89714 56273 47704 68642 13471 39357 54873 41904 47291
91469 62904 89639 35229 40029 47270 11844 35935 13701 20854 82267 74557 24737 59998 205057 82889
235481 54586 23920 71049 12540 186831 29528 63218 231787 33231 47080 4049 77752 78325 70678 16102
69741 68905 41716 235884 188335 62587 60097 87994 37803 31918 64346 32320 189643 14184 93050 34103
15081 71599 243741 70922 59119 82805 39749 10449 58710 89705 209754 62170 56150 178256 74393 62886
32025 206385 59515 86748 3446 31673 65829 36722 5109 198612 48313 78659 55287 56657 204330 40973
66187 6713 29977 1072 76127 26119 44601 24027 20075 34939 23855 7528 70364 67010 39332 39720
36605 67911 67770 40901 37836 85688 47559 41783 65850 27988 64391 61990 92525 65304 65612 93022
9961 8350 57647 49915 16433 90079 64814 16202 29813 87783 79566 89766 53443 80508 86967 55905
72930 52940 27837 14569 25025 60945 23585 86810 43205 51460 54022 162217 32609 33873 65715 214222
80675 19866 90904 53451 77814 16103 40552 73348 49304 43063 95220 181410 62424 75065 58243 37403
3027 55115 66059 51839 87373 27099 70760 56313 11015 78235 21267 28690 67003 65434 82193 71945
56685 34412 90959 205228 29421 95027 33017 236985 15316 72149 45120 52985 84713 19058 47694 34950
34212 90246 70811 29092 211503 61286 93571 56962 69067 4385 27931 56035 195921 57189 41776 62429
8923 16550 57394 85478 92059 20996 47589 64193 47916 36482 56682 68137 77343 60293 94780 78693
35356 45805 26912 52421 80167 76061 55780 73495 228744 13063 75889 13411 184849 46101 42969 174018
202368 59474 24670 33572 33832 215329 78415 52129 65714 44823 46013 75931 78018 11234 226658 3271
4724 68146 43536 222302 70481 36223 57835 84667 229248 40251 78799 58359 89532 40070 7255 37136
70390 12625 18707 46921 19397 63839 53137 90763 75788 45183 38962 26582 83493 188498 215361 90434
30431 69921 53452 65728 78014 21329 14041 45983 11438 23981 69620 63693 43282 74022 91389 75265
50371 47415 50485 92459 38936 22416 211866 62132 67175 34480 48033 50505 61155 30893 86058 63531
69369 85317 36555 38309 16367 92135 224005 57277 7595 3450 92403 39903 79896 66413 93727 79601
71645 80022 26448 18650 51154 61276 43287 92641 90410 40071 81421 32341 86884 36461 49614 80774
154675 3794 72939 69523 61288 61985 83432 60501 57017 48089 29102 41827 6809 2403 23613 73005
60722 91326 34728 59227 17598 40893 31300 93488 24192 86102 44051 197683 89706 63348 67860 228473
246166 69621 200545 236145 74192 60240 91772 69289 217457 65788 33556 223731 54498 217185 52424 71812
73518 79888 25527 57597 55940 51357 81530 54992 75367 22675 76588 66319 44854 82073 44416 37447
11124 30596 72059 63778 67623 39494 66803 162641 3509 95371 58884 21387 43703 90707 39299 66725
233181 52775 70090 32235 91515 74821 171329 19395 49482 14160 186988 39750 75492 26107 70731 86409
59761 67587 77242 79312 30598 93696 80670 50630 81475 187746 94123 82180 20500 77841 92736 51364
51088 38848 86507 49986 38396 69062 79047 67645 23937 68026 75811 94327 37127 81100 68561 75692
20347 52159 39582 82833 36537 40063 42158 27597 52395 235941 15139 14144 62154 213695 73920 52673
62293 39196 79311 86725 241917 75661 93664 82621 37233 205969 30184 83621 28967 47180 87114 48845
69072 77649 61051 57939 59600 40034 58480 55499 48402 238190 54551 8968 87760 63802 91316 82381
88577 58911 223616 80142 26258 33967 43415 95555 75284 26177 54244 30480 14959 65657 36208 59518
78641 47855 224291 52239 48840 71983 57524 75175 22947 80415 91703 53727 84750 77491 168144 92161
86722 58115 27550 49889 42153 175858 17568 44024 81657 10967 58946 171728 166762 69234 8312 87527
152460 60279 14206 75467 46555 206718 56960 16595 42752 84988 79401 26087 40855 46089 31051 27998
83097 87917 94571 59230 76493 53449 43194 228899 6346 53850 29408 77845 82954 94354 45969 184595
212221 184201 89054 32654 69867 41077 54879 9713 79256 60552 45079 152299 146 218119 56581 162908
206714 58602 30653 30751 49485 90692 9465 27337 35338 71576 84801 199758 64121 41289 90603 58791
88923 60479 49059 83260 85996 39030 45266 13961 3997 29771 60170 59740 89976 190994 71703 58392
33933 92918 91491 5247 68168 86521 31210 43134 35609 60784 24811 52628 193940 10013 207815 15636
33226 38228 93660 24574 31857 67831 233221 52678 68855 47640 51783 10062 217775 174442 71324 64348
55227 216102 10889 58154 74479 32843 73066 80401 38651 25584 11778 49442 56899 163282 25735 55877
16762 162780 95252 17573 200894 177289 28835 60882 82316 90456 47163 182301 193148 172023 9865 17732
48161 13090 69434 162855 78893 9984 214715 12399 72318 70903 71810 54074 52361 176120 173124 62251
72379 208974 77742 73043 28315 87347 77865 232353 62061 8081 74596 16412 60210 78395 73541 8055
75438 58680 22467 3239 28211 67631 15177 65305 27668 83739 22840 160205 193269 83696 78198 76432
167425 48269 30290 24350 214080 22969 88526 76919 38256 11741 87110 95272 171968 62808 34636 90236
65534 45004 35035 81207 38097 1633 92799 31989 20468 201503 72132 74622 91561 177478 75275 86549
11578 174554 204417 158880 169078 87516 87241 54858 71335 65415 56465 46721 53609 9519 74543 89101
48217 26144 87280 25792 46181 72367 83905 54117 38762 5217 11874 66530 10560 63938 54855 83066
75968 57605 2051 39047 78700 91502 58103 41197 90955 91459 9306 4681 54476 40650 24728 73917
39523 42204 79008 206449 54602 8621 87416 165547 46441 207270 21606 50468 69410 59510 84529 55211
67694 51988 164553 5220 90767 2881 149439 47246 220469 57055 94691 23741 84781 31778 78723 83569
82061 53526 51632 83272 202004 28429 46287 82883 118 151829 177628 23946 51432 243230 61920 35131
204522 70004 32241 66159 199671 49583 2928 53725 56695 68773 11677 46905 191259 43749 70558 58868
199304 86844 10296 17951 24825 231715 48787 222761 21645 36614 92541 13763 57311 58706 52778 26101
91346 55630 48361 18824 9053 84577 47500 54372 57488 35205 39773 66366 70046 84425 9383 69563
53064 38618 95218 39756 6874 68555 17938 94345 51635 37660 42678 54467 69505 37088 80045 24907
69631 24324 13512 67121 95344 73477 52332 20751 26205 52951 79661 39378 63882 373 19360 2125
2687 44576 159 1873 19390 43460 52070 36693 21740 12235 40013 90523 42517 422 8224 93616
41412 74970 55150 57167 71018 76144 80583 60431 67601 93370 235181 209213 31749 208877 28875 76673
55333 47065 25311 34132 4387 67857 29572 93641 22709 51316 76542 49989 14248 6402 2676 72155
7823 32853 77985 19187 80837 7895 57535 67499 81898 26918 78869 51105 37625 70594 36679 97237
33403 96746 18796 28962 46000 76289 21578 90694 32321 59908 47482 43617 16606 25118 60002 52714
33687 75032 38425 22902 47834 46261 2666 33436 75087 44287 91647 38922 45620 54223 48694 86122
27041 81814 34797 56212 84644 78304 56246 21558 94411 35615 34660 21391 15207 84919 69426 46728
67463 39952 54744 4077 80872 46591 23954 15297 71553 39850 25509 76079 79712 23322 16967 61309
23573 4232 63929 37431 95074 10384 7016 87792 40928 62471 34323 78041 79757 89500 7001 13274
46936 45617 14311 12154 3044 48057 49776 44967 33208 32373 71577 91486 4455 5828 62963 46259
11901 45966 22098 53642 208632 86472 81279 11710 34890 23859 43920 22754 90478 27587 59012 61411
26041 41125 20744 74100 17342 41606 57813 32479 35680 44462 27981 42279 56820 81093 49756 40990
62283 51353 16192 18658 85747 77614 54533 8659 30578 80669 49809 41286 70888 55406 37436 5490
22514 48074 18573 38016 62138 6363 72916 8777 78098 72280 9886 94640 35849 87751 95288 94724
17784 87773 6776 38935 88091 47971 36706 49162 65550 23468 62141 56774 35084 78559 63714 5550
37787 37984 29956 36101 57028 44030 39949 164289 34248 46296 8372 56623 25785 57845 23262 38474
41849 22592 35473 41769 91315 55792 211614 47696 88259 22407 88017 48397 59273 83592 16598 44602
36423 63403 55926 80395 94964 22367 24034 44375 8504 40072 22748 74135 38860 40406 6897 47730
86667 15476 1464 34195 74614 95255 68657 44066 43190 83166 82434 92082 39678 16668 68739 28091
11080 26386 60881 54590 78777 61095 82444 28370 95454 56380 35653 37377 47793 17588 160361 76184
52293 2062 79035 81167 80203 57998 26952 49300 35776 42272 24704 55195 88331 169629 64483 15888
28430 30600 234391 27760 43364 83108 46108 66654 48279 74854 25941 30537 68718 34938 45957 39167
75837 41616 50138 7501 43355 84362 11630 68656 51682 179324 48864 7865 50950 94582 84189 13948
75860 23156 43409 45252 59143 17864 31129 44595 9809 86806 37359 31813 88917 15939 94915 30727
3937 56027 6471 75196 18327 25079 6210 44149 20357 34986 46331 29476 4074 86912 93713 42585
167532 9553 45393 43100 68410 40257 46659 79331 83331 57576 15064 63548 48011 33644 86528 92861
77028 83642 37990 66120 35502 63032 90792 90787 54396 78837 72626 62724 42129 32694 3365 53013
23657 63841 59856 33184 80695 63365 71681 37096 58916 79944 41687 27322 234267 18668 27845 7979
15945 10596 12725 7409 7279 27080 25836 14119 19995 25002 13757 17532 27540 56497 63115 77807
10085 26714 77987 59178 68255 86389 95476 53424 20828 3048 92829 70236 1013 33289 66798 23478
20366 12984 57071 8666 55507 29235 61767 57348 32227 56539 54890 89312 53663 13478 91057 28068
94782 53794 50517 22977 91761 76756 82858 78490 50861 42382 33427 26287 30601 2563 66637 36410
61409 22100 49006 56415 81705 90406 74718 89630 12912 75715 27439 36111 39998 2898 21157 50588
56438 18827 37212 80612 72716 83652 46105 65964 21080 38141 73059 74508 87996 67913 19593 88513
27210 13624 26698 47654 85608 87272 88547 79049 34593 89813 86551 14750 74785 85538 17953 89539
94696 73950 3952 73275 84109 26735 51918 29485 71749 28862 46080 40340 95294 90843 1868 57972
76813 18941 20633 30698 33424 19511 181653 70238 18417 53861 31201 89305 239728 75133 18704 14445
66657 60294 91162 65524 38343 38570 85285 59877 10195 15566 57267 80963 51874 22395 85620 4474
66444 19754 7619 74443 44965 7769 30346 78741 61192 82686 43176 49893 63271 21572 37830 17441
44330 60288 38148 75199 20276 48219 20993 92869 95576 67486 87819 51532 93240 95360 65252 36053
46631 82423 17961 56114 68742 15525 57534 21945 24533 44361 57126 36422 79037 41960 9894 38780
80553 76095 49423 46757 20224 77881 47869 20769 12538 59493 52782 76951 45876 34188 52657 53959
35746 82975 21292 65399 8764 44511 223006 50958 43210 44045 26206 94337 59780 55024 63320 42013
26291 14708 27719 77340 67892 41426 5749 9397 7887 31821 3985 32650 76530 5173 35931 10433
37951 73784 17464 226699 42339 22542 47029 199189 6651 6032 46727 28604 59422 70433 6274 9658
85338 184085 54759 41943 19764 8583 64604 35590 81307 37523 81080 58921 33260 23298 44773 176217
75654 27205 9175 23428 63065 75422 47436 61312 84642 57599 63734 175267 39506 26591 69400 50379
74598 61946 67334 15321 47392 7445 45881 10325 3479 55744 39707 81498 95637 157035 152107 158785
154980 158842 152108 237401 108543 96069 95913 12696 61326 154824 76306 2834 87804 30936 60518 36195
59611 38553 35748 69568 81119 5526 9499 12334 12138 19610 26550 22974 62444 8168 48394 19962
13535 17721 31181 89843 49117 32325 32858 76839 68313 42913 17565 12201 80457 25656 32000 31869
49471 76381 39619 54568 50229 42106 47136 39076 32424 69422 54285 66771 12679 59369 73058 65150
9094 61879 37964 64214 55111 43887 77173 58923 72213 81284 34910 72002 13303 28561 40676 67373
14267 59355 82287 26933 50046 93548 13585 47962 20960 93435 30339 31436 60891 84422 61571 41799
27104 56553 57357 9783 69384 26807 63742 89914 29599 38324 56512 61191 48784 12520 22456 46156
48909 82228 78219 71766 58058 73120 12900 56970 78521 69916 5140 37961 86135 81910 62728 92548
73870 78816 84655 75232 41389 12714 55276 43004 85836 23830 68924 88760 55684 77142 53919 47202
52091 27565 25877 41848 46774 60374 91773 5276 90598 34781 39885 44182 73908 15009 71127 30664
65621 34120 62447 30741 88088 55384 10928 43543 9313 79321 79581 60277 92376 61818 52525 57468
43650 51333 29630 24369 59811 47332 93044 5104 91139 33569 44240 10088 21973 59663 90700 80387
61921 3850 23995 22915 55379 168945 38538 71008 25575 21498 16272 40805 43424 47221 71101 36819
80993 43944 30951 64476 42075 16356 2090 9795 7843 34186 52636 61811 30700 90300 55979 27279
93440 80822 60238 20756 162183 71602 30031 16776 56198 93116 25477 81890 40275 200733 44636 27582
88944 26264 60683 78403 47418 58217 65499 54312 77019 64191 43619 89632 39114 84432 86157 33679
75764 51549 77726 2837 87178 54601 208975 85946 14786 88114 74973 80485 54749 94916 29982 44150
78548 55162 58169 94504 42404 88839 39633 80494 241568 86878 89730 89151 47471 75162 210373 61778
35907 90953 15984 217415 60993 90777 45476 77083 40096 86319 95610 42864 17968 45358 59217 66248
25943 239084 59168 38059 64195 60938 59136 36002 68191 67851 84184 40327 53992 155377 90782 30311
62592 71235 229860 19903 59745 63592 39443 31090 83975 64343 44959 59943 85379 69463 67128 81572
209366 233581 29062 58763 60140 45662 38292 73533 90758 42562 65132 89085 92125 78213 90294 57714
54988 6603 45796 71884 53864 65948 161672 86412 93363 72005 43574 79785 89211 29136 64254 34425
35764 36699 37052 79341 76820 26898 20131 90651 62597 49687 74146 197289 7750 227524 91855 68975
88297 81326 28839 188362 95206 40115 45089 63040 217640 84907 66438 70973 95720 77376 25437 72832
18058 232996 38640 60680 67319 73450 16525 229021 82866 48155 40353 80559 93604 86613 65713 50528
15040 82445 82927 58345 78733 85308 68139 29141 44553 92421 38841 92079 74408 36102 68984 65397
82412 60245 34817 67948 83559 30489 83424 78268 71830 46931 75997 78062 216314 221798 80306 24036
16235 59768 55829 189439 199807 64347 79887 11701 31756 74113 85808 167412 28583 85796 66841 54235
225813 37051 240695 82817 71972 55932 77511 240574 35767 38868 75161 62625 35929 86743 24326 65926
46698 79655 210083 78205 48153 180857 231153 217525 76989 75874 54067 228824 27955 177355 205338 76825
91696 43737 79772 62848 80507 31502 45574 64398 15516 48593 53962 58848 70487 17914 58488 62747
75857 55318 13875 40356 32507 55313 75644 60739 239897 9854 30120 77000 91036 19886 38204 6954
86839 78842 1768 55252 59845 19183 86267 162136 173068 33032 64843 89404 242074 162016 161200 42868
26379 65175 67750 202357 205384 91910 89105 40451 31957 91555 72373 27671 234039 55479 21084 49673
90203 47863 189034 30434 50437 39063 184245 50597 83707 40785 38818 19531 38137 67546 86134 49904
66988 82054 78853 60427 20639 12488 71867 42385 216350 71128 74540 55643 88117 20489 63566 38883
60347 90162 85313 88789 49503 83295 86981 34235 37708 77883 77360 69799 34375 83629 63716 48523
183941 20494 41952 34948 58925 68286 72675 68373 49759 185680 187860 84326 71329 53686 26869 44440
61027 83575 90664 27635 30862 37923 76094 90736 73115 77531 18064 177241 155972 150350 83364 163317
78782 33364 39817 68674 35262 33945 1645 83755 200337 235671 241411 26353 231581 68959 21185 77727
68827 32721 54272 31867 53900 20175 85973 75619 80208 61032 61799 39579 77554 56928 16937 29020
25876 31224 84552 68355 84984 62788 94418 59883 58959 90461 35092 81155 72441 54286 45627 1997
93886 91867 7691 82481 73231 33920 170465 87157 68248 64499 46501 32308 69425 223087 53238 226230
26542 155588 41700 151921 64954 75921 64929 9160 90000 25482 88743 44040 26576 42769 84254 94528
26818 47658 83196 53162 91711 236063 59242 82768 88066 35822 36719 67074 66503 46909 46565 69208
59254 10799 93511 53350 84365 42610 76758 65638 88717 26252 49476 83266 167352 54115 94172 44084
43506 185364 67181 5797 44153 65813 73410 95091 60546 81153 78183 231979 193123 84260 159001 21158
61535 47049 47322 17387 37328 85251 95401 34106 26479 83247 41847 87560 30924 69301 85787 89595
22408 93853 26018 78441 17184 90639 13991 68030 80758 79865 83234 69569 85459 75020 61213 34457
59668 17236 84414 69428 88028 95376 55927 178463 215976 49886 69821 87054 16766 90185 23189 15125
8786 16215 49156 52012 60699 87183 199404 74923 56456 47961 72451 54975 73099 36908 92169 81163
56275 53970 24372 62984 69545 70348 44687 43728 81356 32422 83389 38521 172554 37042 73326 91197
10475 49305 72723 65339 38143 52808 88463 26127 71275 20596 74799 71546 79962 36233 26035 89743
68372 68045 51933 51926 78519 81393 29142 64764 160719 51781 63160 34178 84825 85804 73344 73897
216754 71419 28062 81597 67344 46670 182131 8633 70470 88742 65461 20205 13035 67666 68371 48077
92626 203849 54134 89450 28417 59581 37001 24744 45435 39745 64440 41358 93253 30674 42401 78752
95536 11583 51911 176339 68241 69498 84316 75442 34574 26891 80611 4140 50499 24083 93332 47957
79616 76903 28335 17232 89299 44833 21972 1774 16723 32374 236294 45540 54289 65179 83086 34099
79296 65246 205172 85090 21492 95359 42549 79578 93639 58415 34765 58645 63816 92084 28966 76416
40594 81227 168466 13330 81259 33108 52173 2228 66909 53536 21274 189047 25580 40390 15432 92685
57930 57485 83355 88166 82708 22656 37496 41082 62124 20847 76936 41170 157526 23232 58585 47506
75203 75476 94533 15014 83934 51841 45461 152811 68595 30822 35453 11257 38282 2650 166351 82682
62140 74570 88862 91738 66132 76706 53684 73346 196812 70692 74126 12120 31581 83456 53158 231875
181110 94704 87112 41932 52780 31188 202378 71346 244719 54207 27921 58039 93428 3737 33800 193454
41307 5093 18735 83343 46269 194907 36154 33750 54344 45240 66565 26069 25172 37850 72927 69762
39041 238958 58418 93144 72895 49577 69115 33749 81006 67379 40908 63296 75879 52508 28521 56352
230389 94258 99771 86838 199538 88566 96498 41921 101139 173681 95694 73095 85705 11344 76511 51366
73680 42558 51284 73002 60042 201663 237476 208288 42167 206939 28500 172219 65487 36239 37759 77144
58723 95370 88226 51998 26842 48918 67916 1986 70704 62495 193798 30132 88234 81604 69322 16080
54954 35312 184284 1263 241199 55198 61297 17577 8463 20743 11423 82391 26535 4585 26737 63671
62679 79733 45940 9032 58197 84492 91982 77911 78966 78495 10096 89137 63987 48413 54925 47978
32315 25957 167020 90392 73185 70404 65239 54163 241662 78321 42256 70810 67438 64805 49336 54014
91233 39026 38083 94291 224851 77501 24335 187093 217402 64963 64072 232170 84504 78253 15036 45026
85039 40530 82243 51426 71073 95180 75583 37149 16735 36017 72292 30873 83509 95275 84887 42955
55432 62883 18461 47960 63479 242703 81659 43977 62700 39018 23872 26996 12205 60892 54705 191281
230732 51936 22037 45179 55993 50065 72109 89426 36800 85467 33029 45327 85000 84026 71373 93436
85136 80403 25195 55831 39269 86951 85273 70142 200558 40264 55971 55210 92045 188144 10892 7159
225948 70042 39311 95318 84645 74036 75034 43807 92033 32419 244249 52353 40667 93619 205453 53805
62309 7656 23407 39420 59854 54762 78553 16407 64779 44871 81377 201294 12030 5810 59399 36467
153950 57326 61662 20079 43211 83722 30903 22588 155999 34980 74553 24468 20809 21131 4712 80899
36324 223303 35673 35346 93678 82848 89480 58640 48738 59384 240991 29466 19911 61845 31055 90468
33124 87793 14881 92323 69504 32626 4469 48392 26323 66505 32254 75664 7614 18607 46436 10880
72844 8361 67647 65274 46458 33820 9534 89644 79764 15772 57078 71301 7114 245402 21700 42178
25860 26357 20193 45457 32668 82684 44038 58430 41866 38042 52995 21821 40812 240376 82952 57970
7684 74800 88625 24780 28071 9515 83240 86514 31338 19918 62481 10740 47425 73460 32062 46353
82988 38857 44676 85113 17146 11576 24263 35363 19733 70859 93637 20829 90020 6493 34895 58185
72415 14887 46839 33335 75480 53115 25688 76812 34699 22868 87840 72539 52579 53447 23553 69804
67515 88780 89250 50727 56301 14450 216315 970 69090 48561 201368 176206 83888 4731 41169 187310
210339 24349 77361 14173 49394 57756 93536 56000 45952 72961 87987 37113 64603 58275 39762 90248
75262 90226 28813 23003 58948 37974 196745 62636 29270 22505 93874 44226 86063 48374 62125 52133
30871 37259 42292 74000 26168 57519 51548 33174 92772 13278 75344 63292 49481 19351 39542 60092
45078 12708 56827 65199 71654 15112 70297 8407 90372 7991 80012 79278 149185 49735 56055 42001
75225 45794 88771 25753 34272 21850 227342 67784 26389 48086 18724 49652 69522 50394 43529 26053
45053 57741 52221 70990 42764 13492 76850 41290 26428 82723 68166 63487 68491 93775 93069 46754
54642 223672 61905 21101 90631 84859 52972 26812 29356 88070 66828 54414 60305 62532 58940 24661
82568 32255 30396 59939 92234 19065 57896 231194 68044 40826 65172 53973 69177 40999 5169 49004
72368 94371 87629 182563 14920 17309 36886 80129 54912 157931 39962 89134 64966 32729 92758 49814
82374 83998 84378 243816 94992 19856 30490 25932 13778 86052 90015 58825 71781 14609 70476 26007
86524 14547 58408 76521 10420 15761 30899 48289 55950 72494 44935 54380 55570 64190 83561 80773
39422 22647 157047 19677 86520 75252 71632 89115 95676 47821 64994 32856 43548 47758 75695 79663
85260 92987 86149 242700 70264 88239 170248 197390 173706 64169 49619 62343 80192 7364 44393 22604
67527 28644 65372 235838 72412 7564 73720 79438 25590 83518 61227 56958 46999 71082 65277 27470
65022 74702 212306 86657 70545 76672 85142 90183 81267 44466 17621 24589 92290 76898 92042 84567
36479 43370 29426 185168 37159 44237 84103 67324 36164 80586 20140 29508 30034 88273 39592 57435
38862 95089 44960 70915 40732 67748 36856 92854 79882 42362 27674 15897 72207 81605 18287 161974
50477 79432 75053 231786 30282 82627 87135 91007 86647 78439 84611 60685 94928 46943 90211 18435
30081 72879 179556 91200 43247 51344 52065 83292 15085 63724 81502 58508 43382 69469 93145 12651
47866 88217 29608 89275 43218 74060 47995 29669 10004 57583 76250 79722 48684 25715 43609 83238
70299 64607 33313 82860 15788 64159 69996 73629 89295 8769 66448 9157 63339 81918 95679 79640
29647 82435 70094 43011 57101 56274 66742 60700 28165 6410 201179 48502 13935 9560 197410 55782
74168 13901 21432 81465 244764 83588 2773 87138 47801 84524 19140 32585 76069 95329 75721 83345
82037 66740 69330 38839 199387 16089 57064 39087 94944 74333 91414 10385 47586 90560 1649 31303
58988 203481 49159 94617 46942 31710 68413 82974 27324 36042 40129 76523 37347 79556 88099 62180
13346 40246 34832 93493 77507 48212 56513 48029 93008 31221 43319 44979 222641 41670 43344 5856
94791 79496 68097 70676 1991 71735 1191 78157 47304 64336 173196 89143 22625 70492 85201 174100
32994 65365 75283 73513 178816 85504 72719 90282 33028 65994 56785 77348 47278 94092 87400 71541
83011 21903 18594 16137 43925 70529 23688 55712 45906 49433 58221 1255 4164 38608 75582 64552
64396 46587 73456 83926 17131 70327 70524 43984 163421 52233 6395 86734 87341 1415 79289 71378
166666 81260 91152 92089 210724 75773 41467 39039 37805 75581 55196 86767 189908 208826 37166 54820
36171 29988 67665 78691 14207 34872 56571 74300 14670 73935 177407 24883 150869 76890 50040 33206
2045 29066 32647 73829 28659 49508 56286 95649 71174 76650 30069 66153 14701 84770 11020 56044
17686 63730 18517 87831 13495 48755 16406 81815 64448 8297 51328 226760 60300 13009 68714 28076
188444 94895 55591 83727 24381 14616 72702 55748 2938 56156 48567 83069 64662 48070 93360 56772
25143 44905 78701 70337 63000 85659 47937 8411 46097 173656 92025 77058 71176 54702 39664 62326
84888 74074 93964 73885 83999 67826 18655 52670 3358 70736 92993 66743 240613 74571 93859 51578
90342 68405 47852 3862 58673 16387 51056 74484 27853 36260 13109 42607 213640 76401 163368 43246
165078 94315 58866 172708 65490 18460 90938 54154 52082 179314 189565 222048 29855 237491 34386 69862
228271 94020 159927 76291 50601 82711 25572 12310 92975 30570 64290 80635 42413 56166 55656 13449
92244 62856 34088 95557 42432 4150 74696 35945 193197 95621 75983 91825 73802 65352 81619 27568
47145 76784 71680 39495 23987 20856 89667 40368 58110 58526 161758 80444 47525 31365 41930 21531
72651 173191 19154 41898 82317 56316 73535 18610 39190 51183 62294 20168 56852 81023 41192 18333
78434 95293 47358 60199 23980 43477 18992 49150 22660 190948 217764 19483 202242 201540 35702 193814
44305 86624 34117 86388 39685 25518 51495 25692 39367 95698 88439 52402 190683 76078 22593 194821
69069 204781 78021 225600 83988 44557 72836 16118 78440 50128 46236 62229 230725 172503 66238 89489
47092 35911 57009 93149 80734 90846 83917 39975 15106 95166 28921 60755 88624 40346 82253 33699
64325 62362 44658 13089 54024 8515 68664 58774 42696 89058 80250 51954 216211 91595 178013 87823
88486 72730 37235 41397 24569 229145 58781 186038 36207 16695 9960 36549 2863 203099 23723 235801
59385 65896 23206 36941 51822 211635 73163 63208 161934 81204 16849 13831 20161 69376 69484 53802
12383 26503 73210 73233 44742 53963 69364 65283 19113 21516 51520 53098 88196 91159 73053 79255
62801 20511 12549 37101 91449 26284 17085 51842 82115 168001 21758 16746 67997 42636 27146 78210
76340 61641 71746 21798 91864 64109 12327 85708 60321 77313 90626 164738 68421 214324 30391 40431
54993 81038 226098 149335 81020 80325 192963 57768 58102 86721 194864 61969 49665 43945 70072 59174
46605 88161 73379 151903 29703 57705 70256 54438 36876 70840 80274 71279 231351 75631 21021 46015
38278 69023 9442 87467 67145 92536 66352 93169 209834 201837 57372 7582 189804 167782 79914 216642
207515 51386 14396 29772 228332 56929 41625 26070 157364 83303 32958 59543 64524 48494 92054 86193
172767 72259 194958 188020 87457 31375 61237 67063 49779 49658 72382 21755 47456 89754 45057 90533
80628 69591 156829 51652 23543 171100 50183 10290 45901 88946 76290 39300 54859 77515 24946 41221
22130 87063 81932 72101 27487 83039 54732 68112 42500 43367 7163 18821 57766 45460 34724 9270
57894 90007 45186 56307 52137 160608 49529 36903 84879 230571 77274 35365 93148 20450 56172 87376
59545 78435 87541 60109 71763 77753 41096 76305 73662 29076 52264 15172 84705 68517 8564 69604
15410 203872 81980 43940 77329 22104 65169 38152 91974 57085 31197 194120 46912 83924 55354 191233
12406 62907 183197 12241 18567 70815 34199 46151 83141 63234 59927 48308 14937 50854 2840 78582
91580 32607 70209 72665 38182 65060 64241 4353 67519 76569 13920 58732 54351 67425 6494 77427
66710 57278 56675 168266 87685 186696 46017 17511 39175 46026 214162 172185 55149 85370 36070 85526
238904 34830 47813 22174 83035 59840 51360 56526 184317 210722 38515 76859 63070 92781 21646 69953
46637 10526 214605 71685 55254 81301 64026 74400 61877 226394 74504 73071 17653 71442 192959 62664
80660 181609 43086 35041 243351 221598 211961 52749 47722 47517 38360 38373 45739 41963 80847 41851
80456 37563 21466 74554 213931 27209 64104 233187 25003 24364 86049 60628 93588 57624 88405 49536
33024 239243 62588 194320 19534 52228 58098 220637 191355 82126 84598 10514 72365 47162 61612 56833
83130 53905 73062 58879 13760 79166 87769 221013 53180 76425 45323 90716 173574 27242 89829 30249
57389 94766 243798 34997 49034 23601 85364 48022 185836 59559 168130 19151 59137 76770 63214 45584
52660 92172 62113 8111 77943 88818 83380 69701 40919 43428 185541 31982 59498 4402 47020 77506
70134 60213 39842 12206 44699 57846 47148 61860 65219 32606 74881 46286 15617 179776 45841 36767
85527 77957 43432 50357 50034 5049 216896 11919 233388 73575 205118 67094 49165 78278 77154 94084
183363 88960 66012 238830 12614 50578 71829 13658 59871 13758 78975 63415 51728 71603 215383 59391
11978 62741 21810 195080 62525 2591 216946 88681 56742 92883 93526 59093 91097 47370 21630 192493
100 49280 5468 38367 80075 207829 89711 73675 2999 74473 171386 31858 190451 240169 62240 86619
227444 55810 81430 26215 224603 32499 49092 84293 54691 72652 39116 74035 178838 161705 10791 64167
64202 85203 81077 32278 84726 95611 180548 71793 71630 83916 40832 93929 22796 164465 161737 83351
51662 70788 79704 17427 47308 49931 38888 71259 14778 186032 21916 95603 60963 95397 58277 13127
27404 37747 20955 66146 67109 73023 26718 62944 195918 17745 84409 42467 83744 26894 91795 81223
72909 18187 245373 236813 198691 57677 219621 26572 48832 167968 174365 216320 34815 245302 180481 42258
240627 46407 73989 3792 48149 52557 14010 80231 72031 59851 40360 76396 58839 50612 90416 66544
85743 35170 53624 21397 72490 60967 9043 71684 35885 42441 33363 19908 13368 91198 18183 70857
220500 7223 43064 19172 24448 28661 17714 49074 56176 170437 171837 175749 174177 205243 82525 58206
51024 66995 82944 16974 69477 34144 10611 78056 46828 8039 76139 75645 57407 77500 35320 56576
8113 94880 86144 69419 38105 40969 46239 79263 40851 13491 84804 211334 29655 36365 17165 21394
37800 66976 175671 213346 227798 35870 27308 13409 43214 68375 31514 73237 22991 52481 61850 39611
69224 71079 74552 50804 31095 59849 40213 65306 23034 85985 78252 32588 88388 229976 61254 29425
72051 14247 32797 229632 88587 96071 60556 67264 81588 65557 227518 24900 243166 233396 2882 60816
55561 34626 93137 2071 149712 217875 69051 74513 43744 45008 169932 11365 228820 45735 57489 71339
35608 54409 23749 74040 216184 62810 78185 25125 29723 81461 66065 41899 21085 34396 58972 83208
46423 32182 75970 67743 244958 84702 49468 24437 240806 65267 158275 198742 237700 84129 36652 217669
14722 41158 47893 87620 3021 61815 38209 193591 57567 53036 96007 90311 152257 77194 184744 97055
50927 80065 172830 82033 34351 32091 178121 79066 83067 75310 66935 159097 69595 85541 96390 97882
247056 29563 44365 73907 73154 66932 94818 95685 44866 36643 41947 10323 80316 72083 14820 85151
56862 47519 89683 56807 34096 2886 197069 94894 44932 95350 225487 43242 89183 80083 82675 75094
69679 85926 165499 58784 53984 24022 45944 234105 67737 207461 93788 11976 82137 20469 85658 39854
83605 36893 72386 55421 70561 208142 23464 64080 62368 20932 64713 18804 217918 62165 80109 220725
50893 60840 94815 57638 47785 17254 91541 23629 74396 32956 152141 29110 227609 13620 73962 206364
66172 13328 49136 21163 70689 78643 44560 4067 24757 51103 49567 19099 222973 45972 2245 3686
40500 26551 70355 178189 47854 66100 230910 88854 93227 78067 56054 44241 182424 85569 80609 14874
28981 69206 67581 85311 176013 69435 34462 38760 19148 154866 101 159698 150216 193100 181112 149049
149254 158809 169053 157201 236270 183346 217449 209940 94793 93580 150220 148791 184854 3969 94443 66429
41630 91565 17881 76475 58256 91289 75677 9660 60719 8076 206096 200911 83459 54573 179871 238872
241308 72786 161795 210670 159909 58434 163325 206203 40679 55110 54824 220492 30499 46510 18285 93513
59936 17091 83000 187569 182228 167294 57511 53590 597 22531 59022 89346 35962 53829 62675 6936
89999 25798 15719 83264 15999 36222 21253 21017 64663 36793 49575 194179 18797 24628 47955 51033
88043 78043 75835 31921 54866 88142 12165 2490 60406 65523 130 25098 156 46474 43181 87197
5205 201943 55468 32191 62756 82355 41695 8780 95500 90616 94540 53015 57949 44684 55635 55223
92771 75079 92659 30904 91114 23455 90127 60101 36629 76647 14449 1903 37911 18828 21369 41120
55015 5123 54528 76504 7675 78938 20796 72887 69325 39211 55410 24184 33944 19128 37395 149663
32884 18110 14291 32850 34708 68733 9811 110257 63888 36369 13408 49898 18888 43700 54556 47309
5928 11932 89190 53265 29063 55523 68873 48773 53017 25736 5489 29377 42716 66571 48304 60337
38627 70172 29016 54557 53631 52910 64726 7349 66854 33517 75108 77265 53063 33582 21151 64575
42951 27787 72000 76300 64697 95322 82248 13422 90668 67960 62070 33193 75081 72996 52013 44148
26934 77410 45175 91989 39708 29699 32283 20449 49710 82531 3400 26618 11735 59716 92007 69095
21013 66510 10441 21854 8271 21693 32720 85615 44314 51648 55170 63606 41372 80785 1579 27772
89145 42165 31792 4550 69964 54374 5727 47902 89063 45553 57068 53441 19816 95530 13002 62971
95135 65884 88186 45616 40022 78790 25314 44638 4136 37128 42402 16921 35786 11594 87644 4856
48658 45668 28218 36883 65356 64314 51875 39094 37916 74641 44996 59507 18227 81837 75354 22032
69305 15978 47773 50288 40864 80350 81924 61876 56933 21279 72493 86811 75048 62183 91356 90004
76365 57450 66522 59175 31391 4787 38830 33185 43982 49545 33618 32312 61250 11353 17868 59701
36938 45719 95531 22348 68017 75740 91753 3767 17112 40927 68395 91053 55462 20077 56225 23109
45167 88138 91193 24420 80342 29179 23400 75778 49555 70932 35843 74397 53618 67338 13612 33406
54473 42451 33696 94231 51859 33318 52615 42694 15062 69077 17755 85300 88098 56439 37425 76037
16655 64623 8898 18031 40097 35591 70431 14964 11772 178642 3197 66315 31272 59981 25831 38110
30467 13695 23809 62137 41681 46071 62662 53181 47770 68558 17076 66314 3412 27799 40416 71967
54425 81845 60904 68024 44441 47685 68687 75101 77216 60781 34808 59072 81491 45926 59571 20524
12579 83951 29113 11393 23554 161530 61617 30344 85416 42476 66493 31689 84012 30289 61387 36984
81483 67677 76491 66713 51058 58024 60204 43647 73508 60630 62029 12721 53974 33199 21481 35693
4538 29012 18695 87719 29045 54765 17279 21355 26834 50508 73612 61805 87520 46177 77282 31588
234960 12071 57396 47257 64349 23186 87667 67360 53127 24025 20392 18260 30285 19539 91319 40136
18700 23508 5900 90411 32002 35395 46019 51990 66825 56161 44915 35196 56250 46025 84090 51042
51749 87953 74149 13708 93677 8293 46305 31925 77263 83398 24152 28714 91755 54184 26343 45816
27852 88378 91673 80098 65439 79925 16295 40757 70624 46819 41332 28300 29585 74894 88086 47794
46161 68173 58426 44631 12172 59691 41968 85057 70023 57265 52119 58544 22877 64029 61730 37672
61487 48919 14522 67157 34794 20263 69471 52220 80986 56400 13155 26645 65603 79433 82800 57833
2465 43630 92204 84113 45975 27571 59988 1378 13645 65736 48047 66504 62011 75027 51245 24343
72874 76916 35406 52373 18037 45638 50938 85248 21260 48886 62366 37958 66659 70110 21569 11133
35509 46029 49692 27143 25116 44345 17360 73019 49600 56108 83841 60858 56867 64522 23841 11588
33752 70714 42445 24037 19323 28516 11111 7886 84828 26583 49644 11925 73119 44739 5273 11529
90950 233738 43828 76828 71764 57201 4578 77302 76862 40759 75342 91395 36801 6544 46366 66329
22881 37319 21705 35021 10907 29190 14702 24202 65831 49087 38442 11115 45852 27525 81473 24955
33464 86779 19696 13384 4684 13345 36966 226357 64234 69577 65217 27003 73770 75207 76564 29506
8803 29481 34206 241071 94931 205213 45757 66280 80724 24700 7934 56743 23130 91748 49560 13873
87785 17426 10366 18136 7571 77761 81222 89769 46277 34259 28016 16482 58844 52192 62958 39665
20992 13947 20166 14172 93234 68477 84964 51449 40651 30374 92121 22721 19355 47464 57791 19042
66471 81522 48588 85189 18942 43565 79624 37872 47753 75290 80347 92977 38939 41369 39603 68327
29221 92689 89578 43743 62065 53955 61123 43577 10203 39309 75966 83800 35240 22350 85979 13858
238972 16539 63568 65234 47862 39291 162987 47288 21272 19368 59231 51695 90130 8857 60384 9385
63476 65085 82168 71230 24698 76781 35072 62776 36923 76006 84670 40846 47930 52014 4114 46139
27194 30122 7393 27167 15964 31621 73350 71240 51509 91066 87778 32005 79898 81497 90496 215332
84779 1688 52973 54452 53574 18681 33555 70703 6692 58659 61906 38068 35633 31663 11081 58130
37139 86715 29653 42872 34513 48357 40215 72782 77330 3417 52371 35580 26579 63447 91337 50345
57689 22386 51011 17674 58617 9115 59794 76431 3581 20003 36948 50422 38362 8114 71334 84445
13283 86272 73313 41657 20973 11194 20361 26717 33862 52726 94606 181842 88568 28856 236927 83655
12121 60052 67639 87546 74994 60306 89540 89180 62686 80165 11320 16644 85539 59782 47841 67407
20344 47985 60346 27730 87716 54383 24411 43417 23677 15905 72310 14965 47587 6914 77207 24266
20581 70820 43366 47563 21612 57890 36186 25571 53517 16582 75793 8248 56385 90963 21497 82358
50370 3932 93873 75123 93092 17659 75257 160845 32205 85475 29292 35812 51256 23806 68689 48062
46252 53259 169641 26297 71723 5677 47905 14764 53287 17252 49663 51762 90865 36265 38076 43280
1281 75604 47588 45482 18000 37245 81362 31184 71831 40003 20012 43224 39441 66384 16694 24936
14773 46126 25479 65240 53199 33347 67533 10187 16900 24181 181291 14461 47099 18269 95654 15930
93039 18978 3936 93285 40162 74441 23049 39432 67856 50246 44127 40795 44154 49337 37311 9211
32634 4271 18201 36658 31102 4959 33346 20813 34116 61741 87128 31403 21828 64069 40085 84736
90941 46032 51559 73497 30944 7527 3292 7565 30101 81645 39287 91349 13370 71359 83111 49945
72328 60911 25365 78932 16321 44433 200217 54769 41454 41380 27471 25267 79210 28311 38469 80218
31326 77074 57943 42843 160054 59324 47858 41464 46765 19218 67725 69109 62492 20255 74921 20705
73167 16108 56266 23296 49153 32935 172064 39931 26708 51425 27849 62207 58908 7240 41409 39463
11752 71539 76917 24168 82943 25246 95154 85616 64219 81566 194276 83225 13537 61367 12969 69578
45639 75530 14901 44713 33407 53104 54805 81212 30704 16274 79207 53077 10830 51503 21005 47616
9709 29830 154230 24504 81123 36036 46292 8710 62182 163981 20221 77184 59869 230947 57703 24887
61835 40125 35108 92216 85958 53886 47934 71447 53215 193064 31231 26838 94877 39163 87512 79326
42393 49365 65631 91905 2608 51638 11771 49721 77312 66579 93529 24649 83286 52936 44401 17996
62059 14202 38211 57810 18599 34387 87207 69352 52194 38245 31551 67042 18103 73111 67617 39437
38755 64211 207176 52347 85286 14434 74325 9597 42424 56105 41869 6842 72624 59432 83952 95620
25468 87984 59770 7759 79277 62463 19412 53873 87662 21051 48713 4951 24204 91694 39295 43615
27656 169361 94903 11824 49261 31636 95215 13465 33392 20148 40529 89153 69612 89107 30831 62600
64028 65853 247029 5622 43606 213703 186259 96009 96203 97682 96512 70548 41544 209933 78580 14969
41567 40719 94867 27661 176144 44786 64739 53595 94236 68934 163398 220498 76487 40762 32225 71227
71929 86826 45122 29254 91956 61106 46664 190616 170667 241737 220493 224744 63685 185952 54944 90956
71007 31334 60373 82907 58880 157972 14514 218750 91243 32574 17189 80497 89600 43363 72693 23652
61360 60257 71696 47375 221089 174862 38037 225347 90403 17654 215140 44252 48329 46561 45222 167449
46658 17680 20830 66025 4447 10349 67711 243740 70763 28993 95326 86185 11235 225335 63386 79240
62797 95316 31398 59323 184229 52701 178504 157478 8051 16625 76591 46068 50966 78220 25660 166007
71126 75932 16204 75963 78986 181488 47523 90454 44925 38716 13018 71737 44413 30313 86228 78404
86506 85130 28769 44783 153819 55890 59934 71431 180731 67669 85572 54037 88997 40342 82075 184843
38160 77856 78541 21867 32079 80447 81982 68666 33661 45005 89700 184845 37469 91866 53721 34849
85492 19033 71343 72044 66354 54230 43197 78825 44814 77816 92262 46067 87248 56602 70415 46746
81082 30735 77375 71444 48988 33763 80690 68387 33876 180320 190992 183763 1131 79059 67430 243102
161382 51894 64833 89282 205817 212411 33076 62239 74091 42346 20663 9300 81014 89544 72062 84031
40564 72222 67163 78096 35495 91861 47686 14831 35237 76662 56260 76323 23128 74187 70538 67718
53519 30241 222390 227364 218337 94951 46624 243380 28101 38644 57426 50536 40256 89836 84697 66985
34783 90836 94876 61292 65669 75006 30661 241334 27284 44722 66922 16083 36329 90249 82807 50859
38217 85889 73954 63965 186312 47749 60071 16178 94146 22739 88663 62933 19303 233416 50038 56562
47581 92369 34687 59714 74023 76082 33892 30200 53310 94389 75998 243500 86036 26361 30234 76029
58265 86604 4223 43241 31096 46640 22488 41105 89865 215277 43152 24518 66897 2890 64923 49511
186554 62851 88976 51429 59846 81622 66650 90360 53301 79748 66697 89470 54939 53560 68646 39825
39108 236944 83512 50755 26095 52820 43965 47596 71788 79540 33689 244726 182573 52265 68073 182388
23432 236387 94924 71070 63135 82590 65793 67691 12117 80451 163264 229977 176782 5766 186039 25954
186468 229535 217230 5679 82250 92834 23403 83564 21413 25010 40128 91521 74407 72815 65601 173131
85543 199964 58443 35739 196788 170795 6680 66212 43479 167233 73419 52387 225949 93450 18897 59262
73570 81550 40266 95075 3230 70169 36989 43674 244942 201882 47289 77870 178920 22685 59661 27714
84491 40504 5086 56720 65327 93776 37822 41934 78544 55098 34582 5358 76327 75712 60242 80052
15923 37192 164993 43045 41246 157016 31444 53203 59114 64993 49837 51036 181784 84986 61807 88632
160994 155837 76965 87450 65733 23074 237511 17223 60933 223437 205847 180229 224234 81723 46345 67020
43576 57399 42527 71677 4079 48736 60118 161516 34066 50317 12763 57883 23176 51542 66457 19236
91881 244231 35982 148555 211147 13835 31122 37292 74654 85244 65968 5451 66551 220542 70683 242908
95043 48661 47484 161850 94603 227469 50693 38288 93730 33909 87800 86876 84334 50262 76767 67035
189067 67474 242277 41942 75876 39837 79974 223336 2049 69390 47211 65800 183525 194694 28791 213012
155433 73267 50963 45245 53220 33764 57759 83742 65933 62153 70226 75729 70249 199891 84523 47602
29510 91039 67763 86696 90615 46871 62136 80632 43786 58666 55698 171658 60512 54861 92728 32357
165098 74618 75875 83656 93922 68648 90120 69108 90824 60440 41978 79990 77542 223705 42665 50541
31895 68671 91900 224316 207182 40241 54243 63088 90374 74822 48692 188955 90014 31635 67450 154209
66894 29364 163166 7835 36398 73653 78059 27529 67684 181353 10940 207520 23372 38161 1842 51941
91425 69034 5825 225290 62593 92372 25375 94032 26739 44195 91624 94835 77895 81738 94298 33540
55982 13718 20211 80941 37767 219773 206491 50081 11581 173114 74419 10798 190240 83567 71034 34142
80160 59288 62035 79682 82294 62573 92167 33695 36318 67125 80092 219244 70830 27888 195600 89292
64612 90906 211291 43111 177512 73786 81539 83008 45608 54800 57804 226130 20801 166301 88422 94802
46402 88346 74674 69780 42937 49197 75749 50728 54515 80413 21586 95142 55649 15042 73047 90909
80682 38882 38865 75605 16041 238099 40333 58611 39829 70437 66953 47511 77901 69767 208525 69934
41528 50833 94339 63376 85199 202745 218020 181067 204942 26819 83877 185011 70644 53655 57006 70283
68690 57373 75019 76110 18107 34584 57660 94437 84581 87026 61733 91716 185450 25751 215068 85710
93269 91642 85450 55615 70762 85611 59240 79061 212553 12918 51903 31579 72151 91818 211263 68634
49228 46449 68880 56763 239283 57184 50026 175005 187546 16423 73088 43995 49060 177291 34706 73633
218029 94294 35028 79859 57107 236888 69329 72184 52287 226537 38665 9292 66255 50710 86001 13104
32952 36674 178617 23724 66789 90402 79637 90077 58048 38702 85895 39451 85904 41688 49434 53297
59626 84558 8352 47001 61146 52310 55368 62534 62267 45526 212025 14752 69290 66753 85038 92417
73392 172442 19929 67565 229585 55253 16887 969 46011 58590 83847 9851 41354 36564 55536 47741
62377 48338 90273 19829 63108 77799 49201 25060 78180 85960 84950 63426 82843 70130 72122 19188
81125 9401 42715 73349 29428 41461 56711 32825 76589 83309 231885 57725 29841 26953 89631 66141
82798 38907 71744 78167 41177 91523 21474 83283 83127 216582 23230 17364 84028 51916 63283 47544
93425 91009 238432 57421 49192 242840 201843 83446 50839 86943 24917 87867 169917 198688 47231 240598
59302 93584 77839 78063 76406 65705 88850 34788 81523 85460 62987 93813 51612 52121 65248 97575
55355 41064 107780 75897 93229 96278 74788 58266 86531 86504 95789 98599 158492 195342 58572 81650
48711 5107 95705 94413 46182 49842 82060 52349 20502 93217 85398 53760 209057 160311 87670 38545
34179 16475 200288 67974 89429 63757 34270 64881 243903 82725 88527 70630 8986 202879 226761 211249
37665 16139 62467 88891 67423 5848 80493 239910 52035 194478 56776 45013 90110 62659 177281 226595
219820 63047 95542 29530 41196 205330 83834 27403 79868 49163 20281 63557 2728 91460 93784 37240
53755 59447 71904 34428 81358 14262 50359 80046 36372 38983 157988 11318 206048 61331 83600 50542
58733 26447 85318 32573 84946 95341 225503 7746 18872 52074 62114 52588 62122 218052 15074 30242
34340 51925 94152 45285 91063 58059 80011 78971 93702 240955 24809 21407 74093 84840 48467 152183
60823 87340 62431 29547 57802 35134 61534 86480 63628 238029 75794 11273 58116 72807 92187 221292
90154 68507 74248 29515 11428 50552 243085 91120 65129 94756 58129 59319 32032 84982 91979 68187
68443 51346 55097 28619 83156 48719 84346 167479 57944 68306 45478 48679 215476 5592 75594 45916
90937 6371 54252 33980 69381 90296 79191 25717 55123 28777 148296 148715 63191 84370 61831 231424
10527 33329 199949 11885 88936 246176 59400 200474 229575 187652 66495 180130 76792 35101 67844 61554
1976 71241 224507 209615 9365 15798 93667 16842 28673 18762 225440 86746 75149 36466 44172 844
67443 54266 37698 19069 65945 39218 202865 92726 44316 185919 243355 36087 63956 85393 76645 58809
62504 96467 7522 90070 107682 95634 62281 88455 28270 71277 54748 73369 162976 73558 47954 53189
59275 72089 6691 157121 190137 76196 232430 59683 74754 55176 66604 80565 209619 62005 6024 15323
61661 178104 85638 16422 218985 85874 62400 63633 57497 57651 983 243080 25330 56692 50230 25173
17078 69719 33246 27706 47388 88812 47965 31163 79667 19753 78884 70400 78419 39091 53700 86887
2722 165010 64113 180735 30303 67130 87540 65526 35123 48947 67512 55724 15412 32393 70845 219655
216422 80735 88233 64787 67686 71254 77572 87164 176070 67263 92842 82472 241035 76214 32259 95211
72159 15555 34847 77037 65165 39015 37576 94103 67836 77707 87895 23762 156961 189554 88432 63563
92929 88519 77443 85713 31149 204377 87595 37083 52711 85908 48147 79572 194549 45897 40871 59895
70363 31688 159609 78594 192827 79668 94758 74685 4401 21187 77087 92959 28929 80536 209867 230811
53945 57975 91195 65388 65324 155943 87406 229681 41053 77346 41186 191019 194828 92061 72828 23768
39224 66452 40536 21878 48373 45932 53808 26904 50356 67183 205155 33319 58184 49242 91262 33792
18279 69086 56696 74377 49204 52864 30273 80066 45090 12312 205821 85825 54941 43133 229488 192504
57629 48224 36720 90329 74326 45870 155399 54932 87727 3435 83494 4414 65755 32163 82762 89046
94386 55575 24418 63082 71709 75408 50919 75444 55751 39658 82511 28753 23763 48038 48513 66992
56319 80294 94207 88112 186669 28579 37294 19711 87931 175292 6029 74390 74536 1207 161117 238696
28687 85855 165005 68992 77298 9479 62657 186210 76581 71500 92066 50355 77553 244647 22276 74337
11736 36187 21324 70064 61577 213165 35852 246259 34258 39373 38472 11084 74594 73540 69356 212581
56921 50639 27055 84572 244543 18400 89910 94772 54886 46125 222436 90811 48336 31312 154315 13897
75870 68196 73092 160153 49129 92915 64186 67942 36515 49805 70147 67215 79299 64605 52022 82868
66881 54764 24840 30065 37810 61456 47643 838 86582 89016 64055 60839 81994 94853 65754 94736
44937 64587 68359 85194 165037 86684 209591 80865 56687 197806 73390 61299 171326 184153 45233 65622
14497 83022 41981 37934 68213 51290 37444 61979 93068 82653 82427 7404 171277 56656 89081 74220
95682 86297 23957 63481 87086 77708 67835 66884 73549 68159 59789 65549 30469 66889 199169 52747
88093 10833 70904 77208 78995 85171 88010 48115 149590 161690 24370 64161 3320 46962 12067 96067
20215 217461 226209 157676 225592 95971 34505 22766 62192 58007 99059 160237 6773 40160 23457 32700
153917 90234 39284 54166 191567 84160 95497 9932 60202 93129 82007 87956 71276 52720 71886 16209
94585 14365 94954 66830 37005 186260 70588 55945 79849 172066 43072 83783 17204 86705 50449 70394
45282 44781 76208 183036 42276 72699 176742 86403 95037 23634 50315 202979 233071 215231 36878 44981
201886 35840 43587 12699 65374 68541 67924 64875 88861 56659 78134 28089 6430 78071 50464 58552
85613 87657 87494 70634 62120 82735 26203 149380 85552 31342 40972 64933 92214 73719 65359 15603
63821 83806 43969 76873 222845 59481 59760 32285 63383 72925 70575 64452 166619 66129 76985 82325
62275 230281 64413 37486 63653 72712 79488 214027 80017 199640 92582 70570 5694 85432 32592 7390
50454 16822 185826 27591 19813 241853 93937 58639 70451 84317 8249 88212 38914 55690 73224 232392
88901 81513 77201 34162 38664 89950 55100 87338 53081 88295 92512 45891 84869 95439 85677 234607
51811 6193 65732 67339 3871 84855 93932 57066 81905 39170 60797 224837 68288 15970 78306 80888
245048 216811 78973 193288 222234 88831 37350 190995 78608 48175 80157 230612 7790 71465 67731 91419
48462 82507 89093 78578 238477 48788 29263 6399 81042 22664 93041 241821 65949 83009 29989 245744
214240 64117 18231 14042 74933 8226 49104 205832 222851 164680 76125 210101 208170 24677 79719 75945
63567 37286 2888 73578 94501 47442 2065 44122 213890 69058 36314 60137 79760 61224 220193 66234
52992 28141 59427 1399 36348 93015 79347 53687 82909 31685 61717 37833 84985 86952 71377 71009
188885 160454 161982 58852 96077 28452 148772 195593 148771 238632 46835 80700 62013 50603 18863 201364
24801 78610 34349 46439 32362 228315 92930 238328 190657 229464 56586 84444 73286 80923 96838 72831
168445 72711 65835 2550 84682 36869 75771 34143 48018 153219 34220 89435 57824 17519 46166 168825
72389 40857 165438 81367 41430 60175 64628 80843 156878 41835 65147 229615 85390 33284 54798 37626
67142 88828 30975 49318 37513 71056 58654 171690 187796 11054 216068 33317 64284 51715 81102 89956
65209 66665 18006 70744 44637 165429 54185 16868 214351 184103 73258 239692 49777 191301 79826 66570
161670 198324 29835 49371 174990 32027 69332 59029 66232 28144 46963 86475 62745 80282 72649 72090
4340 83323 92233 76766 16524 212097 81732 199859 245995 85661 94511 78508 152642 55221 90972 196324
36874 182745 228703 185685 35697 43793 40308 225106 62651 65695 51698 75553 80520 59742 199085 75229
67138 7074 45522 80106 77192 71103 41138 24477 23073 4999 86222 13711 77536 43858 80161 77808
68115 80827 38262 4672 23276 65484 38030 22370 1416 192465 198702 197055 206982 89384 73199 38592
16832 179614 85956 29896 234504 62380 34527 54947 73611 82987 74125 41468 213951 178691 149700 74776
172031 54417 186091 68850 202733 42420 238376 72514 219818 79169 44883 43386 71920 60014 73862 54903
79644 41273 55534 40012 59361 73702 56690 53204 94159 41334 43019 198919 82254 176396 243536 174951
221528 45760 61978 13404 43826 61093 228866 9289 185020 88659 162648 46254 184568 56502 199379 38543
23853 198178 94514 10246 13576 6407 188114 160537 64412 65834 90233 88067 41324 223692 160657 239350
46046 64671 79051 73030 53243 47223 88026 64861 153374 66990 94706 69018 85579 217070 199872 74722
49634 83492 211756 174695 10831 26643 83100 53171 24073 87028 84512 71801 218751 46362 201326 155543
149871 148556 172282 153786 216710 70216 207994 159127 227477 59816 231778 48340 61982 35361 51910 7360
51565 28792 60894 34740 33468 48277 76049 72085 132 14083 32334 19611 13832 200455 240898 71955
35791 58837 10844 67067 4730 16605 42206 46626 9860 62031 219364 16409 161421 54965 219884 241598
9026 228255 23561 51433 58596 233474 210089 62859 179395 41297 59704 57595 61176 224323 241213 9091
62735 74369 202705 34219 77121 241462 19354 87628 39428 64189 32407 78961 161371 23973 32361 36419
54165 197007 76864 90428 8000 71255 91933 23203 51819 39747 94113 41136 93800 67796 77639 38535
37151 71481 27721 66479 89052 71616 14916 79531 246296 37860 196286 80113 40571 72593 35517 82146
49139 171432 58484 235958 27555 76070 49226 61004 41061 5105 88662 211117 216520 60069 59015 84568
12476 32984 33404 149756 154237 74948 40285 82509 57364 77408 56175 14821 81180 83851 70083 46403
4769 41636 56092 83315 95475 39113 91098 32172 49302 58516 94776 27450 78267 165025 226325 16205
94452 72024 75842 35097 224708 6484 43085 91191 26219 33477 178988 70359 148483 211864 95134 37802
64617 35198 41000 218783 215448 76046 231591 36937 86327 18297 94296 78679 228175 65069 31605 30233
197737 67973 87968 47107 26980 95532 57380 27819 76704 81154 16020 78933 68250 81263 13347 85111
48231 18636 187119 62793 180212 157216 87559 229523 21911 80997 36784 155648 58980 200899 47669 65418
91511 172581 71531 44143 63483 95426 92315 14500 59621 62696 161760 65403 62027 44851 78863 9837
239005 183979 244866 178143 28077 23713 47337 78903 76654 168881 183681 48400 75497 150283 68021 196400
162624 188521 93196 202326 186784 215327 192883 87488 89446 232960 49199 2637 2509 56200 68215 69041
90283 59290 78661 86948 21141 50372 40659 61507 65979 18249 79453 46339 25178 166802 56167 93038
65689 80299 203460 87408 6116 91154 192660 18908 61039 3649 197854 32528 88851 72176 84561 68268
75380 36731 50335 24271 32870 86782 57510 91367 41788 48861 67675 208745 35368 54108 243941 57922
220706 210359 78152 26009 39318 236351 164369 46533 89731 58576 20174 37808 60598 212239 51743 42553
192042 90400 75922 208912 18027 222251 33378 66210 38723 59378 30784 47967 9531 56574 160398 81861
82679 163296 50585 30712 73132 64271 92256 74965 50368 60450 4576 5463 60637 87912 82414 245235
16747 200231 72202 18679 21550 88472 27442 79965 57985 203380 86812 85093 178775 30777 164968 186903
3910 35273 235389 9456 50329 95269 95722 94181 85345 83337 96545 95874 89474 209906 5699 32567
36769 19884 78660 36735 86950 32563 57841 57170 71137 89051 77449 87343 93991 84379 31986 69743
67093 32813 93611 86401 50611 71660 64085 227395 57054 157268 156272 18365 61908 43846 74164 28511
40932 36744 44337 76346 20456 36644 65607 89661 74454 94494 217533 68645 44444 75616 60534 4264
65620 48130 225621 94203 30428 46544 165659 155702 28559 52914 81969 8650 93317 212844 86176 78896
46781 84849 88249 66283 72338 68472 88679 83712 39797 82606 89549 94421 215503 236649 75383 73697
47994 76797 88225 88323 52732 44089 83491 41285 179940 90832 94983 69886 27740 33812 230919 61975
70552 49324 171970 175273 32838 55420 66233 91083 94496 239843 88646 172488 149370 90703 88077 185241
240743 35992 183871 92951 43104 84014 81061 74478 63720 37632 43602 18412 30881 60428 66402 83582
66031 65730 36618 40461 53806 202148 60424 545 160646 95023 152688 89643 42791 96482 107671 11890
28087 6727 66397 93202 48171 92251 67742 34342 87264 80645 45579 85046 217663 74864 175333 32236
59756 51412 69081 33552 81633 42572 32194 196146 15088 5060 36551 180132 94243 68747 51534 31975
92803 44151 197436 80513 82900 82821 83207 69663 91963 7306 78046 218608 90613 58457 235877 181682
16623 89501 164397 24078 93028 91530 90037 34962 69135 48082 163373 14259 30116 195247 33471 70071
27161 80983 58270 88650 88986 50280 168338 197466 48923 156525 37900 59196 56299 29946 188555 168092
201266 160255 188461 76817 155755 43042 36197 33769 65428 198404 57912 37053 68500 87359 68027 57650
53462 69779 42089 82566 46487 62466 95651 25313 63457 55201 61122 56668 32649 74968 250 53539
48487 41335 72020 87812 163409 24831 72011 230471 199603 76571 92014 79791 20000 50872 52760 19990
74963 44171 217132 88404 75937 17998 213900 246728 23193 82094 84835 86204 53113 23845 86155 95104
83912 43322 10600 35548 73731 42825 79464 63412 56245 85786 54538 29902 64329 82353 88102 67738
28933 62855 48319 76455 85802 40896 72956 76885 47318 83124 81245 178005 37174 78881 71727 49572
48961 48353 91224 159337 77276 90569 73186 42896 52186 21904 158020 82052 180092 76826 93480 171827
188713 66406 89251 210660 39454 79950 17386 82536 72585 83672 24951 67943 20424 82839 84535 75763
92342 71313 20710 179347 76091 71089 92356 17615 64148 12991 240016 90292 77105 59448 11814 148703
169404 42618 30654 154913 69499 13830 63680 85624 54026 44253 209037 76434 32922 84911 193928 70386
184160 64650 224290 36683 221624 57186 80978 61413 84854 210338 14940 59900 86633 32614 71982 66011
37649 23742 84011 28143 13888 52254 93759 31141 66342 41802 70936 72305 77057 30512 85071 95456
95695 217963 36152 35411 72052 36953 192254 35042 39733 175161 74121 80420 84415 21458 84520 53188
66566 54137 74445 42195 10717 43638 69235 161431 68060 65038 85556 38134 83265 73430 65191 2667
84274 208710 179144 83376 86775 76878 172267 148644 1184 25657 220647 91848 46323 5735 54042 22453
19015 24267 207039 68667 197452 230206 47577 58163 89089 84035 47528 55319 47411 180231 53913 55613
152665 24336 91603 75777 55365 86260 54758 29660 92701 194080 193881 10908 83801 56081 19249 64360
244195 200404 177257 19681 170971 77949 28120 23828 191677 224957 81912 210520 69689 70785 73108 64467
72546 1096 52126 173589 209446 66750 61529 172605 72607 69467 77035 46857 17459 62334 83802 60152
82908 2360 57358 82337 46007 30327 84397 202176 6508 58796 209696 183714 30198 65985 53643 68628
43043 68980 43075 25114 83140 68247 72383 91439 86113 70607 26433 53126 91522 80215 11661 66278
30880 45332 91954 23715 81063 181876 2432 90440 10617 172649 77190 65659 71076 94187 221236 34109
52036 76814 24446 30032 57880 81907 95627 59031 87214 188770 4398 44169 36477 72422 232749 236284
164829 13710 76168 43255 170803 193651 182767 171747 177775 170722 170809 224835 212498 40868 68207 204466
217204 14270 69683 45887 78571 30731 34307 77852 64311 79983 41985 61871 81788 73522 86180 87929
71811 52479 56096 17205 85872 66834 11193 60766 55037 81702 70855 33685 22979 83699 55163 19001
59608 21803 83385 42112 32815 75956 95583 70245 28381 90090 79014 53139 37567 90574 14397 4857
224482 42842 89350 76251 187278 48638 212719 184357 66161 6658 40926 90520 207404 55447 74835 227920
89520 178054 39823 31093 87282 84169 82106 43074 153403 12369 88520 95596 70819 37939 68708 69605
95241 46694 67057 8021 49717 31056 29042 40207 61426 62974 54008 64892 46684 89642 82498 56386
211073 68758 44014 60972 182274 230196 245941 18124 23352 60400 37497 162792 222426 80360 229865 62909
213589 45263 53085 69763 45501 91778 47035 41879 212917 65350 51325 72764 47127 59607 2223 160390
70399 190569 240496 77116 186300 221504 211442 219205 16052 51670 32207 52410 59310 174195 78229 69190
87045 224397 212426 190397 67704 64511 57391 87219 50594 94881 55727 82968 47775 87218 30872 162380
57499 226453 21982 191737 78762 36872 159726 148823 230338 22078 161263 177234 48058 27746 54502 185689
182801 63726 85164 68911 81193 27784 42018 148870 43924 44647 50717 86419 51796 199214 14240 45274
54361 7248 17214 45321 51734 43444 16607 91364 32996 25489 9430 12442 88450 60936 80697 17671
57627 9803 38603 61201 64709 72812 48953 22744 40274 54385 197611 20986 57963 217231 77165 89858
82495 12800 80048 39803 34870 16130 242761 79924 85349 57603 176563 161593 219612 47702 92015 73013
44738 83150 15496 70015 55168 90674 26611 73435 63682 67247 57973 75942 63389 86018 38412 39161
190000 90030 5325 9746 63743 81518 87872 183384 49470 153182 34350 63514 81496 169409 153087 81971
159264 16028 51604 163580 96406 60314 148953 27076 24404 31422 71734 236108 55067 13748 2758 74731
5783 49728 15545 13615 182862 95896 62191 63796 73432 218811 246968 45484 172305 231390 3076 52802
226366 82504 68343 62033 87949 15664 85929 195243 220154 73201 27705 4817 198945 97859 81201 4705
206252 134608 95812 57898 76790 34421 224235 222090 224157 79718 39692 234339 64436 47881 37903 48267
158034 67652 73681 75110 17870 198642 86634 5747 55734 48079 28389 20040 28294 21927 93954 87642
83836 77045 51151 17643 62704 39911 54585 81946 19969 92605 28858 90474 65083 82027 58201 91670
93802 32316 203479 64092 206717 42026 243394 89249 195086 68675 82314 89900 61859 56957 93847 21037
78129 95515 6002 92683 36259 84087 189200 90744 87748 237895 29658 70128 181955 93733 198203 63175
45025 43812 65220 20235 86207 175318 60246 66620 57314 30131 52722 58712 67683 36766 54216 73094
82113 89150 8932 34968 74409 79350 72852 244965 30702 45703 206812 61086 24388 85859 41767 3329
204873 89320 76254 192325 228173 60768 68808 23017 186648 225802 11307 87398 55207 93433 187559 3917
58783 80398 23035 70872 88491 82645 55708 47515 51147 21264 77451 24313 72281 59390 62574 11468
195107 42145 37505 41764 42011 22186 149800 149501 157348 73341 65809 82784 188163 83082 29002 16892
200679 89071 233633 165208 34739 165768 194706 87056 40267 44630 73162 79671 58281 80333 27006 227236
80581 17316 36304 16530 92855 44351 82603 89209 70554 58397 233873 195090 81941 197308 25310 177877
157401 162175 46552 217514 68304 236362 95447 13634 68214 36481 148651 80397 44860 27027 79544 89157
64351 206255 43030 27483 15055 72329 81842 83677 172379 149058 46557 61827 71366 222716 84056 41242
21332 192996 94073 18039 170253 50207 64095 33247 83476 213159 78116 58370 52899 244236 11613 33227
183830 93115 65004 3859 42543 218465 26670 40020 56216 92814 80425 165235 221872 241779 149771 160562
162480 148984 219087 149615 161840 230680 200657 152070 175184 163050 219227 158719 79084 149042 44347 224424
152894 162126 154177 217448 172218 37238 155467 148809 87270 214654 60078 74030 18595 149381 199714 177455
43385 186047 83660 53404 3338 94587 18952 56925 47710 45600 182765 241999 58696 22048 216170 34769
15311 5664 55784 21683 201576 12595 214812 38842 24915 74984 55746 196151 155510 88967 35561 164617
45469 221646 42531 162368 177274 25557 48151 6993 173067 182640 51283 182853 80812 194336 217255 34913
50560 239906 71552 175065 49359 73778 155628 11744 54455 29763 20290 51809 49987 77853 51985 201300
89162 31053 75247 29550 20338 41270 243645 81242 71538 26697 43307 45313 235133 56917 57779 59376
94821 26999 1376 160680 8399 16064 26850 46758 94299 75475 44318 8797 59408 42529 44396 75899
51263 4080 83052 7525 94214 70243 26037 41833 74505 57263 48528 52712 12262 94464 6553 30854
38374 32636 51775 12029 42662 70726 40486 52240 68769 78226 16225 52801 39375 68804 3867 69508
61222 138 139 142 169760 6115 13607 30678 61084 169 148844 515 2218 1232 36395 154845
152084 66459 102 14102 71144 64758 58306 84749 63551 53170 60669 90715 54099 22243 31770 48063
48382 52004 17901 59907 85557 22590 84874 80295 40907 86227 62116 78934 52828 78275 38633 87967
39215 77293 7699 11093 9424 71026 94701 48292 46324 68988 75379 69900 21229 53645 29675 23663
27240 67285 64781 93364 221265 92448 44386 48007 52887 65823 67619 62023 9592 80054 43835 18215
225352 82257 79934 54659 80943 57112 22169 77498 31515 43048 58462 10772 30307 76697 86641 91077
43429 36093 37361 5950 51074 90463 56466 94085 28902 30748 51674 77291 211342 51748 61303 87076
15836 78919 44095 29931 69361 208380 48000 90900 78187 59386 31815 77370 51116 87506 79648 77255
62766 49029 59060 73118 67039 64345 56881 27122 52406 36344 73566 63148 50803 68966 82382 21946
28236 34329 32821 50310 41846 49882 74363 10001 72547 63569 55852 56368 54173 161956 58938 20274
44530 85950 26839 50656 45382 76113 61471 73717 93920 10436 34970 87533 20594 70318 16717 85476
35701 38365 26555 7924 82047 11431 55821 36297 89563 24147 71328 59802 86926 65427 26998 21381
23670 57538 84658 40748 23087 86045 21425 72045 235190 75626 31285 32929 93393 45058 64622 50792
72350 36495 76471 34068 26507 80100 72885 23409 56759 77228 27443 31377 19486 60436 58478 28011
84163 71796 17794 21244 47417 79502 66168 42065 14567 26756 66134 17734 52213 67871 23941 4048
71520 16636 20378 40885 9620 55074 54394 33777 20815 90405 91285 48221 16011 72870 51587 83359
29945 66583 65582 80361 38094 62610 12259 39228 74587 57617 64181 34542 50174 30611 86544 76574
61496 40887 24470 69136 64958 37437 53132 14602 73114 80832 47688 37397 90258 46467 79017 43571
86364 31624 35249 84721 43509 20229 59977 33455 53989 11201 30220 45640 38656 9627 26837 11964
21489 77130 16619 46455 15727 52977 52189 10947 23417 72840 29765 46529 80025 32425 47427 59686
29872 80084 17479 80211 62198 11295 79512 42052 37823 37782 91671 66644 45830 32228 66322 22349
46910 34710 10160 6675 90069 21825 22791 66167 34252 11726 82956 37323 74202 75185 40666 39165
37041 31445 50970 78764 57854 243417 190952 41590 11691 94223 67739 64370 75608 49039 63279 61664
9277 36357 10570 10664 26764 31485 54547 95568 52915 40746 22381 90851 26294 57004 48751 43400
84408 46738 78845 233237 194237 72172 81638 30766 80314 53078 22807 90002 86351 60082 82624 78838
91535 65251 91655 28803 82672 61148 23641 45551 57436 15359 78154 33684 29886 41135 64489 88251
56399 56684 51498 75166 1084 89129 36238 60553 43323 95235 49899 10332 16019 38879 95655 44534
24604 52412 60720 67976 44098 89366 89817 18902 33269 51081 67806 62989 57152 54741 71679 30435
40109 39090 14200 16377 15422 68525 22354 36331 39991 42742 89583 35793 9375 46055 41048 47299
50169 74811 36717 55032 39100 43927 61672 62257 77774 60662 66070 32068 54085 7818 44987 2529
31855 57545 33799 54909 79242 21224 31049 39258 69744 53998 86865 61549 15489 80009 68895 71065
47896 87564 45307 94621 90146 72795 54771 26468 68797 54030 77944 54296 32343 83889 55697 45276
76884 62276 60402 27089 165898 75105 39074 15689 57933 68376 191553 92743 49400 22357 23106 86378
81872 40976 76736 46958 55142 52641 73619 49593 37384 29274 87641 72218 26077 95700 82630 74669
22222 34473 71159 21790 66899 8272 75545 47651 70074 49820 43766 53440 41523 66575 16005 25558
93498 15183 67741 64447 19362 27709 80440 40278 52794 28138 76980 56426 246782 89288 72803 74081
25820 21147 30309 9975 13694 7201 82200 19032 29840 18265 92073 93443 29751 28126 16299 91131
78333 61436 32100 36367 76961 84199 37735 87279 64295 83102 234511 17283 19777 63793 70544 90229
14695 88336 69660 46227 52401 58276 49142 71451 30836 39257 39084 190431 65560 69633 31566 21594
6861 2810 84819 21182 78000 48700 67317 32117 95424 20244 17383 89161 75068 65411 59769 18993
38216 221731 62595 84348 53092 48641 60267 86414 66270 72230 71092 16364 23578 72713 76543 40043
51427 84815 75258 56597 52960 63751 52961 89742 10265 3174 29934 41778 67797 45949 46250 86653
62475 94374 53761 79057 65046 27266 20497 71690 77860 41710 44683 9928 48290 90840 74054 48971
8761 24475 37761 71097 17698 1934 77676 41493 94497 57236 86468 23018 14738 165923 36034 61245
21222 84228 26759 72854 58785 80224 45200 70826 57049 41355 47216 82996 30689 14983 63723 236791
28192 33098 29443 13794 43209 28833 40316 94056 5846 15500 62509 19184 6065 47699 22970 85925
5967 23784 23344 15474 52536 4820 64557 88312 1631 75828 61770 10956 31908 86121 43874 47807
7710 64062 60887 66260 33637 23008 50734 60782 219371 4872 53654 62369 2916 47824 8279 75862
94633 82950 69439 27285 23418 82902 68459 79841 46057 81189 18657 44575 34291 21589 83876 49011
87863 53333 58164 74216 78394 95044 47151 28834 51272 85775 52058 31273 92031 71257 53164 44796
47312 51997 48728 88328 50735 47298 21337 53765 40899 15548 52204 20778 66846 66229 20929 82464
76068 46657 73691 52174 238448 63468 15577 69472 14244 84298 76644 2547 93754 213386 176067 26316
58895 57353 67968 46733 31147 27628 31695 48843 70458 74716 77771 63998 46634 41499 63738 78106
53906 62969 32250 17186 93464 77440 36606 88881 38449 39198 62130 92496 50057 87513 52499 43629
89267 11236 19206 82364 76729 36587 9820 71183 66919 39499 76108 199592 59176 90551 92359 34675
46500 74286 50120 24702 67779 45161 74697 82558 4983 66323 90991 25248 86062 35713 68394 22536
10241 77358 78069 54751 17902 75007 73307 18743 85404 62640 62312 48964 46069 52707 77948 87807
93330 51501 42355 86825 14165 39746 29230 8163 28578 19644 58350 40444 51642 88879 28676 76048
23300 84727 84470 86697 43408 55959 59860 14610 69239 18028 44439 7343 68887 51041 79408 56871
51224 14021 57552 18714 29327 40476 93934 31932 3642 77227 75200 30422 36940 44524 12697 63858
18751 26239 37284 75714 18055 14030 44940 46602 31769 15274 92190 25772 55857 68586 171995 87829
83793 8296 53759 70022 1192 65177 50073 72964 27362 91750 60608 71296 35864 32572 51833 29222
60907 88164 65666 39343 44414 81896 42768 72837 92064 22805 51230 44250 54911 22987 80817 15953
725 13500 11174 57261 35435 31850 61079 4639 76230 89285 24090 55981 92884 77947 84176 19509
33109 32468 92368 38477 68918 60025 43902 36191 78929 15713 1437 40179 6578 54712 32793 76035
3702 3552 5793 5613 77625 25719 67484 12221 41697 42979 24762 94399 13269 10408 76868 82286
50220 91260 73504 31038 59680 74444 30145 35602 38786 49669 24886 8181 58768 42996 27775 16995
39801 53306 14749 72968 188912 93460 41888 92696 9521 19846 88337 43083 87625 16326 67605 26093
62404 46158 78450 77719 56202 5628 86384 74492 49533 45048 89392 56974 71432 95153 30074 86365
66028 61837 92533 38417 12189 69344 84381 75152 66539 47617 38200 17456 24183 71274 62837 68574
50251 45343 53591 15337 41103 48489 34668 88325 51812 93347 22860 91817 44037 70190 2525 19827
45032 70440 67044 28060 85061 30359 9843 72540 222266 23169 42436 6802 59329 24864 72781 34767
86508 10522 48296 25320 30852 1662 51733 73316 69583 34241 56940 162605 17811 16237 89945 54484
7666 38652 88705 54157 20048 30430 72790 51448 232742 27235 25758 7403 93472 59920 42932 155700
88456 85502 60484 90450 88931 86636 68904 78848 46554 69898 211645 152173 169350 154909 169394 57619
62654 86966 33970 67012 29518 19085 56308 25631 71563 46311 7622 65079 94347 27413 49191 46433
70289 11612 16945 21898 63754 59014 12693 71712 24216 23544 45021 10733 81908 23584 77653 42472
31379 72667 28778 70767 71659 58824 45015 53196 40230 21077 16858 17018 51539 3660 8768 30992
233694 94475 9011 80763 61726 84267 80053 78003 19391 63770 81547 78289 63687 26903 77180 69276
79138 31058 44247 66584 62352 32798 94381 22079 37985 22705 217790 26331 33267 70933 52021 35418
91968 25576 70193 57555 29657 49699 24408 60154 41761 31011 91930 37408 86034 31580 40210 29863
62752 63145 60960 47983 5704 65471 82396 25562 6462 35243 216017 91149 58273 63182 64215 25895
41322 74385 86707 66797 80257 69486 18056 48416 18490 64043 64073 35930 37109 47058 79164 13597
65787 87882 90975 36681 20262 89722 13334 62852 83278 32769 8461 89099 13588 93979 16949 71180
30175 12048 72008 56714 25251 74189 6538 34104 16128 14682 12040 45083 51027 56066 33886 48908
83523 70938 60316 81414 48652 10668 55125 58383 53535 15000 17913 94072 37616 72987 59882 95260
91809 36254 35795 75810 50494 64090 94259 14649 50278 84931 65109 85354 49387 32218 43632 21869
34352 24407 89566 37726 48549 44768 44397 74840 11685 69122 75495 38375 49664 68203 33865 47235
8136 83631 76129 47121 28596 25301 27821 77750 28276 66454 40711 28432 60691 26597 14897 87393
79761 73833 44160 49702 28955 42993 55931 9609 20433 19298 35207 88419 39777 43206 92788 61264
45547 43486 46691 75457 50993 36838 84513 30340 43433 90309 80379 65812 56778 42738 13925 82644
37020 89067 14361 7228 85858 55360 13735 36576 59362 82067 88970 23754 70944 16112 84589 43207
64528 39874 74756 31032 7314 57980 546 95199 73299 40093 44232 2668 1309 51394 18519 60317
21291 73086 67607 46567 45196 79940 54848 59590 50294 58152 52618 88858 70322 65250 43716 87181
62381 29059 35675 73521 71575 10610 86730 59539 15971 16767 69407 13706 58251 20636 37637 18070
19767 11980 12577 8813 4127 95291 47597 9726 13638 21389 16934 44135 78251 5726 75951 86585
18899 6375 76527 63272 7847 9743 47303 35022 9634 44923 88704 34369 14755 45174 75833 13599
17651 59829 56919 87568 25597 88990 73909 70494 35824 70092 87680 73859 39023 178229 30402 65749
79957 33758 56837 82661 65086 20894 61688 29834 81273 53437 16039 22190 73022 230663 37566 74430
24601 61154 24436 94067 19538 53903 47192 60283 73814 19957 41436 228216 51039 62072 49748 73336
88872 19179 68534 42758 31008 34344 11146 79703 54120 95365 4978 58124 30419 44846 21402 46130
159303 55915 64681 72483 48412 53803 71374 21986 61108 25426 14957 14073 31030 23348 39223 25096
76223 22073 86829 44114 45875 9015 65950 6534 91140 78122 49581 10071 69665 54627 53812 79221
49259 66560 58487 16574 679 86366 1337 82696 29922 40263 45754 94126 87922 40924 10714 23852
46048 77924 33161 10870 10501 23550 95688 43462 72731 24941 20810 15514 18972 88787 71385 30919
52502 94580 31697 25501 26335 33976 55980 76411 83417 69752 56924 82960 58093 57492 84938 46865
95046 74376 40886 75637 81961 85005 94107 69118 40011 73946 58413 64719 84901 45884 178048 43130
83667 49677 76229 36351 57388 38465 66089 29407 87781 47709 85383 50725 8671 14846 53995 71091
47892 61784 40722 28207 70473 46974 80132 48116 21365 66822 67962 2986 3723 14224 59479 7134
17406 59524 21994 34676 19745 13448 30937 88350 72966 94535 30670 72637 82747 65469 14162 54934
27779 14777 77256 15699 51583 22750 29975 26524 67105 27618 4596 54186 32202 27515 17433 22182
52642 25435 52309 87314 76649 63900 31371 38269 75656 80706 18916 60182 197392 98979 101205 219174
11773 152838 32405 102996 155710 96830 33042 7218 30693 23953 96980 79622 83214 202047 246931 45220
197323 167810 99420 173849 53931 39967 99067 97753 96350 28373 86258 88584 49437 45762 55624 25398
70976 58264 89050 58861 43990 65289 45249 239218 81960 227619 89200 20712 77473 87897 16961 28950
220238 21133 40283 230111 212858 195133 89274 52957 211064 61918 218059 94281 226001 47565 62376 220192
159537 82569 194040 56099 79938 238189 60641 55509 157499 95016 24176 50397 74746 160443 20622 59358
211385 167223 26438 236884 207926 49195 31669 23958 65275 2644 2157 7777 93763 163197 89478 21352
51983 49975 91189 26663 42867 173175 211476 156179 70741 95631 72196 94914 90451 228059 66094 62614
64426 216210 59441 167608 36498 33592 245721 53099 79958 64784 14591 84213 190727 227862 93499 19399
32486 208360 227018 164238 42883 93577 35471 57691 172020 13494 183788 159599 92311 67721 6935 61776
15735 228657 156245 17804 83353 182643 30354 37244 44394 179787 56343 154573 177025 94391 221710 239546
222458 203055 27789 10599 154191 90165 157385 32057 94729 85589 39851 48298 48624 85305 79334 80371
21493 183047 65918 72537 41566 233910 40948 201012 185713 72307 72316 185050 94106 66716 27133 93538
39327 52675 61374 8585 50862 34390 65740 73604 29603 78808 41295 80644 77260 91966 165879 27391
67558 55258 230803 71046 216577 88855 47188 166960 226929 65023 234346 236230 21627 70896 193336 77521
37674 35167 159702 30622 88387 166451 178895 10547 90817 86687 18819 44749 164807 72788 91293 200979
59810 78577 9166 35432 197209 95579 179899 44943 54143 35201 82393 162548 80796 32301 44096 68261
94121 50045 161910 53926 93789 225731 40970 220457 32840 28329 60151 228783 175056 154236 156177 88805
29605 17922 81338 185570 175672 179258 160907 11178 165765 186946 65443 49045 24011 31077 193004 195504
42032 47909 28231 213591 26400 221636 9106 61012 85348 155126 25683 197651 193650 26330 39948 69749
62889 40914 81593 23084 180038 49947 94200 211530 66346 181387 243352 219026 162906 244311 222796 84956
50213 154420 72269 177351 181548 165853 183216 239411 83915 228564 19812 171753 194638 183724 50869 45925
182383 152220 198719 202631 21987 157290 48037 92588 33150 18571 224499 174855 164817 204473 42718 51010
233969 91204 90375 90675 232596 57767 87003 180497 160481 89809 219342 42097 56391 244941 59154 92921
6932 88076 225511 241923 85226 154330 32401 34208 148292 148330 53206 215956 72246 58665 185026 32188
80213 225775 86278 176906 65825 95444 68535 85829 65262 45731 33176 66873 45290 34955 237322 191009
55491 201854 61040 46506 95455 77424 244926 72182 59330 89324 37509 82309 243013 68570 94892 45305
85470 39051 222113 44514 40427 86651 82026 79069 228661 87058 79343 6294 63055 166944 148480 89389
157715 149811 148733 29779 148937 148346 29522 188292 87915 54226 62722 56920 160617 177483 35004 43855
53954 81012 38669 34566 182697 86129 71542 204046 150550 80409 148316 149530 152350 217980 68679 150461
150084 149024 227741 205014 148907 22547 220228 148315 174200 148486 150738 153737 21596 150446 152585 151928
148361 167284 7952 60044 46059 75138 52548 59976 78841 75722 55363 216992 84483 183887 38815 91465
65818 217913 205565 83500 39805 68973 52325 28757 50610 214929 155415 68382 164488 91572 33897 213556
72898 156168 80974 39535 48118 94049 58295 81282 36095 49574 163324 82016 195295 156930 22233 55146
7512 186292 22639 148666 150163 148833 46134 156473 53403 156898 74987 203899 149207 234543 24696 228477
181459 182675 149236 177204 239761 84342 44865 50596 94708 65819 93376 88167 55416 46461 217666 85636
17528 15186 206840 35568 208954 62665 46165 231219 76668 51830 196457 10513 16096 59424 161590 5932
67866 93190 60948 234924 7513 76447 37517 73564 41741 41013 91994 82170 3452 79617 15103 162381
243641 25005 162209 221986 152446 156023 44538 222669 69043 8738 86822 81333 59179 196665 65953 79251
36558 173676 20597 55245 83365 72309 218373 177218 52587 224734 39679 80381 92946 25309 244758 75272
76011 167073 197510 228671 190371 62459 222112 225807 50258 235592 69711 13100 165771 213137 2240 76930
167111 77072 18665 89788 21029 80516 80797 87802 25607 241326 37105 37609 159235 39830 36507 18109
27063 78581 49515 62769 75126 200785 75060 195976 230280 75568 204014 83724 211120 16950 94137 79231
150120 149112 65566 63318 16781 2401 50637 226174 95267 92546 94282 78775 82442 88326 29919 52150
25532 180675 29390 4513 48032 94387 93510 29755 49490 51664 148979 32375 71493 163025 222244 141091
108857 97244 233364 89276 75639 58330 99744 119067 96623 96041 102979 195104 203051 197876 50918 58455
64874 60076 155145 22210 181652 93851 223665 231306 30424 70070 230037 79607 88893 70127 62144 90291
79528 48934 48723 34928 16263 33502 46388 62781 178350 75836 73823 36613 5901 56146 89290 33357
81795 53418 43671 29838 71950 207379 73528 235896 92785 75651 45665 76931 29082 25762 48350 216466
218178 166596 27445 16093 164033 227073 94031 162759 90387 159183 56492 69986 46960 177779 56712 55317
46024 84108 174970 188459 30342 44909 71480 11676 182470 215050 245601 207849 187269 245098 37953 74101
193233 2405 58428 236461 229363 88492 88271 90647 57040 168914 54576 204959 43162 17155 63535 75181
17866 233765 33721 87306 54391 87998 94042 208643 88175 58078 77469 85488 47116 175185 207869 83709
161816 56322 31345 51052 45093 61555 87189 184911 10135 86087 46592 191673 60989 214714 224877 40382
80759 23494 52139 75362 86856 161427 178840 202394 64870 225441 53174 231252 73225 83199 79729 206518
58298 39117 41268 85235 165643 65906 183175 24778 184074 88353 62490 36570 29580 216041 49240 182389
53556 52509 60585 876 5377 66245 48857 69529 236935 91787 86842 150547 107755 108114 198500 97845
96415 46582 96996 96771 107701 96110 99718 96012 96168 180494 52263 12451 96029 97170 101193 104336
96715 40787 101124 96592 96662 96219 57938 50766 98983 97612 88327 85999 96822 96753 110449 97337
96275 6291 97159 100248 99825 107696 100383 99315 29184 99840 107749 36779 51972 39662 220762 70302
83735 183420 216131 32890 47956 241729 218990 238945 192609 88000 59983 77306 76200 26391 94427 2335
165847 199030 86105 237960 233222 67383 203118 26267 24070 79963 90564 236022 45219 237959 61954 198722
162182 233433 176900 211375 26109 211790 64371 238395 206788 202383 187543 212767 229435 70603 185165 66678
43482 52447 224935 39372 228589 238911 192351 49694 245563 24925 19782 173854 36308 174154 50647 36088
221274 93401 55256 90648 32353 41200 79606 35193 82118 42693 52439 19098 71506 85537 27800 78506
44043 202363 228362 198254 190463 202967 192699 162405 225082 229607 153646 72827 85376 58100 83691 45426
84044 76895 21067 14360 198427 74898 61398 228368 82271 77241 72689 175930 63590 88865 75675 67759
74606 69010 228749 73367 20928 198747 74524 81983 88342 47856 80348 19744 233749 32456 57628 63156
89428 239334 16881 52417 76312 26664 47822 189341 55670 79156 75069 72810 90135 57503 33097 186737
84952 49768 20437 88219 22015 164181 84208 83356 55586 56077 82219 20650 167274 67207 38104 25959
84388 89992 1851 55283 38908 191106 92653 9113 47538 68274 30485 86082 66110 80537 78498 17088
59314 50772 59546 162464 150649 164621 148461 67723 38265 59360 33177 91687 198070 243382 232188 188294
11123 74786 166870 203500 156505 11381 156780 26423 66808 221601 62736 87907 39890 49785 74077 51487
94360 52440 83001 225246 69671 78241 74463 224624 34759 12981 63517 210770 33132 20419 200421 63290
75120 243253 66612 53209 204043 52669 64054 90942 67047 50864 13367 38790 68367 50704 78001 91742
190608 41243 86629 243739 64916 98205 132516 99313 94462 99716 103269 98363 97975 96385 96839 97145
107719 54542 55976 87357 96274 160790 163071 42048 154352 62673 20019 23624 56876 2067 49251 30389
10820 86464 211197 67727 59960 65123 92212 12032 1939 180872 36523 212174 191047 68776 67966 82689
50659 167982 64003 164338 52658 95553 2460 158459 61104 82724 24321 52895 88734 182326 233399 12447
92202 61611 78284 81383 164840 30849 34238 152954 66179 36518 92635 68650 8182 217919 237254 44328
55012 78474 47509 93016 240676 50554 72834 10670 46172 46589 44426 53834 52916 161480 89090 15681
93274 37876 83478 65276 24615 176872 91857 4116 94784 193566 84023 190651 48173 27722 82194 204155
172524 84831 67957 8870 76760 69860 47740 72037 19750 180798 82777 81214 63666 208583 91733 41134
47209 65691 78413 21557 56620 41660 30846 83243 51681 91851 78072 30818 214465 94499 84179 198870
46893 73729 61625 36865 31000 22623 163910 79367 72801 93558 38208 91803 54834 92270 31110 66515
207181 196607 71486 65090 73366 16076 202115 50059 85753 69328 206469 93456 67442 88210 171018 81867
91287 27464 17859 80793 36743 87380 31774 244180 32701 171059 226095 166579 236607 38475 71540 187741
198547 5278 69111 37577 41880 39439 94655 198759 63544 33402 243902 90814 63758 161508 35850 70610
49449 60228 190312 157085 185745 156556 54208 63814 48663 64124 71600 73554 179620 45039 55417 65383
74246 192021 220057 98821 171574 247393 96043 64780 89360 233075 46635 229901 8267 84636 87250 173300
31393 11923 82901 76205 73609 86923 77246 238877 208452 55562 192092 70065 215762 82812 244896 30866
41552 48196 73822 39763 87571 36582 35357 203534 210118 84268 67296 19057 77295 68297 37394 210727
55749 61653 245038 91256 78471 5446 88763 47648 56527 50802 15599 33896 212760 41049 58448 59731
39915 5720 24736 215174 29804 87701 7296 73415 161707 220421 91215 47024 81570 18585 85030 95573
183668 179343 37280 33867 33530 52644 185504 83407 46132 41305 76326 31794 25205 205303 44121 95589
34743 58643 78237 197741 159751 204112 60211 54076 65841 36081 13743 52055 243643 200914 52812 92463
158496 57280 94434 82420 53940 183991 10233 13647 53328 42282 221060 80545 53767 183012 156265 196264
60875 94392 22042 5155 36420 73721 170997 25699 90133 52518 59564 218297 59979 150866 149477 40294
152042 148881 60959 72650 221046 67485 54995 44477 205852 84844 71139 95709 24969 30476 63140 38093
231431 31767 225069 17016 51584 56861 173038 196499 91432 89896 192972 183107 51415 72498 54619 41903
50960 24294 21611 156983 22301 36633 200401 5244 87590 236182 67979 160828 51499 81371 91604 44962
77929 50984 88695 89502 47661 246154 19609 200908 55622 87948 87260 44622 58043 70598 84519 63755
31625 37320 30780 36120 162046 201405 243574 50695 93699 23077 39102 30762 52348 200049 53080 93117
102942 95938 97249 38850 9123 110174 122935 223915 218979 152390 164578 152553 148795 214892 149673 204645
54222 66863 57098 75218 59719 74261 74275 188121 23576 87290 84585 241940 85031 206565 52647 154087
22137 76664 69734 1694 36485 67390 86048 220093 23043 90960 241901 27216 239552 65574 21953 186830
245362 49847 28290 91220 26773 50277 60705 44449 79300 65764 80269 162264 78671 241986 149513 148831
232173 203260 59216 56312 83872 65981 76628 80642 81141 93633 67662 27549 54238 243829 60112 39274
74982 54826 34754 42534 48662 79735 25865 61737 96421 96717 96144 109620 96313 207411 58187 39247
195441 10464 187861 198639 3275 76742 206817 92387 81405 176005 78851 76202 20559 80954 228636 16763
11802 21785 12751 7422 152657 60659 92647 241202 212164 228262 16669 157463 155908 222345 219813 72411
53255 171784 63523 93265 85873 45199 217569 14516 73018 211358 34041 94525 201273 26430 91225 12739
77545 51533 80723 49884 41640 233522 62684 163993 235022 71818 14578 82951 58867 25035 51594 33137
28845 32505 52419 40062 88698 16792 62476 32151 39058 244230 54003 95418 33856 76692 88781 68490
182157 34070 227761 37551 6461 165472 228361 48257 72872 69590 44359 61489 83073 238572 18878 59070
17453 59848 84191 12915 42356 3458 49381 76928 18603 163364 221130 42478 66672 89884 68120 167326
73674 71239 93074 92760 20071 66852 73343 36550 27257 189406 77214 181759 86106 82797 51522 75386
91317 210530 60284 73632 170888 78427 80757 57459 85716 33279 37118 43456 206757 72979 20861 58363
36704 46687 65680 53775 157486 9022 81827 201365 79307 55155 25008 77735 31009 76301 6318 48234
199126 189460 201977 91119 95377 88421 33656 8215 84560 29760 44541 223285 192306 24871 149132 151339
65435 194666 8974 61883 86262 220105 4647 69836 93824 76897 66205 39613 36595 48454 90344 77110
59978 92874 86098 233272 153022 95231 108215 95879 141839 60896 197951 148590 152787 96053 99422 151272
148408 116685 95856 246919 96247 210709 126979 199464 152646 95883 168412 99731 160417 150517 160013 138420
162329 16098 152324 151136 174029 149896 239784 201555 226903 64680 162674 54107 32686 56289 70615 27924
48380 87755 212286 28267 74132 36739 82604 12853 84290 4743 230638 38404 10358 37090 64880 57169
59484 163780 14063 76038 88719 82822 55928 167138 96301 96102 99045 95131 60200 35006 234536 34985
79333 20291 148415 155487 171622 26787 175903 75657 61800 61888 77681 41300 172065 69388 71282 71173
36998 28710 49333 82891 71154 81235 22209 163468 221080 44395 180524 41224 66446 77229 27488 61098
95202 39440 162279 79106 156698 198695 95266 182460 91807 178349 218454 230130 62850 25916 35572 185406
161075 37917 58718 43501 10427 186914 94644 60663 70143 68723 38877 67426 74899 211719 245808 19144
38238 40473 74951 49180 29846 26081 182047 30013 159879 15237 149225 164709 224263 160950 48880 23829
85003 66689 37482 70724 71909 68761 61060 86913 72374 22714 78239 47936 42050 63940 80751 244476
50239 80480 92958 56046 84262 244915 210283 188899 238265 25635 95534 27461 42604 66490 55688 79250
93976 193722 51309 81643 152510 216845 27368 246386 209861 212532 73868 15261 51865 27100 35220 40145
23511 192560 70269 43705 68816 14758 71733 53469 52852 18428 53457 60671 56815 84922 77251 56085
161274 203195 48556 157519 180801 231244 33879 42076 1823 63414 71925 30405 48398 198538 57579 230236
163893 181115 215440 78399 227155 164753 72399 29521 9773 220567 201949 74672 76605 87120 75746 18061
61248 65615 23292 51807 76440 57969 56412 91383 81386 23399 28939 181973 245346 75873 20092 30853
78188 39127 36436 60086 20337 57506 87838 62677 40601 76732 47198 34525 37500 214340 36764 34607
234861 165313 153872 160690 197682 79542 89800 152412 174172 217831 178987 158936 74928 37568 224357 148916
95440 199328 148638 151110 207550 160450 205802 177897 61560 189499 63632 19073 11373 158436 171931 78291
21488 96092 96186 25769 213476 84328 203855 30845 72071 73587 50391 88534 90424 68314 59528 94733
236526 229989 211805 244468 43349 231292 196692 196532 182112 224956 84903 23440 93355 30051 192711 200982
92765 223122 53461 56851 66501 202078 158679 185710 164734 206664 93353 25803 242540 47529 217171 169943
50994 39298 168402 52503 195357 39660 31623 29721 35380 155884 79305 67429 53481 237675 218650 55593
174435 206893 65161 178687 45772 200016 41193 196911 223178 88683 167785 183890 6908 204581 206642 171520
33529 208669 56874 61665 27411 690 184453 36796 78080 48311 206431 17330 53537 71497 220680 186491
243748 221932 219248 41759 59161 69607 87361 94537 214109 93901 61272 53477 159152 192406 208707 73757
182705 84050 21999 186575 57367 77080 73774 228343 20765 50576 15637 33275 175513 180108 62496 70508
55745 46456 72369 63235 166775 42381 92910 202839 20057 24616 48003 47535 60103 219755 48578 232371
217562 46832 89334 158417 44079 45889 218821 78085 234713 224769 199011 61615 195597 201149 193372 175066
168245 205012 173906 174179 245182 36286 56106 218313 50547 74879 220961 163341 59321 78145 75928 41897
209951 244039 173894 58091 237390 14667 189681 59747 85516 73159 35597 243518 191551 54594 204955 85912
63790 64879 155140 87632 91408 232001 89483 51223 69070 50236 72453 160103 207956 85965 195522 175204
180359 16663 226224 31576 20625 20325 245982 175854 82612 76409 36762 58704 24301 50979 215680 55154
83961 67970 4328 20287 45396 47864 37301 83465 73579 65856 34993 26103 93899 167401 59311 88051
92402 173968 36020 7717 91499 92293 234918 69462 45506 199046 153054 79467 211315 77442 162619 61197
84393 51929 60377 84147 89677 19617 237180 68828 84771 190725 185976 153611 205132 47633 85484 215258
148505 16114 71253 77502 41857 25270 84786 18586 93930 49943 43639 32186 186545 203573 94225 40597
70158 63390 67302 66256 26619 48854 64126 58846 63274 90422 47851 242100 166997 59616 217030 74846
21912 20568 66026 78740 19339 64083 63889 25938 183526 210730 90346 36218 70107 239526 12042 64450
72685 216063 90095 69106 26607 193381 148367 14942 149948 235732 7721 33604 93810 77071 241643 194281
240135 57529 205876 149742 80936 31046 195291 162437 217266 64490 216434 180778 203326 80726 158555 4753
35858 196856 20383 66960 49356 216805 61420 43535 72006 83767 17017 81996 44380 15564 87617 73320
75244 28433 44216 77453 711 94850 83756 42296 58498 12493 92973 86935 38902 49506 49483 29154
80370 215891 56179 72717 189452 64986 161239 24357 197781 225774 236034 193131 212393 69970 66703 92068
155322 214434 226526 75869 214336 19002 167852 93237 95296 50408 150252 16785 44974 43877 76021 74005
94995 23689 233384 50628 39503 53584 82091 16737 49624 72518 74501 190824 52785 93413 89581 219047
39730 36978 87040 90066 24145 92559 163043 208756 154099 48180 188913 56351 200883 192601 62216 201123
186421 42146 203749 22272 178867 189239 226911 179623 186072 84565 56390 70955 211323 50487 77643 77401
84318 62878 93861 189220 215812 222794 40151 75526 9833 53103 72618 82296 207678 78786 191042 52267
198710 184898 178490 70151 64045 83910 41624 84461 40542 85964 76556 34485 27127 93627 68423 73819
73740 85293 16857 72069 88988 164869 159071 37620 30732 86341 199283 232097 160891 187859 246684 209702
57424 81744 9161 60397 232548 152932 46719 85745 82212 222422 184998 68001 94642 205593 34896 83084
189333 185419 67216 174818 244225 224092 175570 93396 165776 83805 61648 211271 94746 71167 92590 85584
50834 54646 70377 6344 62403 84528 50150 84171 84341 76408 90167 21208 62530 165230 69549 78150
80039 209552 55164 53076 36503 77354 93420 79935 57347 68791 6772 83874 178599 73851 176943 37412
245128 51868 36714 21905 85531 20805 9554 80619 245889 192979 37145 94184 162665 72929 90193 65462
228524 159491 187813 64637 195300 165093 198917 225387 180282 234330 94673 221996 222005 63549 33106 180398
165891 65970 79443 149644 148279 66050 170448 203005 148537 159625 149537 197076 78748 56062 69888 45813
175827 213688 87386 182695 10689 7486 239524 73754 245943 244387 33255 39580 24068 149643 65766 195056
194167 20602 63326 168362 81001 182457 25979 174176 235582 73319 79205 64559 68093 179507 233500 212103
220799 90842 68796 17627 42810 60062 59879 162451 42005 35417 84544 19837 56360 72341 52595 42838
202096 92694 69534 47335 13693 53003 53943 58175 40182 245347 93007 85312 188791 42244 83508 45856
19493 58802 2620 88397 62090 65307 21909 56640 85878 86340 52302 88250 75611 48847 54906 70398
54830 81257 26924 9245 90532 33665 81951 4495 207972 91087 36778 95849 100276 55974 55277 94842
93593 88689 15994 195514 32973 33626 91249 54722 83908 93974 76141 80920 74347 47613 58032 186721
82763 234091 77780 93986 84521 69593 51873 10989 26556 69346 148971 51240 81046 90426 87202 77591
73749 62135 174910 95185 93766 52996 210662 7061 66633 59342 84599 60417 62831 24520 74258 16817
73429 7050 35341 30232 37845 191523 24040 58342 12790 171069 49633 82273 33390 11345 18384 75615
65016 90552 6034 76896 81335 94349 28152 86088 13958 185958 212749 72355 66104 69673 73746 87563
71425 59644 45333 5543 188261 49497 169968 181013 6055 184609 172339 176193 44774 68456 188775 39319
41856 59201 1571 242996 167024 17251 32192 246356 161157 69483 164260 203282 71135 44447 58986 53006
8304 85853 159202 26444 25668 79019 206602 33035 37106 86466 22279 25945 92680 196095 234606 39887
235839 61220 63849 75156 69260 33379 90557 78907 38502 180110 83094 218235 190665 41518 88949 37957
35626 79348 69924 163218 158723 49683 179909 221590 27105 46215 75681 70184 58069 229219 233177 150705
150087 160211 164351 151726 190393 83033 57037 87462 47082 32547 55385 193309 90061 208653 92017 94210
70599 25357 42087 56271 73944 73585 18171 239735 213454 232827 196198 2753 31488 45575 90554 3635
12007 38798 70865 183840 227190 54778 207298 64757 54550 196638 87014 245385 45849 230277 83458 70497
219651 45399 59813 62378 97165 101306 197827 84059 66602 21423 94576 167157 40947 192012 82450 204797
67330 94658 219816 21271 51738 55599 29150 55481 69537 85568 244883 187276 164356 54623 37186 78079
31539 23673 24875 47459 51221 87108 167868 70623 19625 188023 61722 161544 165089 227614 29774 239876
161824 54707 75856 49660 55272 75704 23210 202083 65187 45295 40756 156102 17905 245787 167164 200647
90841 88666 26694 237950 152415 35634 205659 192297 64592 22197 187168 225280 201457 219085 53885 37093
159314 40625 199982 89053 54368 88773 49944 196890 10317 27207 57750 86979 17063 28529 99893 90231
194072 201308 247711 150958 96862 161092 96105 184760 186929 9347 206546 86609 66133 34954 73050 31441
55325 45756 183438 72903 13729 82890 70712 217090 53534 25955 83549 225391 187879 160102 236352 201160
22529 62645 244960 76430 61464 93823 60005 26828 56454 20328 50775 61241 43466 71873 45022 67308
82003 62940 49196 73428 64902 65371 80308 50157 79145 83893 55279 37865 66081 79563 64141 49480
197164 93815 32640 43659 63402 94297 21392 228391 8629 34818 71765 58518 67259 64544 241783 197569
7152 63502 93049 217190 201827 27728 74155 28326 88899 195121 31499 77980 22635 71351 35223 47557
217032 94132 85741 68902 91824 88693 50522 47746 47941 11699 45119 45779 63646 94039 22784 85800
82690 77480 40772 88797 80169 13062 55844 39131 72317 79509 73639 88019 94176 16340 234393 49418
78563 94626 45095 92777 80484 6049 82044 45518 69219 77861 180094 3624 20172 240947 44400 217302
64103 214551 92469 43768 62485 44848 186891 242882 12531 84182 75313 58009 238987 53899 79886 86983
37749 77297 36096 70420 214447 53000 70787 41678 61947 45629 56634 60879 56404 95614 58453 163206
161629 66006 157859 201737 173206 233743 48898 85358 162174 153468 200805 172312 22772 77462 1952 157360
77820 161282 159130 56800 187928 27357 170693 193730 228348 85059 212925 159948 159317 163512 164936 61766
196040 219384 245462 9185 91379 197366 28232 61158 93682 76092 48254 159053 91889 89599 52445 242476
95491 68238 45874 66035 90595 31023 60842 49524 85420 17547 163396 4333 238618 69097 228272 30639
3532 199203 231010 16600 43686 19847 24636 182207 49137 202790 72430 207865 166927 58803 40248 94209
19237 65567 45150 185825 80705 93761 38897 219560 212552 155535 85955 93530 193825 50002 32708 51446
76470 84080 31374 65931 199297 198002 238266 17911 211710 208431 221761 191240 150999 162074 156334 205470
207029 32269 216537 201497 15149 59438 17136 95307 58890 56727 60385 60852 13723 62624 157321 62783
61518 208709 61522 160668 239582 80549 95548 31837 187431 49720 63422 64350 207085 30317 20853 44569
157873 71549 86068 171938 181938 177967 156901 95684 241932 67634 230149 80077 93992 83159 192243 70493
234103 63112 227667 54843 203128 74485 173113 81616 242387 246069 69286 198198 70602 217506 36946 83378
7702 32232 61634 87449 43449 185779 235560 71900 29147 91106 83984 56710 56551 16057 40918 50625
87320 2584 73195 67693 72130 232735 67734 85098 53929 76189 93136 24731 47911 71947 14190 56679
221115 33479 91444 44407 211771 14551 80657 65096 67982 81748 166087 70927 35055 33919 214743 31702
79295 49852 61289 154705 192405 63131 27641 74825 43132 51507 84743 33985 31823 90812 6956 30888
233312 52534 46896 205452 76584 45937 75982 51484 72937 95607 74313 81068 60898 89304 70504 95701
49283 87891 74829 28796 70044 47674 85058 55716 95518 212094 56747 45306 181394 91135 15869 91368
71287 78738 159567 40773 5798 39068 187866 76166 206877 185219 107704 97392 96690 151430 172659 177911
28019 42774 238814 86953 56799 26045 51777 40739 46796 63399 71348 51110 66097 69363 233472 53580
81613 19007 64982 47752 68601 36830 204500 55386 52003 151503 150792 152159 74088 85795 26730 161361
81626 89106 33151 213518 206921 91489 197597 191751 166019 40820 91338 17579 62317 84683 33444 168863
16711 240672 153686 206057 41004 193101 68547 151680 177558 148344 233838 164172 19054 240423 204663 212256
173273 24950 149063 72945 66423 231799 75621 44053 60461 17578 93249 79689 49883 35362 75147 55776
69298 3207 212688 68506 64431 89917 166707 244652 180357 35284 49902 22390 205946 77086 91610 73168
216402 69992 198125 239375 95554 219430 34366 190711 217385 198497 51572 240520 170572 29484 189310 77523
62576 179326 62021 92881 22178 180713 85848 205270 172924 77503 32637 229051 173740 228578 196714 64667
74317 192672 206090 56056 42957 77392 86358 208651 87750 76155 46984 33190 70135 79180 58020 93500
163307 46202 33837 52609 61919 48323 83224 38298 85109 49599 37644 163715 242819 92420 43440 52762
244163 37313 18851 51668 63087 238839 229294 240265 89417 21298 239774 72324 23005 74432 95936 103226
102483 152433 73670 87337 73235 68455 199139 88933 75236 23960 30165 218782 83280 197013 79817 54595
211936 44921 60834 37630 230862 81254 55590 76807 74413 18540 80840 25436 52879 17682 78189 48948
84372 70914 190804 88778 50796 74452 82799 180023 92538 84000 56533 203746 36056 12959 172341 198372
178124 55774 65586 194582 61306 165798 41736 41250 75472 220976 170057 39676 40170 48565 20775 176794
164180 42287 91339 178266 88104 92145 208492 31680 45689 47747 68579 193649 11903 185977 205627 41345
54152 30018 91845 59268 50600 72306 223620 172136 181458 173507 171278 149511 193467 171976 170414 174776
77326 84216 194126 182177 221480 202010 223703 16195 173521 178375 89142 195769 8781 173398 177082 157312
211455 42725 35063 245221 48868 212433 240259 84718 181022 80225 199987 210218 25072 53476 80959 41118
39057 43044 201413 94201 26713 86757 38727 91334 67780 32082 204391 189373 30321 64163 174518 49676
25981 188528 233182 51262 64366 55078 43257 160463 192771 213441 56779 68385 199562 19035 23534 166892
63975 53053 72853 77938 86002 72850 59725 2300 81641 179493 221776 167418 40728 195482 75548 85807
161224 74699 91034 79833 74279 60587 24808 24750 45777 77161 203176 31061 79088 94005 219965 49816
21470 43298 65343 13493 90364 74269 59058 84881 38444 44613 67880 61218 79130 59033 14105 39650
94230 46623 54811 65440 37760 220766 51629 77466 49041 37150 27609 38692 81341 66511 186556 167823
17727 84957 242205 84198 73145 60434 240675 53498 58442 75980 173089 172391 180125 171945 178955 198169
150010 82142 184473 172650 95433 61739 27612 231064 219232 177785 55667 227991 162193 30266 90389 51163
72826 13487 211474 22563 49018 88052 54603 87133 50549 200669 199703 92062 25824 42799 72780 184182
210523 203420 70931 66016 74416 65378 219984 78054 207464 212683 87821 191996 71365 68091 27791 66856
26422 81122 24538 34290 64437 194323 82616 61563 186785 66804 162650 60045 55672 73338 42648 164489
39509 166623 81249 58299 9285 78731 92002 57143 21793 206461 44034 201455 38615 89994 32132 76041
94512 197378 55016 50447 74514 20278 56257 42044 75690 167620 55814 28560 51068 68437 191707 32018
165120 32212 23934 10262 89260 211182 227661 208113 89133 7781 194598 84841 233466 22995 77956 31318
19487 51165 77145 84955 64100 82897 42916 47970 10961 71095 40255 236651 82473 93449 187737 210027
172857 51651 92697 44178 181502 76080 59053 90866 148566 95353 57618 208307 80281 57490 24841 91853
94180 43839 54660 186672 33409 39333 203742 89637 7747 59631 13447 46654 233530 55401 220823 39726
72417 23876 89723 25787 47720 84649 195372 23616 87391 91564 95990 97211 237467 159182 69875 219006
155334 86610 185943 206891 233003 171598 209608 241358 210367 90630 60791 194830 173526 96730 103151 48837
96254 97066 113686 159406 53877 76120 189375 113481 96193 233848 36926 68879 69171 96992 97262 97541
74549 107874 159846 158677 85772 161572 165446 215870 185287 71478 44270 63986 64443 11022 94484 33808
191637 86362 90483 163212 37330 20903 16291 19689 31176 202495 195637 20882 178616 92867 180037 176526
75993 74480 65354 27716 5277 69254 21697 235549 75641 152298 161210 80362 83064 84794 53857 59051
94597 197163 164449 246720 65230 62121 54686 67561 10874 42398 71780 212224 23858 150479 55389 153761
152009 148276 162570 11777 30293 212840 159447 161637 150324 148856 65065 149691 156864 156812 57439 94547
60880 240548 232224 183610 52352 63622 48365 48560 166272 59494 236454 171089 170115 215051 181858 184000
58630 71689 73642 53666 48791 81351 88759 54968 162391 84170 31884 238957 64857 159574 170812 77611
75137 55548 159220 55592 80021 92822 240003 33080 75398 10511 107766 98528 99605 201468 54262 51193
26279 56726 79431 81878 62524 226009 52094 186901 56407 183660 161592 57822 75348 233531 70306 77477
37789 84321 242738 167021 77904 224101 64228 199830 88664 95412 10410 216594 209097 61169 44830 225389
84753 27982 41623 61912 65106 55753 80688 11869 70880 68583 185640 40247 176914 75371 89852 48495
44377 5266 11664 56991 15075 29698 78524 62996 35656 188050 200508 154532 94659 31146 165928 236067
179403 161964 167075 77286 34971 71123 59535 72178 79218 31646 27282 213382 28597 179254 161063 86030
48534 228734 55094 74460 39436 241155 72283 43556 231302 69857 200420 88686 190746 226059 239893 84595
219620 36258 51982 71591 19905 101351 84631 89859 168372 73621 93343 18339 86532 227938 95523 88163
64735 8864 78455 240559 205485 34602 53758 83192 73476 224245 165286 2889 32197 168292 79999 59648
52531 41962 78230 87679 77772 80238 198105 55349 90896 47234 69624 53292 80149 81902 91950 67108
72608 76517 56449 85609 54614 204151 86302 70028 58531 200791 72312 240538 67031 33737 45778 24282
151753 173938 191981 239004 56534 148738 179240 169450 195106 212755 211004 242298 179694 50982 44903 212544
150266 235357 221992 231827 172251 197837 50824 161930 177577 96970 96196 95921 97945 150301 152525 51279
199698 152792 159922 150228 148474 148988 169197 49757 227015 149661 48650 242285 52033 43080 67152 54558
176706 207766 192763 148936 175578 169292 210674 148393 150643 75592 80386 88594 180835 55391 237883 39860
26261 210092 50654 20387 242238 222963 89013 74813 193828 190971 102905 96223 95841 101158 99025 96212
103008 101123 126228 97831 102923 96443 210211 30967 97199 95810 246922 240484 161054 101314 99802 96578
246977 104139 24015 215056 213132 18128 96240 238752 100412 96630 220570 105958 101440 235245 154804 152255
96510 107871 182094 8437 39537 25211 79155 62927 87523 73411 56094 222214 55963 67582 36279 28527
81096 95524 38020 21741 3245 17781 25323 66272 86474 5234 173682 46513 148338 92199 80206 43725
204862 165553 98721 47034 96306 97653 96480 107670 101150 94887 99796 82307 86703 99019 97952 97363
118908 95835 27417 97592 99708 96675 99276 101281 102976 99798 95894 103443 99335 107707 101346 95995
96708 97315 26721 66024 100415 97020 108027 97468 95909 107710 103157 100291 98506 96453 108234 99761
95754 97058 97514 107814 95901 96194 96273 96743 98567 95942 96433 98371 96452 95945 96087 96427
40147 99852 30257 97609 108270 103148 99090 96652 85253 83899 58613 51607 35654 25873 187425 173363
32305 17402 92992 74293 65984 20515 50013 60128 45455 85231 234896 48140 80873 72538 43881 4371
56704 46268 226367 244090 235833 78969 87281 89356 84852 88280 224716 160356 212718 214452 210961 92687
84847 201388 237114 79912 28626 56181 233015 95050 57548 50742 84211 219798 66099 68066 50879 13123
71332 85499 156338 71961 51907 71364 93502 50253 68171 66686 51756 79715 31139 59244 47815 71524
53002 83307 88448 64517 61260 39789 26792 29652 34859 39493 31134 90072 76998 92018 63143 91936
1507 66263 219137 73136 233632 53233 77273 44170 90914 209987 166137 29380 55022 95052 29623 91644
95178 43453 37391 17678 240389 73395 41844 53976 38878 27306 46242 189638 201593 47191 39960 6678
193706 42091 178107 202032 16129 90871 30709 46016 38122 78468 242949 24788 8325 210323 64304 221740
160176 7893 8496 173775 79508 175035 204189 191404 86408 198401 67206 62998 65321 173016 213769 46782
33085 189831 69975 63089 87152 66749 82217 46674 83777 245082 87530 75955 59218 189485 38009 204818
56140 72851 61180 90958 71808 208821 84140 232857 83616 38119 40439 69721 202493 77371 90005 37465
79711 215465 159779 184461 46701 77577 81544 83584 69266 39474 73640 71790 47227 73051 206129 17293
89721 188942 19022 6468 176797 233397 48179 176216 165554 237694 237309 93495 240131 59711 198000 204233
188635 210857 218338 187787 64361 33977 89244 196177 84759 45767 82885 73848 39702 37507 9764 36415
95338 25951 18304 83935 89300 60915 79161 245132 36278 91472 56155 87730 204871 189424 91157 65924
164377 246220 30625 83151 37293 201330 157898 24160 77988 35611 48571 160188 63494 91494 218458 219072
51481 54612 55952 68697 83475 51186 1914 34402 61243 74426 41014 178723 92791 233594 73485 20423
57879 190349 214196 93248 22554 241045 227755 48450 21842 75073 95664 66213 8247 87212 66333 202992
35768 233335 57452 80419 83184 87852 55370 80604 66085 45407 86515 84783 87524 37285 78716 45683
32270 66635 80659 59413 82136 57447 60645 38551 38833 82663 221977 57983 52698 50550 47491 68619
81796 73882 22621 65675 54737 93564 31027 76473 54232 89319 182145 237954 36770 85095 192367 14866
189961 173326 151982 8789 41635 155511 71813 187208 74559 184423 241630 229829 210878 235255 234832 70668
33062 93581 85229 229938 5625 32347 77162 71706 204326 211381 91276 53014 167421 9641 54513 95516
81806 19994 201036 38080 207573 204898 149834 171413 161068 170075 176590 78428 81378 51381 175678 165126
93306 189282 163794 232717 211388 64018 27068 81221 159174 87366 26385 3695 72004 193470 155906 83996
85123 88530 56506 48066 60595 61630 233402 82409 187482 35738 24410 81090 31235 73284 93804 21833
90087 83557 57976 68524 45494 45651 26455 208040 58378 230398 89207 74102 52706 243097 47377 223525
20388 23476 220916 39767 66400 86324 31567 40615 29767 42985 90706 193895 93528 38189 67176 59729
93139 26132 90833 60994 93247 187156 221150 47057 153833 58743 68752 49827 73679 69539 38359 86370
58323 56304 90987 209312 90838 91237 86927 228901 174539 72408 66108 153464 69782 150256 62516 149307
226311 55495 65855 172915 77549 54566 85188 87528 238809 72447 64372 180389 189123 66143 90514 164463
173935 92887 231136 62319 167624 156301 165439 74228 41357 242203 155023 240334 178358 84716 184204 98105
246809 102435 217170 78032 91156 74497 79847 30961 42535 191800 171184 185417 49938 175815 82104 172378
56255 165138 82387 16532 66468 66861 37401 31692 67993 40673 43739 27685 80879 195066 229968 48040
64430 190112 241473 89990 74029 70109 170911 69528 79831 13382 64565 56821 188553 63762 83772 154495
90646 200470 13905 75533 47473 238940 188590 241552 89913 66582 172468 72923 186204 27558 44134 91846
204504 232492 182018 245058 48614 90504 192398 162223 58159 199586 15486 61937 39075 82837 208436 71710
176031 230298 240340 205405 192048 95057 79876 81874 92751 78522 209876 67909 57684 87875 23755 42833
92971 64950 81148 229532 9618 30215 218917 191589 156552 206962 187150 152465 91292 199683 148466 57286
165532 67335 184193 178310 77974 187334 193164 195891 76863 170661 244317 213866 7257 149260 39648 5538
242214 183852 192394 168097 195248 47069 212951 152478 149759 184755 23121 198209 30767 203497 53484 93760
26789 225823 51780 221316 86900 61359 55637 1460 153400 59356 24449 37662 19305 214136 231788 79108
86271 194538 187932 156377 80135 199231 57315 89614 50807 59924 237684 199991 56148 27270 71722 235200
22378 42289 83470 246438 7917 50031 62484 213258 4366 73042 173832 52795 42578 95164 90470 46616
232286 86797 71211 82285 61343 24739 161619 232129 61275 68794 78926 46928 90404 25944 87885 80834
67100 23422 30044 43447 95495 59847 224662 50479 43446 209638 80729 61473 175146 67137 36245 71987
32031 158006 86886 78998 36321 73423 7510 75071 66115 67393 65700 79041 226310 52429 62057 83400
72656 72250 94115 156004 77139 28205 29983 45071 93357 77338 29619 88603 90625 45169 5196 194112
228452 18896 31761 61110 211119 74748 21304 55418 9836 30426 94632 184352 186311 88254 39892 24922
35989 74272 93550 77555 241818 70025 240386 62742 62802 32403 49453 181234 28119 82236 64792 75564
78089 222685 52831 90098 205420 79128 183892 35669 68740 92410 201148 92880 241076 45652 241147 243535
174481 157666 238063 217109 227352 86580 53600 15063 230737 63382 35855 224521 84574 66116 208487 67594
85876 40944 69250 91305 53074 88708 50084 11819 21580 148631 148956 152479 213015 93711 9074 86591
200173 73668 55723 179501 26434 26942 151647 174617 87096 26648 5240 45646 41099 5957 85897 189702
231058 18771 90544 25760 42766 87165 157946 47274 215273 77781 195105 58055 196608 36033 212069 49584
243836 36112 192074 192225 3519 64720 209126 35892 50001 67087 151243 53331 87660 157642 13424 177306
66275 71010 192140 25447 189815 189260 74897 35465 70444 39545 186866 199406 58386 64438 218262 154170
171806 156462 163575 37610 181910 220726 13389 22549 27990 41188 230728 205596 81402 232314 213619 69188
82931 71390 74882 60037 73440 65381 52329 82404 75441 59280 43498 66408 85842 46810 162750 162282
69017 195521 85653 31748 38277 92036 58686 68585 207157 185672 232078 44700 54141 211509 50003 223763
70450 181623 180296 33480 78602 240560 73227 29252 54598 54190 72425 93518 72982 91274 185763 78365
19408 214613 85427 42644 18093 181159 15437 69952 82109 95216 185272 44230 43496 33520 71172 52867
214074 94080 61356 242115 86249 192181 245596 237949 32926 41085 46205 82265 34800 91767 93988 179094
217532 212615 50299 199730 76469 184681 80323 72984 28453 60368 57075 83330 50116 81313 24111 190365
13306 55510 192190 180423 216477 165655 163753 41008 83340 244676 244330 85521 83840 216697 94705 43805
12911 36206 157738 234107 195337 12892 21997 68100 209496 55065 172738 236473 159072 80324 58961 49452
175944 27426 203094 178255 15558 70475 89298 91093 163942 226382 57564 77562 34339 239872 26424 69204
7992 162197 27581 46534 24524 81654 52330 52925 88711 200240 26201 50997 46415 203612 231048 245320
230622 178649 200591 240696 66017 47384 67864 175970 78704 185615 190394 211744 36835 71201 92407 245655
88428 46420 34169 4354 82804 56941 89225 19831 84715 76800 76373 84969 65990 16816 18407 94814
76436 73624 21033 72833 89516 65731 9315 91255 64046 52573 71220 64406 17469 19690 57570 89863
86433 76506 90423 31964 70564 169056 169347 169134 169183 158815 144 159010 145 67917 154988 86016
158949 153102 169095 1486 169619 14945 65605 92156 21742 1710 169222 2005 828 24178 28281 68755
165 160 96204 55233 169415 151375 26986 7901 63629 3116 42788 150494 65151 62992 188051 89386
85750 68406 41067 34204 42458 27196 67896 27009 45406 35294 54095 214264 72097 87171 7804 32702
67422 80949 87869 64164 78576 28018 24851 81087 88747 17233 47325 52170 93418 49216 57207 63872
93386 24247 90465 60830 92661 30162 34253 55189 68950 51800 14528 63021 87020 30372 34628 62732
14348 68029 49917 189726 148675 57868 99445 96845 76641 36142 18105 69619 74137 64102 40638 14848
56279 58161 51113 73397 58843 20523 22702 93474 41145 67306 58423 86538 85666 33298 57865 95333
205316 73623 76261 38065 76907 45300 25126 41488 3630 80317 16714 91311 66203 35569 197885 64491
8692 82421 53823 94713 80844 19207 79115 90684 78947 83106 81582 20280 75490 9756 90394 83866
83920 83361 47182 75220 88971 54757 14997 94718 41920 21515 80096 26537 80277 54641 79021 45528
75538 69443 41994 12457 51062 48064 66101 53156 60291 29540 38111 31236 183849 24672 45660 215682
43267 88766 51035 34651 93090 87604 89696 46389 81984 77322 42859 77067 69897 52966 40084 48608
36816 78699 54693 40551 50732 58977 38555 89413 48798 52931 78105 10372 68550 66138 18618 51197
93848 57807 17040 36155 21240 57153 81936 36975 86787 23415 87433 26587 72859 70773 21507 45610
32953 76360 33296 92673 90655 54562 83778 72007 21177 12724 87364 36454 85657 58308 61834 7686
22594 47032 88912 12727 95207 19281 17355 45404 45271 39342 20958 23949 23718 70649 24097 62563
17934 33445 38027 45395 72938 27857 39849 45690 36368 52549 66692 32148 56184 222957 59054 25370
65118 44984 17142 49112 5239 62219 89321 36373 1890 32503 34081 37061 18721 44671 91751 9902
85505 43173 92433 69923 89724 49065 46469 78785 94953 41956 15868 64013 56240 31200 7732 95242
31234 49513 4312 23362 51148 14112 74736 69451 58694 79098 91360 61483 53475 41685 185169 31305
78595 62744 67072 74807 38011 77725 59781 50799 90256 69785 59440 76150 57325 72636 51168 20376
55577 69071 35046 16834 59220 80363 9621 190900 28395 64589 87244 68064 7805 26056 83982 22780
90245 44662 50857 42797 37992 57147 45437 26786 60516 35873 15877 34583 95332 38044 90279 42239
17376 28461 65062 89784 72792 33476 10361 22061 44933 45905 92383 54668 19686 56909 60370 224604
92691 36825 69548 13221 62515 235503 53344 55339 58819 25665 37130 85389 70802 37332 83697 23894
41661 36882 33018 57572 58984 169614 21965 55553 93778 29101 16650 35118 84638 30009 26964 61114
13663 48646 94284 84838 66369 24280 72567 87111 44405 45076 11860 67785 25017 74052 80973 85004
34654 3824 29401 18371 83391 68345 1169 16906 13814 42163 7037 29739 69525 240055 64498 85152
40323 59771 22060 74877 23948 41419 86928 67994 18081 9269 59115 169553 87190 78795 62249 10057
65583 23150 150106 30174 84457 90530 18482 53893 78877 34181 67190 81010 45224 16043 79044 57014
80487 29331 44094 94439 74082 42133 52819 4301 49501 14787 76067 31256 16493 68253 30102 31103
13811 69149 201143 26181 5172 35095 6120 33430 7585 24362 86808 47302 16417 51680 67265 45801
209218 65027 60893 41868 75496 37554 63307 72796 88282 32625 80445 93738 62272 3872 86321 58248
76714 68764 75324 79490 86662 47254 28957 67578 27409 82979 76410 44506 59640 89440 53780 54630
61732 92734 36190 221843 77864 83258 15834 62988 11473 49552 24085 33192 67670 21136 89838 68110
29047 31616 9804 69114 68775 73472 85643 55934 23446 81977 36234 5113 82782 61568 83992 48740
74636 48960 17939 12384 86289 50008 11548 36333 51529 94001 16844 71888 95024 26854 19988 46258
67536 75394 63209 11638 49580 48170 90546 27262 90568 12921 32683 11060 11011 74048 45728 40019
37693 43654 19641 39610 55135 94133 85116 40540 52638 78300 70948 85213 15309 79304 79118 66191
70320 56718 50844 39840 61059 64017 51212 57285 13392 21455 87572 64711 65654 23851 50591 24415
94442 82229 42968 35919 44986 35536 29480 48979 14481 72206 54159 15587 46783 33164 51904 242044
15066 18843 84283 78805 28472 41870 54675 12393 7420 50813 21367 22251 53177 85598 71572 82172
45538 52932 86443 62268 99448 96218 111198 95839 110471 50520 70825 63423 33584 68482 34224 45793
77290 19009 18998 45855 11987 40008 35900 45038 216706 1108 52761 85292 35288 26364 37297 42232
74781 47880 53924 91858 77369 67070 196718 41150 62740 75711 60947 164927 69808 87374 76538 70356
93490 48152 72012 12170 62003 54577 27605 43078 70136 36382 44205 37555 84720 95639 46868 27959
91216 61077 4925 26295 75190 74104 73965 55144 196100 37016 5807 14558 84791 21211 87598 47875
64333 7755 48714 69805 36591 23783 21863 7730 90879 32023 83719 206672 51765 74047 24962 70197
68527 95114 31933 14398 52300 59717 95361 50870 32452 29070 32451 43628 47707 32149 170153 40821
38648 23293 71866 38680 62323 75977 36276 15284 46451 70735 42305 47796 95013 76066 52589 77546
48085 64264 92640 28266 40272 81525 43893 30789 60631 26309 83938 48911 47812 38816 47885 12768
48860 65502 49972 25169 63681 81944 91831 23700 73507 80931 40921 27585 70637 73828 67543 33924
53985 55435 64166 154812 15371 22890 82206 32454 37582 45896 58437 70206 92284 94542 39275 20577
56059 43644 87710 60446 38595 66982 78719 40086 51227 23640 60609 20593 61703 88884 55048 54267
66230 34551 39916 83704 79597 12113 84921 31287 77677 49188 40915 77413 9747 70282 54250 82841
36536 61401 80867 24878 3416 27268 37163 39894 61580 22067 53639 28963 50346 17423 47865 20910
55197 73739 94521 10067 31783 71379 48606 92849 63286 72277 47925 61305 66853 74150 4413 27739
34717 40041 30646 49549 20030 82368 34077 13175 81798 59642 7729 52753 24444 20545 4827 5896
22644 5700 6864 19365 60901 24571 69740 62371 18801 43797 72179 65334 72094 63319 70137 44709
53719 33459 48793 13243 14635 28537 244467 38019 35212 85899 68978 68222 24735 36000 49705 27556
84878 19981 52666 47128 89460 238469 19283 91483 32611 63262 27588 33400 64326 39882 95667 23645
32676 47917 19190 34222 37164 11259 26139 74940 19023 81978 44523 46607 81109 244315 51308 50033
25190 65708 27967 33371 49733 50959 42803 52596 52483 24633 89854 34221 14269 25166 82643 67822
44338 34392 19585 207987 68301 54131 41384 60150 82111 36943 10915 60647 81146 50788 63202 66061
94074 90085 226771 65769 49284 26938 7149 69032 78554 55267 38920 50751 92589 45633 65543 13552
70271 41047 21964 64531 94140 54275 50004 17512 70414 4247 30620 73744 36827 64063 81634 50298
57815 37526 58044 79388 37453 35289 38372 40059 71615 55156 66449 6986 95462 74695 95619 66517
37713 78556 69157 56291 30677 27401 94513 22879 25678 54987 81786 91147 71565 69160 2296 72980
59646 7160 93799 88437 16987 40849 75643 19751 69876 34946 56002 50530 44639 82966 56483 81989
92075 60734 53409 89997 36125 216387 23382 22326 61762 91385 94838 38925 20942 18970 51326 27315
65393 36514 18208 39909 16217 57834 35159 11853 77663 243343 61809 28830 55334 51630 44548 66788
81477 35721 28544 95140 35184 17403 17138 159816 58669 34211 43979 51870 19983 34315 33516 80505
33915 33756 61153 47472 81481 6068 70953 57360 8062 50719 26867 72272 22821 31162 21971 89422
51013 21915 72682 34663 75600 88834 59852 40153 39067 60794 33905 83620 14080 67681 86827 86990
45828 59276 24077 81026 33660 75395 53415 41059 26602 73193 44118 58467 71107 25686 22710 18302
4317 77082 24631 9216 45077 12410 80187 32844 12060 62382 81137 55914 40122 81194 79789 26225
40359 20848 84592 59233 37398 49845 65013 80336 39416 28923 61441 65015 92296 51672 82615 12081
38937 28931 3347 90337 4720 69251 38797 65667 3692 50794 12576 174548 56009 80747 72595 94510
55953 43245 89368 45885 16438 13490 95601 47717 50679 29702 86448 18510 92235 55661 69354 41522
64547 12882 72921 33880 14297 43589 7665 6233 22501 94967 76852 9950 37334 83698 46990 32601
86711 42950 12139 59641 60610 25725 24398 19041 27559 70617 25317 3785 75396 17740 63702 65510
44211 68323 90419 69270 85458 93687 88824 19348 78514 21424 79375 63673 39826 193465 48424 79724
49170 37246 75499 72257 46756 73879 40557 49617 56764 196829 42732 76952 217331 88351 28623 87578
18478 195568 65067 18938 89234 25984 86780 44628 79405 50871 28571 221684 220582 185677 75881 68822
54384 175543 93339 25594 17381 70743 47171 45056 15121 41874 212582 28589 67279 35690 62200 18782
65995 36506 77268 15908 6164 49187 47022 27761 54600 33066 68037 84273 88905 14048 17649 22208
4422 63073 89657 18308 61758 49175 19731 56856 82802 56700 7380 13080 16741 49273 26457 31835
65806 70611 41632 1444 70123 29284 93426 58987 93520 23010 46577 31793 50584 45566 72526 62351
16825 75267 53665 85811 77851 52654 82363 45392 10786 58847 81021 85236 66547 88466 77635 38294
82311 63157 172044 81579 19367 51545 26908 86116 43454 38459 23201 11572 73923 77930 50525 88673
7418 15998 24970 12123 10763 68251 3666 59741 68954 65450 61841 39324 67064 20323 49608 84508
23965 64460 56074 72116 65021 64381 6491 91182 48667 88383 86037 59542 47907 45866 46262 25419
54752 37744 79610 89515 44041 81316 15542 49667 76940 36818 43680 22295 6604 26318 21149 59463
80939 65590 66349 5403 33061 89610 80838 26015 70401 235476 64926 27496 58213 87656 86570 44587
10865 38172 46883 70679 19821 55054 19852 65111 72785 85477 243935 15770 9923 48010 54403 68651
24065 57297 53733 68362 93497 30956 30632 69685 36571 37380 82842 37574 24290 47620 21663 33889
30769 47626 35121 62050 32369 45667 85056 84076 15918 13313 94332 77353 71309 80287 79143 47283
43929 50322 95372 12819 82870 84930 15467 16055 35621 22047 58261 63204 95386 20206 27251 69587
22418 38114 36901 79585 35737 57229 83167 77316 71943 90307 50657 80223 26769 94183 80334 90859
176133 36194 52299 181476 26608 55947 230331 58637 64144 48904 14132 75102 14446 41998 87419 30672
34719 94695 34499 6072 43402 43324 23036 52476 49307 69987 87132 22792 89266 13403 173976 6083
10927 23818 51590 4957 65571 89792 27807 91240 48831 91925 19967 53293 33302 34053 17080 44753
67016 81635 50348 64331 27573 43168 95071 38577 39938 88694 42983 50005 6147 52257 73503 47064
89359 72314 35709 182756 44920 72510 24293 90143 61170 45848 67200 52010 49248 60190 185038 60395
27304 83143 50589 53677 45930 60667 15893 63106 17413 4636 21485 79650 37969 29109 172113 31250
44616 85037 92544 60435 1651 67547 75558 91953 10902 34287 75880 54197 59382 53434 24117 91471
47980 60617 84265 18644 61709 73413 45577 47553 73573 62533 5796 53023 62494 4260 13564 69255
12766 46537 55489 28952 8966 57088 5120 73561 40208 77942 91672 14155 47676 8770 75426 17130
50925 46581 30010 169199 26446 66963 19370 64560 33395 41089 64959 51076 6272 61781 40797 88178
32534 25642 87019 54458 36631 46894 217289 37037 44652 21624 64421 34874 72208 65704 38443 2955
13410 25907 34491 48468 18502 66425 37879 90390 94968 15280 15701 24314 10276 93767 26473 54508
61826 38519 74112 28677 64160 2137 10266 63128 63559 32087 20116 18696 60268 24484 25875 213098
33617 31812 27523 47690 95203 13672 58249 42601 75182 59189 34203 30326 70814 28197 59082 24005
69540 33963 83019 75281 92939 54439 191305 12295 90760 27925 27753 61461 92438 36824 73204 30128
18842 59236 31417 91264 7986 41766 29645 38168 20740 86809 15976 53040 3517 69658 50935 35800
44559 62346 72315 4514 6086 81339 13622 15450 16837 29455 86665 56416 35512 81663 176308 194870
162600 33052 78358 230842 63249 88744 49406 31571 15498 22802 39640 46247 93406 54066 44029 85862
31386 44166 82173 28694 75625 57079 17502 63945 91488 25318 79690 16471 21310 20431 90815 49040
63057 24790 53782 49407 10053 81479 46655 12608 39278 26122 29629 91746 85891 15993 74520 67372
45628 49082 27259 20153 51453 84099 62868 27289 27887 85518 14694 71695 86906 15266 30983 40804
13242 17949 14254 29814 15938 15771 80353 40329 33034 62321 60977 67112 3164 93243 67275 19271
71595 69784 41477 42592 59487 38982 61261 6347 58271 70106 25266 71514 93409 9196 16554 53977
95665 82853 34021 82017 40577 65737 32731 77612 187525 78720 74321 5583 50900 62420 58173 45678
48673 47319 44061 53176 85050 91332 8147 65500 71110 86006 68903 4995 21769 12580 78406 34893
41311 90888 85915 64093 18434 65312 49570 47550 10969 37547 19526 6330 16084 76818 94154 57405
62553 39904 93640 91636 84935 35744 37352 19112 88458 85406 28860 46575 90527 74324 68259 37595
33111 74565 52738 58752 88551 43664 32580 32861 66348 72619 41815 71003 82622 16860 28210 83452
64813 22968 62262 21031 49713 33930 41376 87841 35947 30331 47172 43251 78179 4296 89257 89102
9505 70164 46424 60998 38352 36843 92414 82276 33932 54082 21508 69854 61713 41884 59226 35005
28485 87797 90326 15086 73029 28164 18745 10904 94681 13882 45530 84823 79840 83716 54220 71521
89881 60060 39985 88294 53730 36662 61936 74762 93743 94255 68418 91980 83977 95113 5718 1853
186893 20063 55403 83729 49107 72878 8208 38725 36970 52068 74027 33488 62836 48206 4768 60443
42332 53427 60712 93180 66214 34655 16938 32674 191771 31124 17537 34410 56591 89328 84323 90049
78599 223486 86117 26102 66908 27865 34433 57341 64867 67596 28200 87322 38886 23486 85288 89445
18667 60388 59048 59522 21456 48068 72421 25247 72751 19676 63561 36322 38926 68890 80842 39565
71655 48887 73009 172093 17632 39267 51906 70842 13036 72188 50718 68430 61791 50405 218210 74229
54116 61406 47764 62916 41415 67198 55415 32280 63450 72998 78770 12642 23811 7144 20647 19589
25931 61378 85156 85542 50842 66751 52796 84635 45648 71114 30118 12494 86764 52167 42096 39775
27083 19616 77538 63880 41890 80890 53193 26745 84443 78997 79254 86501 35581 19590 53114 68884
7616 7173 5249 44891 85660 34397 69585 67305 49925 56766 90438 23357 58622 29167 4737 80433
93230 22310 19615 26204 26528 88725 27307 27616 41237 19600 31526 87109 35728 45613 28127 189867
60437 60187 16567 22229 83198 20566 25863 5935 77848 89014 35270 81098 60792 76056 89629 77615
64686 86523 57262 43412 45941 79726 85603 15582 64696 32786 79666 68426 48136 7301 80189 86115
85054 59380 55883 80240 35975 90051 83639 95301 71875 66622 70546 65684 66563 49907 2385 208489
27427 85120 50707 82811 85363 48942 57690 88013 39724 93079 244928 92845 36654 83530 64285 84796
54181 30733 72150 57735 59672 69907 31080 52845 46238 28360 33928 47164 54205 39282 66696 87081
79584 48809 90128 44517 10316 178122 64756 20315 61558 75026 22179 65596 22177 83485 63038 80928
12273 171446 68218 18962 40103 83352 60565 71466 58223 73106 20009 89752 73016 69285 27962 38946
85392 83146 64794 19925 17144 48685 21725 89617 43827 32522 16573 65618 234570 2800 9535 4934
6754 11061 11014 55564 41853 47097 82135 95229 93222 244156 84839 78898 59009 58231 77885 47818
74958 13317 86418 84546 23651 41891 65763 91345 93830 24942 30648 33182 19266 32006 31211 72613
15975 46983 6726 18894 17656 59349 52217 15413 39866 50789 64507 12486 43735 48137 72776 73180
32712 71448 8257 68768 17438 29148 21974 22010 48042 19790 91173 30756 70381 27696 71921 62428
67095 4867 40833 46275 50873 30020 72814 7205 63367 33853 50042 93884 85126 71598 35650 50573
40082 55153 66054 21342 73425 53683 66196 65678 43959 54695 45920 43670 59337 62337 56611 48453
86376 55742 54430 48851 83155 19076 83114 43610 70247 91918 84554 93395 31248 42821 26223 14077
26415 85765 64886 89456 58162 19991 19849 23157 15758 90650 43738 25208 85529 42173 69429 80557
28525 80431 38493 3966 76752 14917 81037 75994 6300 22249 37230 4028 9614 36538 29129 6769
33795 43761 84889 56068 40828 80412 66660 37587 181605 187142 158313 214879 233420 176071 22365 99755
40367 19429 47161 45784 34722 66428 53412 40492 65121 74581 70643 70182 57761 61354 62290 50467
37769 68113 168975 152116 154990 158947 31709 150003 69368 150209 50724 18135 35313 61748 19279 29197
21357 5581 4822 74773 84494 51491 32998 52232 22850 47798 50971 19225 87817 91524 31440 31797
51009 13670 63967 62162 3306 9962 76656 54572 86463 7137 54437 91939 70629 34557 41212 63764
73743 27359 16034 243512 54791 55709 12214 80047 20946 12582 41435 53435 60194 17782 6910 48459
8584 32391 19115 25949 26954 26247 84395 54867 94553 92472 45503 79119 41787 53611 19842 77810
88375 72855 58387 49322 36200 81203 17390 36280 53060 66946 44813 92864 35788 49064 62096 1969
17054 38994 12303 22923 47719 62912 21344 72348 36456 60360 18568 89427 78478 46169 88247 62780
30371 28517 9821 15004 13350 15863 17766 26451 33839 26672 71068 23712 15071 73654 44295 30972
61338 73110 24629 63396 30177 22917 3774 12049 33709 79018 78437 79114 24643 86130 173122 465
92953 65814 64927 34852 79186 36557 22532 27631 34842 124 125 126 129 140 141 143
147 148 149 150 151 153 154 155 161 162 163 164 167 168 170 173
174 175 176 177 178 179 180 181 182 183 184 185 186 187 188 189
190 191 192 193 194 195 196 199 200 201 202 203 204 205 206 207
208 209 210 211 212 213 214 215 216 217 218 219 221 297 317 454
527 556 583 584 720 774 775 792 820 827 845 865 934 953 964 990
1031 1033 1069 1107 1127 1161 1168 1177 1185 1230 1233 1241 1270 1276 1329 1357
1392 1397 1398 1403 1424 1431 1450 1490 1491 1492 1504 1508 1517 1530 1585 1604
1621 1629 1636 1677 1717 1726 1729 1735 1738 1739 1747 1751 1758 1838 1839 1863
1872 1904 1907 1909 1912 1913 1920 1933 1955 1961 1963 1974 1978 1983 1995 2008
2016 2023 2026 2040 2041 2042 2066 2092 2097 2102 2111 2115 2118 2130 2142 2161
2165 2170 2175 2183 2207 2214 2221 2238 2239 2256 2268 2273 2281 2283 2289 2317
2326 2339 2340 2352 2371 2375 2386 2409 2415 2417 2419 2431 2449 2451 2457 2474
2539 2596 2611 2616 2628 2633 2635 2655 2656 2672 2684 2735 2761 2771 2778 2788
2808 2811 2819 2839 2853 2855 2866 2872 2901 2927 2934 2941 2970 3011 3020 3029
3068 3073 3093 3119 3120 3121 3139 3142 3149 3169 3188 3190 3206 3211 3220 3227
3236 3249 3261 3265 3279 3326 3332 3341 3353 3363 3386 3399 3406 3427 3441 3453
3454 3469 3475 3483 3484 3527 3530 3547 3548 3550 3551 3582 3590 3592 3607 3610
3640 3647 3652 3673 3685 3688 3698 3699 3705 3735 3748 3784 3786 3821 3823 3825
3846 3849 3873 3877 3880 3893 3894 3898 3912 3916 3918 3941 3948 3970 3973 4015
4027 4061 4085 4096 4103 4110 4113 4132 4135 4153 4163 4174 4186 4187 4195 4198
4200 4214 4215 4218 4227 4228 4231 4235 4239 4250 4251 4280 4287 4298 4305 4316
4326 4349 4365 4367 4388 4394 4403 4407 4408 4411 4446 4453 4458 4491 4498 4504
4509 4510 4527 4533 4539 4548 4558 4569 4572 4579 4586 4597 4604 4605 4624 4626
4628 4629 4630 4640 4641 4646 4648 4668 4669 4685 4704 4709 4728 4739 4740 4742
4760 4772 4806 4812 4815 4819 4825 4854 4865 4870 4875 4877 4882 4889 4894 4901
4903 4907 4908 4914 4915 4921 4926 4930 4931 4932 4940 4943 4949 4966 4969 4975
4984 4986 4991 5009 5014 5023 5030 5035 5050 5051 5063 5079 5080 5092 5094 5100
5153 5156 5178 5209 5233 5241 5250 5294 5301 5311 5321 5322 5329 5336 5345 5389
5393 5410 5412 5421 5422 5431 5465 5470 5496 5504 5513 5519 5520 5525 5528 5542
5554 5556 5558 5569 5573 5580 5591 5616 5624 5633 5635 5644 5654 5663 5665 5669
5688 5690 5695 5719 5729 5731 5744 5754 5756 5760 5771 5773 5800 5804 5806 5811
5814 5831 5835 5841 5845 5858 5859 5863 5867 5873 5874 5881 5884 5885 5890 5892
5897 5913 5929 5931 5942 5949 5960 5965 5974 5980 5993 6010 6012 6023 6026 6035
6050 6062 6073 6076 6089 6091 6100 6104 6118 6123 6128 6137 6140 6145 6155 6159
6172 6181 6200 6216 6219 6226 6229 6240 6247 6270 6271 6279 6285 6303 6307 6308
6315 6317 6366 6367 6370 6372 6373 6382 6385 6388 6389 6412 6413 6417 6422 6423
6432 6444 6458 6460 6465 6467 6478 6480 6482 6490 6496 6499 6500 6506 6514 6524
6567 6571 6580 6585 6586 6598 6606 6615 6619 6626 6654 6668 6671 6682 6685 6690
6709 6710 6723 6732 6733 6740 6748 6753 6755 6760 6782 6785 6786 6789 6793 6798
6800 6822 6825 6827 6828 6831 6837 6838 6839 6840 6856 6876 6877 6882 6883 6887
6888 6890 6893 6894 6896 6899 6904 6917 6919 6928 6938 6939 6955 6963 6981 6984
6987 6997 6998 7000 7013 7015 7046 7051 7053 7069 7084 7089 7100 7103 7105 7109
7118 7122 7133 7138 7140 7175 7180 7184 7197 7200 7203 7204 7212 7215 7216 7217
7219 7232 7235 7237 7254 7264 7266 7273 7275 7282 7288 7291 7292 7293 7311 7312
7313 7316 7323 7329 7340 7342 7347 7352 7356 7358 7362 7378 7382 7388 7399 7400
7405 7411 7412 7414 7425 7443 7446 7451 7452 7456 7471 7473 7475 7482 7488 7490
7492 7504 7507 7517 7518 7519 7536 7550 7558 7562 7568 7577 7591 7599 7600 7603
7623 7630 7631 7646 7668 7680 7688 7704 7740 7743 7754 7758 7768 7774 7801 7814
7816 7817 7826 7829 7837 7844 7845 7846 7858 7861 7866 7868 7876 7880 7882 7908
7921 7925 7927 7938 7939 7940 7951 7958 7959 7961 7965 7971 7973 7983 7989 7996
7997 8004 8011 8025 8031 8035 8041 8048 8050 8067 8072 8073 8083 8089 8093 8096
8109 8110 8118 8124 8126 8128 8131 8133 8149 8165 8170 8175 8183 8212 8237 8244
8256 8258 8264 8270 8277 8278 8283 8301 8309 8314 8321 8326 8331 8349 8353 8356
8360 8370 8374 8375 8382 8408 8414 8424 8429 8447 8456 8465 8467 8493 8503 8514
8518 8522 8528 8531 8537 8538 8542 8544 8546 8550 8567 8571 8572 8573 8575 8576
8579 8580 8587 8590 8596 8603 8607 8630 8631 8641 8651 8654 8664 8675 8676 8688
8690 8694 8696 8706 8709 8711 8715 8716 8718 8726 8730 8740 8741 8752 8763 8766
8773 8774 8775 8787 8791 8802 8810 8816 8819 8822 8824 8830 8832 8840 8841 8859
8861 8865 8867 8879 8880 8899 8909 8916 8935 8936 8939 8942 8943 8954 8960 8965
8975 8993 8994 8998 9001 9005 9024 9025 9049 9051 9056 9058 9059 9068 9072 9080
9081 9102 9105 9122 9126 9127 9130 9132 9136 9142 9143 9145 9148 9151 9165 9172
9177 9179 9182 9193 9198 9199 9208 9210 9224 9225 9234 9242 9243 9246 9256 9260
9267 9271 9275 9276 9288 9291 9294 9295 9299 9312 9314 9316 9320 9322 9323 9329
9330 9332 9342 9346 9349 9359 9360 9382 9388 9394 9396 9413 9429 9436 9438 9443
9448 9458 9470 9484 9489 9491 9507 9528 9530 9545 9547 9549 9552 9555 9567 9568
9570 9578 9582 9587 9595 9606 9616 9622 9629 9631 9636 9644 9647 9650 9651 9654
9661 9678 9683 9693 9700 9701 9702 9706 9717 9719 9723 9725 9729 9735 9741 9745
9748 9751 9755 9759 9762 9763 9765 9792 9793 9794 9796 9800 9805 9822 9829 9841
9844 9864 9866 9873 9876 9881 9887 9891 9898 9899 9901 9905 9913 9917 9918 9921
9924 9925 9929 9930 9935 9941 9942 9943 9955 9957 9965 9968 9972 9980 9983 9993
9995 9999 10007 10008 10019 10023 10025 10026 10043 10048 10051 10058 10059 10063 10064 10066
10068 10070 10075 10080 10081 10091 10093 10097 10099 10100 10101 10109 10111 10117 10119 10127
10129 10133 10136 10143 10145 10148 10150 10154 10157 10161 10171 10176 10180 10181 10186 10200
10214 10215 10216 10221 10224 10225 10227 10228 10245 10251 10285 10294 10295 10319 10328 10334
10353 10354 10359 10360 10363 10364 10367 10370 10375 10387 10389 10395 10396 10397 10402 10409
10411 10421 10422 10423 10438 10443 10444 10448 10477 10496 10508 10510 10531 10532 10546 10554
10555 10556 10566 10567 10571 10572 10575 10581 10586 10595 10608 10609 10622 10626 10628 10637
10638 10645 10651 10656 10667 10671 10676 10683 10687 10688 10703 10704 10707 10718 10726 10745
10748 10750 10762 10767 10769 10780 10783 10792 10797 10801 10802 10803 10815 10819 10821 10823
10827 10848 10850 10855 10871 10873 10878 10879 10891 10905 10909 10935 10942 10943 10946 10948
10950 10952 10954 10955 10974 10982 10983 10985 10987 10990 10991 10992 10995 10996 10997 10998
11001 11003 11005 11019 11027 11029 11030 11032 11037 11042 11050 11052 11056 11063 11066 11067
11070 11075 11082 11083 11094 11103 11104 11110 11138 11139 11170 11175 11179 11186 11187 11199
11200 11204 11207 11211 11213 11214 11224 11226 11231 11237 11238 11239 11245 11251 11260 11265
11270 11275 11276 11280 11281 11283 11289 11303 11309 11314 11317 11323 11327 11328 11335 11350
11357 11364 11374 11375 11377 11379 11380 11392 11402 11403 11404 11410 11412 11417 11418 11424
11427 11443 11445 11446 11449 11457 11462 11463 11470 11476 11478 11479 11485 11487 11489 11503
11512 11515 11520 11522 11526 11530 11536 11556 11558 11562 11569 11575 11577 11582 11584 11586
11589 11593 11598 11601 11608 11623 11624 11631 11632 11635 11636 11647 11649 11678 11681 11682
11695 11700 11711 11713 11714 11718 11724 11731 11732 11734 11738 11739 11742 11748 11749 11755
11757 11761 11769 11775 11780 11785 11793 11796 11806 11812 11826 11830 11841 11843 11849 11850
11854 11859 11866 11867 11868 11877 11887 11891 11892 11904 11907 11915 11917 11922 11924 11926
11929 11934 11935 11936 11940 11941 11943 11945 11951 11953 11967 11970 11973 11979 11981 11989
11997 12009 12012 12014 12016 12020 12027 12028 12035 12036 12038 12046 12047 12057 12063 12072
12074 12075 12087 12094 12107 12108 12111 12114 12115 12122 12127 12128 12129 12166 12173 12175
12181 12185 12186 12188 12209 12212 12213 12223 12231 12232 12239 12242 12245 12251 12252 12256
12257 12267 12274 12276 12280 12289 12290 12298 12299 12302 12318 12319 12324 12328 12329 12330
12332 12337 12341 12344 12349 12353 12357 12359 12362 12367 12371 12372 12374 12380 12382 12385
12402 12403 12409 12411 12413 12416 12424 12425 12428 12434 12438 12440 12445 12446 12453 12455
12466 12467 12469 12474 12479 12487 12499 12504 12508 12512 12522 12532 12533 12544 12554 12560
12562 12565 12574 12575 12589 12592 12596 12598 12599 12600 12602 12605 12620 12628 12632 12637
12645 12646 12657 12658 12660 12666 12667 12670 12677 12684 12685 12686 12687 12691 12703 12710
12716 12728 12729 12730 12734 12742 12746 12762 12764 12776 12777 12783 12809 12810 12812 12814
12818 12820 12821 12831 12835 12839 12842 12860 12862 12869 12873 12879 12885 12886 12890 12894
12902 12903 12905 12907 12916 12925 12926 12940 12950 12956 12966 12970 12972 12978 12979 12989
12990 12992 13006 13008 13010 13014 13020 13025 13028 13032 13037 13052 13056 13058 13070 13074
13078 13088 13110 13111 13113 13115 13119 13124 13129 13130 13133 13134 13137 13146 13147 13149
13152 13160 13169 13174 13182 13189 13191 13195 13198 13203 13206 13210 13214 13225 13231 13233
13241 13247 13257 13261 13270 13275 13277 13287 13288 13289 13291 13292 13294 13296 13297 13298
13300 13302 13304 13314 13321 13327 13339 13342 13344 13349 13356 13357 13360 13361 13374 13377
13381 13386 13401 13405 13417 13420 13421 13423 13429 13431 13436 13446 13461 13463 13466 13467
13472 13476 13488 13489 13499 13510 13515 13516 13517 13524 13526 13531 13532 13536 13546 13549
13551 13566 13574 13577 13582 13583 13589 13601 13603 13606 13610 13619 13623 13629 13630 13637
13639 13644 13650 13656 13659 13664 13678 13682 13686 13687 13691 13692 13700 13703 13705 13712
13719 13720 13737 13739 13740 13751 13754 13768 13770 13774 13776 13782 13785 13788 13790 13796
13803 13807 13815 13820 13821 13824 13825 13828 13829 13833 13836 13839 13843 13845 13848 13850
13859 13869 13871 13872 13877 13883 13886 13889 13894 13896 13903 13913 13916 13918 13919 13922
13930 13931 13937 13938 13939 13941 13949 13952 13953 13956 13978 13986 13994 13997 14001 14002
14004 14006 14013 14015 14017 14027 14028 14033 14043 14044 14049 14052 14054 14055 14057 14062
14068 14076 14088 14096 14099 14100 14101 14104 14108 14117 14123 14124 14126 14139 14140 14146
14148 14150 14158 14187 14197 14216 14219 14222 14225 14232 14236 14243 14253 14256 14266 14275
14277 14278 14295 14298 14301 14302 14303 14305 14309 14310 14313 14316 14317 14319 14321 14323
14324 14329 14331 14339 14349 14350 14353 14355 14357 14364 14366 14368 14370 14379 14383 14391
14401 14412 14414 14415 14417 14424 14425 14427 14433 14438 14439 14440 14451 14462 14474 14483
14487 14489 14491 14492 14494 14502 14507 14508 14509 14510 14511 14521 14524 14530 14532 14538
14539 14544 14550 14564 14566 14568 14574 14579 14582 14584 14592 14604 14605 14613 14614 14618
14624 14630 14632 14633 14636 14638 14640 14644 14651 14655 14659 14662 14666 14669 14671 14675
14678 14684 14686 14690 14699 14716 14719 14721 14723 14724 14729 14740 14743 14754 14757 14766
14769 14771 14776 14779 14784 14797 14798 14805 14806 14814 14837 14839 14842 14843 14847 14854
14860 14869 14875 14876 14878 14879 14895 14896 14899 14900 14902 14903 14904 14906 14915 14918
14919 14924 14925 14929 14941 14948 14954 14956 14961 14962 14966 14968 14970 14974 14985 14990
14994 14998 15008 15012 15017 15021 15022 15026 15032 15033 15034 15037 15051 15053 15054 15061
15067 15068 15073 15079 15082 15084 15091 15100 15101 15102 15104 15109 15111 15118 15126 15138
15140 15143 15145 15148 15151 15154 15157 15159 15160 15163 15168 15179 15182 15185 15187 15188
15189 15195 15208 15216 15219 15223 15224 15225 15231 15241 15242 15246 15247 15249 15253 15255
15256 15258 15259 15276 15281 15283 15287 15290 15302 15307 15317 15320 15326 15334 15343 15344
15351 15355 15356 15357 15358 15362 15366 15368 15369 15372 15379 15385 15389 15392 15398 15404
15409 15419 15423 15428 15434 15442 15447 15454 15456 15457 15459 15460 15461 15469 15475 15478
15479 15481 15483 15490 15502 15508 15509 15517 15520 15524 15534 15536 15538 15539 15543 15549
15556 15557 15562 15568 15570 15571 15576 15583 15590 15601 15602 15613 15616 15621 15629 15630
15638 15639 15642 15643 15651 15652 15655 15657 15658 15668 15671 15682 15684 15685 15691 15709
15712 15716 15726 15729 15730 15744 15753 15755 15757 15760 15763 15764 15778 15779 15791 15799
15800 15801 15805 15807 15810 15819 15820 15821 15826 15829 15830 15841 15847 15850 15852 15857
15858 15870 15871 15876 15890 15901 15912 15913 15914 15916 15927 15928 15931 15935 15937 15940
15942 15950 15951 15954 15958 15980 15986 15995 16003 16006 16008 16013 16023 16024 16044 16046
16048 16054 16071 16072 16073 16074 16081 16090 16116 16119 16121 16123 16125 16132 16135 16151
16161 16174 16176 16179 16180 16181 16186 16189 16193 16194 16199 16203 16206 16207 16210 16212
16214 16216 16220 16223 16226 16227 16244 16246 16255 16256 16257 16258 16259 16260 16264 16265
16266 16269 16270 16271 16273 16281 16285 16286 16287 16288 16292 16301 16302 16303 16304 16310
16312 16313 16316 16318 16320 16322 16325 16330 16333 16334 16339 16342 16344 16358 16361 16362
16363 16370 16372 16373 16374 16380 16381 16390 16391 16396 16404 16408 16414 16425 16426 16428
16437 16445 16446 16449 16452 16458 16459 16460 16462 16464 16467 16470 16474 16479 16481 16483
16485 16486 16487 16495 16497 16498 16507 16512 16514 16527 16533 16535 16537 16544 16552 16553
16555 16557 16564 16565 16571 16578 16581 16584 16585 16588 16596 16597 16601 16608 16611 16616
16633 16638 16645 16646 16647 16649 16651 16652 16660 16662 16664 16667 16671 16678 16680 16685
16692 16700 16702 16704 16707 16715 16718 16721 16726 16729 16730 16736 16745 16749 16750 16755
16774 16780 16783 16787 16790 16791 16795 16797 16801 16805 16806 16811 16824 16830 16831 16835
16840 16841 16843 16848 16851 16854 16861 16862 16865 16869 16872 16877 16882 16885 16886 16889
16891 16895 16896 16903 16907 16914 16918 16919 16924 16925 16926 16927 16930 16931 16933 16948
16951 16957 16959 16962 16969 16972 16977 16978 16990 16991 16992 16994 16997 17001 17004 17007
17012 17013 17014 17015 17021 17025 17026 17029 17033 17035 17036 17037 17042 17048 17050 17053
17056 17057 17059 17064 17073 17074 17095 17103 17104 17105 17115 17116 17119 17123 17124 17127
17135 17137 17139 17141 17147 17148 17153 17159 17160 17170 17178 17179 17182 17183 17194 17195
17197 17202 17211 17213 17215 17217 17222 17224 17226 17229 17231 17237 17242 17246 17250 17255
17256 17258 17259 17262 17266 17273 17275 17276 17282 17286 17288 17301 17303 17306 17308 17317
17322 17327 17329 17332 17335 17337 17339 17341 17343 17344 17348 17351 17361 17362 17370 17372
17379 17382 17392 17400 17408 17409 17411 17412 17417 17418 17419 17421 17428 17442 17446 17449
17451 17452 17455 17460 17468 17475 17478 17486 17487 17493 17499 17505 17516 17518 17520 17522
17524 17536 17552 17559 17567 17569 17570 17581 17595 17611 17613 17618 17619 17626 17630 17634
17644 17647 17660 17662 17665 17681 17684 17687 17688 17692 17694 17700 17702 17705 17706 17707
17709 17712 17713 17715 17716 17718 17719 17725 17728 17729 17731 17737 17741 17744 17746 17747
17753 17757 17767 17771 17772 17777 17780 17783 17798 17801 17802 17808 17813 17816 17817 17819
17823 17837 17838 17841 17842 17846 17847 17850 17851 17858 17862 17871 17874 17875 17876 17879
17889 17890 17893 17894 17895 17897 17900 17903 17909 17910 17912 17916 17920 17924 17928 17929
17937 17941 17944 17945 17946 17947 17956 17966 17976 17979 17980 17984 17988 17989 17990 17992
17993 17995 17999 18012 18015 18019 18026 18033 18045 18050 18051 18059 18062 18063 18067 18079
18096 18102 18104 18111 18121 18122 18123 18127 18129 18138 18151 18152 18153 18159 18161 18181
18190 18192 18198 18199 18210 18219 18224 18226 18228 18242 18245 18246 18256 18257 18262 18272
18273 18275 18277 18281 18283 18286 18292 18293 18294 18298 18300 18312 18314 18317 18319 18321
18325 18330 18332 18338 18340 18341 18342 18343 18345 18350 18355 18359 18360 18361 18362 18363
18366 18367 18372 18373 18380 18386 18399 18406 18416 18419 18429 18437 18438 18441 18442 18446
18449 18454 18455 18472 18474 18475 18481 18487 18491 18495 18497 18501 18505 18512 18514 18515
18523 18528 18529 18531 18532 18552 18558 18560 18566 18572 18577 18579 18580 18582 18584 18589
18596 18598 18602 18604 18611 18613 18619 18620 18621 18625 18628 18629 18634 18635 18640 18649
18651 18663 18669 18672 18686 18688 18697 18699 18701 18703 18711 18719 18720 18727 18728 18731
18732 18736 18741 18742 18744 18747 18753 18759 18768 18780 18784 18787 18789 18793 18799 18803
18806 18807 18812 18815 18822 18823 18825 18829 18832 18838 18841 18846 18847 18848 18849 18852
18855 18858 18860 18875 18882 18883 18885 18891 18893 18901 18903 18906 18914 18917 18918 18923
18925 18928 18929 18930 18940 18947 18951 18956 18963 18965 18968 18969 18976 18977 18984 18994
18996 18999 19004 19005 19006 19010 19016 19017 19021 19029 19031 19045 19050 19063 19064 19067
19071 19075 19078 19082 19091 19093 19109 19117 19118 19125 19127 19131 19134 19137 19143 19155
19160 19161 19162 19164 19165 19170 19171 19173 19180 19191 19198 19199 19202 19203 19205 19211
19216 19219 19224 19230 19238 19240 19243 19244 19247 19250 19256 19257 19259 19272 19273 19277
19284 19286 19289 19291 19295 19297 19299 19300 19302 19311 19316 19319 19325 19326 19327 19328
19336 19341 19343 19346 19357 19358 19369 19371 19372 19374 19376 19377 19378 19380 19384 19385
19388 19393 19394 19400 19405 19414 19415 19416 19418 19419 19422 19430 19431 19433 19436 19437
19439 19440 19443 19444 19445 19450 19453 19456 19460 19462 19465 19467 19469 19472 19475 19476
19477 19479 19485 19491 19496 19497 19502 19508 19512 19513 19514 19519 19520 19523 19527 19532
19540 19544 19545 19546 19550 19554 19555 19557 19563 19564 19571 19575 19578 19582 19587 19596
19602 19607 19608 19614 19618 19619 19621 19624 19626 19627 19634 19637 19640 19642 19645 19647
19648 19656 19657 19658 19663 19665 19666 19679 19683 19701 19702 19706 19707 19709 19714 19721
19728 19732 19734 19736 19737 19738 19746 19756 19758 19759 19761 19762 19770 19774 19778 19779
19780 19791 19799 19801 19804 19805 19811 19817 19819 19828 19830 19832 19836 19838 19840 19844
19853 19854 19858 19860 19862 19864 19870 19876 19877 19880 19885 19894 19897 19901 19904 19906
19907 19909 19910 19917 19924 19928 19931 19932 19935 19937 19938 19940 19943 19944 19945 19946
19948 19955 19966 19968 19970 19971 19972 19975 19979 19985 19986 19993 19999 20008 20015 20020
20024 20026 20027 20033 20035 20037 20039 20041 20044 20047 20054 20055 20061 20080 20081 20082
20083 20084 20085 20088 20093 20095 20096 20107 20108 20109 20115 20118 20119 20126 20127 20133
20136 20137 20141 20142 20145 20150 20154 20157 20163 20164 20176 20177 20187 20197 20198 20200
20202 20203 20210 20217 20222 20223 20227 20234 20237 20241 20242 20246 20247 20248 20249 20251
20252 20258 20259 20261 20265 20268 20272 20283 20289 20294 20295 20297 20298 20299 20300 20301
20303 20304 20305 20313 20314 20320 20322 20324 20326 20330 20339 20345 20349 20350 20353 20354
20356 20358 20360 20369 20371 20372 20373 20381 20386 20393 20396 20399 20400 20401 20402 20405
20408 20410 20418 20426 20429 20430 20435 20436 20440 20445 20448 20451 20458 20462 20464 20471
20474 20478 20486 20492 20493 20504 20506 20517 20520 20521 20525 20526 20528 20530 20532 20533
20534 20535 20540 20544 20546 20552 20553 20556 20558 20562 20570 20574 20578 20580 20582 20584
20591 20595 20601 20603 20605 20626 20628 20638 20640 20642 20643 20646 20654 20656 20669 20673
20676 20681 20686 20687 20689 20690 20691 20697 20698 20700 20702 20704 20707 20709 20718 20719
20721 20727 20734 20741 20745 20746 20760 20761 20785 20786 20787 20793 20799 20802 20806 20807
20811 20812 20820 20823 20824 20835 20839 20840 20841 20842 20845 20859 20860 20862 20867 20870
20873 20879 20881 20883 20885 20888 20890 20896 20898 20900 20902 20907 20909 20912 20914 20916
20917 20919 20925 20927 20931 20936 20938 20944 20949 20954 20962 20963 20964 20966 20977 20982
20985 20988 20989 20995 20997 20998 21002 21007 21010 21011 21012 21014 21018 21020 21023 21028
21032 21039 21043 21045 21052 21053 21056 21058 21060 21063 21064 21065 21069 21071 21073 21075
21082 21086 21088 21089 21093 21097 21098 21120 21140 21150 21161 21162 21166 21167 21168 21174
21175 21178 21191 21195 21196 21198 21199 21203 21205 21210 21212 21225 21230 21233 21242 21247
21263 21266 21269 21275 21276 21277 21280 21283 21285 21287 21290 21294 21296 21302 21303 21305
21308 21313 21315 21319 21321 21326 21328 21331 21336 21338 21340 21347 21348 21351 21361 21363
21364 21372 21375 21376 21379 21383 21385 21386 21390 21393 21396 21399 21401 21404 21408 21411
21416 21417 21418 21430 21437 21438 21441 21445 21447 21448 21457 21462 21465 21467 21468 21469
21476 21480 21491 21494 21499 21501 21509 21514 21518 21519 21521 21522 21523 21524 21525 21526
21529 21533 21540 21543 21544 21545 21548 21552 21554 21559 21562 21565 21567 21570 21581 21584
21591 21595 21598 21601 21609 21615 21625 21626 21636 21638 21642 21644 21651 21659 21667 21669
21673 21675 21676 21677 21679 21686 21687 21688 21689 21694 21699 21702 21706 21707 21709 21713
21715 21718 21720 21723 21724 21728 21729 21732 21743 21745 21749 21752 21757 21763 21765 21770
21771 21781 21783 21784 21787 21788 21791 21794 21795 21796 21797 21799 21802 21807 21829 21830
21834 21836 21837 21839 21841 21843 21847 21855 21856 21860 21862 21865 21866 21868 21871 21872
21874 21882 21885 21887 21889 21890 21897 21899 21906 21913 21918 21919 21920 21921 21923 21924
21925 21932 21937 21940 21942 21944 21947 21958 21961 21967 21969 21975 21978 21980 21981 21984
21996 22004 22008 22011 22012 22017 22018 22020 22029 22036 22051 22055 22056 22058 22059 22065
22068 22069 22074 22075 22083 22092 22095 22097 22101 22102 22106 22110 22111 22118 22119 22122
22123 22126 22129 22138 22140 22141 22144 22146 22148 22154 22155 22159 22160 22161 22163 22173
22180 22185 22189 22192 22198 22199 22201 22202 22203 22204 22211 22215 22216 22220 22224 22227
22228 22239 22252 22256 22260 22261 22264 22269 22271 22278 22280 22288 22297 22298 22303 22309
22311 22312 22314 22322 22323 22325 22331 22332 22340 22341 22345 22346 22352 22361 22363 22364
22366 22376 22388 22389 22393 22398 22400 22401 22403 22404 22406 22410 22414 22420 22422 22427
22429 22438 22444 22448 22450 22454 22455 22457 22462 22473 22479 22483 22489 22490 22493 22500
22503 22504 22508 22511 22520 22521 22523 22535 22539 22540 22543 22548 22552 22560 22566 22568
22571 22574 22577 22586 22597 22599 22601 22603 22607 22611 22612 22614 22615 22616 22617 22619
22620 22622 22638 22640 22642 22648 22650 22652 22653 22658 22665 22667 22669 22680 22681 22683
22688 22689 22691 22692 22694 22695 22697 22701 22704 22708 22712 22719 22720 22722 22723 22726
22727 22729 22733 22734 22745 22747 22751 22752 22758 22764 22768 22769 22774 22781 22783 22785
22789 22794 22795 22797 22798 22801 22803 22808 22810 22812 22813 22818 22820 22829 22831 22836
22837 22844 22849 22851 22852 22853 22859 22862 22874 22878 22883 22884 22886 22894 22895 22896
22899 22909 22913 22916 22919 22920 22925 22926 22930 22932 22935 22938 22943 22949 22950 22951
22954 22955 22959 22961 22964 22971 22972 22975 22976 22978 22988 22989 23002 23006 23013 23015
23019 23020 23031 23033 23039 23042 23047 23048 23051 23052 23053 23054 23055 23056 23060 23062
23063 23068 23069 23071 23072 23076 23078 23079 23089 23090 23091 23096 23097 23100 23101 23105
23108 23111 23112 23114 23115 23118 23124 23125 23126 23127 23131 23132 23137 23138 23139 23141
23147 23148 23149 23151 23160 23162 23166 23171 23178 23179 23188 23192 23196 23202 23207 23216
23217 23224 23228 23231 23234 23236 23242 23243 23247 23250 23253 23264 23265 23266 23280 23289
23303 23305 23306 23309 23313 23319 23321 23328 23332 23333 23334 23335 23337 23338 23340 23345
23347 23349 23350 23355 23359 23363 23364 23365 23366 23367 23370 23375 23376 23385 23387 23388
23390 23391 23392 23393 23395 23401 23404 23406 23412 23416 23420 23421 23427 23430 23433 23434
23436 23441 23445 23453 23458 23460 23461 23462 23463 23467 23473 23480 23488 23490 23491 23496
23499 23500 23503 23504 23514 23516 23518 23519 23520 23524 23527 23528 23529 23532 23537 23539
23541 23545 23549 23552 23555 23558 23565 23567 23569 23574 23575 23577 23583 23588 23591 23593
23594 23599 23602 23603 23609 23610 23612 23617 23618 23621 23623 23625 23627 23628 23633 23635
23642 23643 23646 23650 23654 23656 23659 23660 23666 23667 23671 23680 23682 23687 23691 23694
23696 23701 23705 23707 23710 23711 23714 23725 23727 23731 23732 23734 23738 23745 23758 23760
23761 23765 23766 23771 23780 23781 23782 23788 23789 23790 23797 23798 23802 23803 23807 23808
23813 23817 23821 23824 23827 23832 23839 23840 23844 23854 23861 23863 23865 23867 23869 23875
23878 23880 23881 23882 23885 23887 23888 23889 23892 23896 23899 23902 23904 23905 23906 23911
23916 23921 23923 23924 23931 23932 23933 23939 23942 23943 23947 23955 23961 23962 23968 23969
23970 23972 23974 23976 23979 23982 23983 23984 23988 23990 23992 23993 23998 23999 24000 24003
24008 24017 24018 24020 24031 24032 24035 24042 24043 24044 24045 24055 24058 24061 24063 24067
24069 24071 24074 24087 24099 24100 24104 24106 24107 24108 24114 24120 24128 24130 24131 24132
24134 24135 24139 24143 24144 24153 24155 24159 24162 24166 24169 24172 24174 24177 24182 24185
24187 24189 24190 24196 24208 24211 24212 24213 24215 24225 24227 24232 24243 24246 24248 24250
24252 24255 24256 24257 24258 24259 24260 24264 24265 24269 24273 24274 24283 24286 24287 24292
24299 24306 24310 24320 24325 24327 24338 24341 24345 24348 24352 24359 24361 24371 24377 24378
24384 24392 24394 24399 24400 24405 24406 24417 24421 24422 24428 24430 24431 24432 24433 24440
24441 24442 24445 24451 24452 24454 24456 24457 24465 24466 24467 24473 24474 24476 24478 24483
24487 24488 24492 24494 24498 24500 24503 24506 24511 24516 24519 24522 24525 24532 24539 24540
24541 24549 24552 24553 24558 24563 24565 24567 24570 24584 24585 24588 24592 24594 24595 24599
24607 24610 24611 24614 24617 24618 24619 24620 24623 24626 24630 24641 24645 24648 24650 24653
24656 24659 24663 24667 24673 24680 24682 24683 24684 24686 24688 24692 24697 24701 24703 24705
24706 24707 24709 24711 24712 24718 24730 24741 24743 24748 24753 24754 24760 24761 24767 24768
24769 24774 24786 24787 24789 24796 24798 24800 24803 24805 24814 24817 24818 24819 24823 24824
24827 24835 24838 24845 24849 24856 24857 24858 24859 24861 24870 24872 24877 24880 24884 24885
24888 24889 24892 24895 24896 24898 24901 24902 24906 24908 24909 24910 24911 24913 24914 24916
24920 24926 24929 24931 24933 24943 24945 24957 24961 24967 24971 24975 24976 24981 24984 24985
24989 24994 24996 24997 25001 25006 25009 25011 25013 25019 25021 25022 25024 25026 25031 25032
25033 25038 25039 25040 25046 25048 25049 25051 25059 25061 25069 25071 25081 25084 25085 25088
25090 25094 25099 25102 25107 25109 25110 25112 25120 25121 25122 25124 25129 25135 25136 25138
25139 25140 25142 25145 25150 25151 25154 25159 25163 25176 25177 25179 25180 25184 25185 25186
25188 25189 25191 25196 25199 25200 25202 25203 25207 25222 25226 25228 25234 25235 25236 25238
25239 25240 25242 25249 25253 25254 25260 25263 25268 25269 25271 25272 25273 25275 25288 25290
25295 25298 25302 25305 25308 25316 25321 25324 25327 25332 25335 25336 25337 25345 25346 25355
25356 25359 25360 25361 25367 25369 25373 25377 25380 25381 25382 25384 25387 25390 25394 25401
25403 25404 25405 25406 25409 25413 25414 25415 25418 25420 25421 25422 25431 25433 25441 25443
25444 25445 25448 25452 25454 25458 25461 25463 25473 25475 25476 25480 25484 25485 25486 25487
25488 25491 25494 25495 25496 25497 25498 25505 25511 25512 25515 25520 25528 25529 25533 25538
25540 25541 25550 25551 25554 25560 25578 25579 25587 25589 25595 25596 25601 25603 25604 25606
25608 25610 25612 25613 25614 25615 25623 25625 25630 25633 25634 25636 25638 25639 25641 25647
25648 25649 25650 25651 25653 25655 25667 25669 25671 25673 25684 25687 25691 25694 25695 25696
25698 25706 25713 25727 25732 25734 25740 25741 25743 25745 25747 25752 25754 25755 25759 25764
25765 25767 25775 25777 25778 25782 25783 25784 25789 25796 25799 25800 25801 25802 25805 25808
25809 25810 25813 25815 25829 25834 25837 25840 25841 25843 25845 25846 25847 25853 25855 25859
25861 25862 25867 25870 25871 25879 25886 25892 25894 25897 25904 25906 25913 25915 25921 25922
25925 25926 25928 25934 25935 25937 25940 25942 25947 25952 25953 25956 25960 25963 25964 25965
25967 25973 25978 25980 25982 25983 25985 25987 25990 25992 25995 25999 26004 26011 26016 26017
26020 26022 26024 26028 26036 26038 26044 26046 26049 26051 26057 26058 26059 26064 26066 26071
26073 26076 26082 26083 26085 26086 26088 26090 26100 26105 26106 26108 26113 26114 26116 26117
26118 26120 26121 26125 26130 26133 26134 26136 26142 26145 26149 26150 26152 26154 26158 26159
26160 26165 26169 26171 26175 26176 26184 26185 26186 26187 26188 26198 26199 26210 26212 26213
26220 26221 26227 26229 26232 26233 26235 26238 26240 26244 26245 26249 26251 26255 26256 26262
26269 26270 26272 26274 26276 26277 26282 26283 26285 26286 26292 26296 26300 26301 26303 26304
26311 26313 26315 26319 26326 26329 26332 26333 26337 26339 26347 26348 26351 26356 26359 26360
26362 26367 26368 26369 26371 26374 26376 26377 26378 26390 26393 26394 26399 26402 26403 26411
26412 26413 26414 26416 26417 26420 26426 26429 26431 26435 26445 26449 26450 26452 26456 26459
26460 26461 26465 26467 26470 26474 26476 26478 26480 26481 26485 26489 26493 26494 26495 26497
26499 26500 26504 26505 26509 26511 26518 26522 26523 26529 26530 26538 26546 26552 26553 26559
26560 26562 26563 26567 26568 26573 26575 26580 26581 26586 26589 26590 26592 26594 26598 26603
26604 26605 26610 26623 26625 26626 26627 26628 26630 26631 26632 26633 26636 26637 26638 26639
26658 26660 26662 26665 26666 26668 26673 26674 26675 26677 26680 26682 26689 26692 26693 26695
26700 26703 26712 26719 26720 26725 26726 26727 26728 26732 26736 26741 26742 26743 26744 26749
26751 26752 26753 26757 26761 26765 26771 26772 26776 26780 26781 26794 26795 26796 26797 26798
26800 26801 26803 26810 26813 26815 26822 26826 26827 26829 26830 26833 26835 26836 26840 26844
26847 26848 26851 26852 26853 26855 26856 26861 26866 26868 26870 26871 26873 26874 26877 26881
26883 26885 26888 26890 26892 26905 26906 26913 26915 26916 26919 26920 26922 26935 26936 26943
26945 26947 26948 26951 26958 26959 26960 26962 26966 26968 26970 26972 26975 26976 26978 26979
26981 26983 26985 26987 26991 26995 27001 27004 27013 27014 27015 27019 27026 27029 27033 27037
27039 27040 27042 27046 27052 27057 27058 27061 27066 27069 27071 27074 27075 27077 27081 27090
27093 27094 27096 27098 27101 27103 27108 27110 27111 27112 27115 27125 27126 27131 27137 27138
27144 27145 27147 27148 27149 27152 27154 27156 27157 27159 27165 27170 27173 27174 27175 27176
27177 27178 27180 27182 27184 27185 27186 27192 27197 27199 27202 27208 27213 27215 27220 27229
27231 27234 27236 27239 27241 27244 27246 27249 27250 27252 27258 27260 27261 27267 27269 27272
27274 27275 27278 27287 27288 27295 27297 27299 27310 27311 27316 27319 27320 27326 27330 27331
27333 27334 27336 27339 27340 27341 27342 27343 27347 27348 27349 27353 27361 27363 27364 27369
27375 27377 27378 27382 27383 27386 27387 27397 27399 27400 27407 27408 27414 27420 27422 27428
27429 27430 27431 27432 27434 27435 27440 27441 27444 27448 27455 27456 27457 27465 27468 27473
27474 27475 27476 27479 27485 27490 27492 27493 27495 27497 27499 27501 27503 27505 27506 27508
27511 27513 27514 27516 27518 27524 27527 27538 27541 27542 27543 27547 27552 27554 27557 27561
27564 27566 27567 27569 27575 27576 27579 27580 27589 27592 27594 27598 27603 27606 27611 27615
27617 27621 27622 27627 27637 27638 27640 27644 27645 27654 27658 27660 27663 27665 27672 27677
27678 27681 27684 27688 27689 27691 27693 27694 27695 27708 27711 27715 27717 27720 27729 27733
27752 27759 27762 27763 27766 27773 27774 27776 27777 27783 27785 27790 27792 27798 27801 27802
